ident,palavra,video_file,image_file,hand_file,status,message
7315,CALMA1,calma1Sm_Prog001.mp4,calma1Sm_Prog001.jpg,cg64.jpg,ERRO,video_download_falhou
4829,ABATIDO,abatidoSm_Prog001.mp4,abatidoSm_Prog001.jpg,cg53a.jpg,OK,imagem=ERRO | mao=OK
327,ABORRECIDO,aborrecidoSm_Prog001.mp4,aborrecidoSm_Prog001.jpg,cg46a.jpg,OK,imagem=ERRO | mao=OK
4464,AFEIÇÃO,afeicaoSm_Prog001.mp4,afeicaoSm_Prog001.jpg,cg53a.jpg,OK,imagem=ERRO | mao=OK
61,AFETO,afetoSm_Prog001.mp4,afetoSm_Prog001.jpg,cg52.jpg,OK,imagem=ERRO | mao=OK
6559,AFINIDADE,afinidadeSm_Prog001.mp4,afinidadeSm_Prog001.jpg,cg14.jpg,OK,imagem=ERRO | mao=OK
4174,ALEGRIA1,alegria1Sm_Prog001.mp4,alegria1Sm_Prog001.jpg,cg64.jpg,OK,imagem=ERRO | mao=OK
6562,ALEGRIA2,alegria2Sm_Prog001.mp4,alegria2Sm_Prog001.jpg,cg63.jpg,OK,imagem=ERRO | mao=OK
6738,ALÍVIO,alivioSm_Prog001.mp4,alivioSm_Prog001.jpg,cg63.jpg,OK,imagem=ERRO | mao=OK
5198,AMBIÇÃO,ambicaoSm_Prog001.mp4,ambicaoSm_Prog001.jpg,cg18a.jpg,OK,imagem=ERRO | mao=OK
6973,AMIGÁVEL,amigavelSm_Prog001.mp4,amigavelSm_Prog001.jpg,cg63.jpg,OK,imagem=ERRO | mao=OK
428,AMIZADE,amizadeSm_Prog001.mp4,amizadeSm_Prog001.jpg,cg63.jpg,OK,imagem=ERRO | mao=OK
9,AMOR,amor1Sm_Prog001.mp4,amor1Sm_Prog001.jpg,cg51a.jpg,OK,imagem=ERRO | mao=OK
6926,ÂNIMO,animoSm_Prog001.mp4,animoSm_Prog001.jpg,cg64.jpg,OK,imagem=ERRO | mao=OK
434,ANSIEDADE,ansiedadeSm_Prog001.mp4,ansiedadeSm_Prog001.jpg,cg02.jpg,OK,imagem=ERRO | mao=OK
7291,APAVORADO,apavoradoSm_Prog001.mp4,apavoradoSm_Prog001.jpg,cg64.jpg,OK,imagem=ERRO | mao=OK
5223,ATRAÇÃO,atracaoSm_Prog001.mp4,atracaoSm_Prog001.jpg,cg37a.jpg,OK,imagem=ERRO | mao=OK
555,AVAREZA,avarezaSm_Prog001.mp4,avarezaSm_Prog001.jpg,cg03.jpg,OK,imagem=ERRO | mao=OK
5173,AVERSÃO,aversaoSm_Prog001.mp4,aversaoSm_Prog001.jpg,cg64.jpg,OK,imagem=ERRO | mao=OK
7315,CALMA1,calma1Sm_Prog001.mp4,calma1Sm_Prog001.jpg,cg64.jpg,ERRO,video_download_falhou
7316,CALMA2,calma2Sm_Prog001.mp4,calma2Sm_Prog001.jpg,cg64.jpg,OK,imagem=ERRO | mao=OK
1315,CARINHO,carinhoSm_Prog001.mp4,carinhoSm_Prog001.jpg,cg52.jpg,OK,imagem=ERRO | mao=OK
1484,CIÚME,ciumeSm_Prog001.mp4,ciumeSm_Prog001.jpg,cg63.jpg,OK,imagem=ERRO | mao=OK
6020,COMPAIXÃO,compaixaoSm_Prog001.mp4,compaixaoSm_Prog001.jpg,cg35a.jpg,OK,imagem=ERRO | mao=OK
1602,CONFIANÇA,confiancaSm_Prog001.mp4,confiancaSm_Prog001.jpg,cg63.jpg,OK,imagem=ERRO | mao=OK
4139,CONFORTO,confortoSm_Prog001.mp4,confortoSm_Prog001.jpg,cg57.jpg,OK,imagem=ERRO | mao=OK
1665,CORAGEM,coragemSm_Prog001.mp4,coragemSm_Prog001.jpg,cg57.jpg,OK,imagem=ERRO | mao=OK
1725,CRENÇA,crencaSm_Prog001.mp4,crencaSm_Prog001.jpg,cg63.jpg,OK,imagem=ERRO | mao=OK
6436,CULPA,culpaSm_Prog001.mp4,culpaSm_Prog001.jpg,cg11.jpg,OK,imagem=ERRO | mao=OK
1764,CURIOSIDADE,curiosidadeSm_Prog001.mp4,curiosidadeSm_Prog001.jpg,cg63.jpg,OK,imagem=ERRO | mao=OK
2329,DEPRESSÃO,depressaoSm_Prog001.mp4,depressaoSm_Prog001.jpg,cg02.jpg,OK,imagem=ERRO | mao=OK
2384,DESGOSTO,desgostoSm_Prog001.mp4,desgostoSm_Prog001.jpg,cg02.jpg,OK,imagem=ERRO | mao=OK
2490,DOR,dorSm_Prog001.mp4,dorSm_Prog001.jpg,cg54.jpg,OK,imagem=ERRO | mao=OK
7010,DÚVIDA,duvidaSm_Prog001.mp4,duvidaSm_Prog001.jpg,cg14.jpg,OK,imagem=ERRO | mao=OK
2726,EMOÇÃO,emocaoSm_Prog001.mp4,emocaoSm_Prog001.jpg,cg02.jpg,OK,imagem=ERRO | mao=OK
5179,ESPERANÇA,esperancaSm_Prog001.mp4,esperancaSm_Prog001.jpg,cg01.jpg,OK,imagem=ERRO | mao=OK
2972,FÉ1,feSm_Prog001.mp4,feSm_Prog001.jpg,cg06.jpg,ERRO,video_download_falhou
7385,FÉ2,fe2Sm_Prog001.mp4,fe2Sm_Prog001.jpg,cg63.jpg,OK,imagem=ERRO | mao=OK
6871,FELICIDADE,felicidadeSm_Prog001.mp4,felicidadeSm_Prog001.jpg,cg64.jpg,OK,imagem=ERRO | mao=OK
3063,FORÇA,forcaSm_Prog001.mp4,forcaSm_Prog001.jpg,cg02.jpg,OK,imagem=ERRO | mao=OK
4126,INSTINTO,instintoSm_Prog001.mp4,instintoSm_Prog001.jpg,cg46a.jpg,OK,imagem=ERRO | mao=OK
860,INTERESSE,interesseSm_Prog001.mp4,interesseSm_Prog001.jpg,cg18a.jpg,OK,imagem=ERRO | mao=OK
5566,INTREPIDEZ,intrepidezSm_Prog001.mp4,intrepidezSm_Prog001.jpg,cg57.jpg,OK,imagem=ERRO | mao=OK
873,INVEJA,invejaSm_Prog001.mp4,invejaSm_Prog001.jpg,cg15.jpg,OK,imagem=ERRO | mao=OK
3526,LEMBRANÇA,lembrancaSm_Prog001.mp4,lembrancaSm_Prog001.jpg,cg32.jpg,OK,imagem=ERRO | mao=OK
3133,MÁGOA,magoaSm_Prog001.mp4,magoaSm_Prog001.jpg,cg02.jpg,OK,imagem=ERRO | mao=OK
3234,MEDO,medoSm_Prog001.mp4,medoSm_Prog001.jpg,cg33.jpg,OK,imagem=ERRO | mao=OK
7449,MISERICÓDIA,misericordiaSm_Prog001.mp4,misericordiaSm_Prog001.jpg,cg35a.jpg,OK,imagem=ERRO | mao=OK
698,NOJO,nojoSm_Prog001.mp4,nojoSm_Prog001.jpg,cg47.jpg,OK,imagem=ERRO | mao=OK
5584,ÓDIO,odio2Sm_Prog001.mp4,odio2Sm_Prog001.jpg,cg42.jpg,ERRO,video_download_falhou
2118,ORGULHO1,orgulhoSm_Prog001.mp4,orgulhoSm_Prog001.jpg,cg40.jpg,OK,imagem=ERRO | mao=OK
5776,ORGULHO2,orgulho2Sm_Prog001.mp4,orgulho2Sm_Prog001.jpg,cg40.jpg,OK,imagem=ERRO | mao=OK
1778,PACIÊNCIA,pacienciaSm_Prog001.mp4,pacienciaSm_Prog001.jpg,cg24.jpg,OK,imagem=ERRO | mao=OK
4909,PAIXÃO,paixaoSm_Prog001.mp4,paixaoSm_Prog001.jpg,cg02.jpg,OK,imagem=ERRO | mao=OK
5861,PAVOR,pavorSm_Prog001.mp4,pavorSm_Prog001.jpg,cg02.jpg,OK,imagem=ERRO | mao=OK
1864,PENA2,pena2Sm_Prog001.mp4,pena2Sm_Prog001.jpg,cg35a.jpg,OK,imagem=ERRO | mao=OK
5891,PERCEPÇÃO,percepcaoSm_Prog001.mp4,percepcaoSm_Prog001.jpg,cg32.jpg,OK,imagem=ERRO | mao=OK
4562,PIEDADE,piedadeSm_Prog001.mp4,piedadeSm_Prog001.jpg,cg35a.jpg,OK,imagem=ERRO | mao=OK
1991,PRAZER1,prazer1Sm_Prog001.mp4,prazer1Sm_Prog001.jpg,cg01.jpg,OK,imagem=ERRO | mao=OK
6060,PRAZER2,prazer2Sm_Prog001.mp4,prazer2Sm_Prog001.jpg,cg63.jpg,OK,imagem=ERRO | mao=OK
6803,PRAZER3,prazer3Sm_Prog001.mp4,prazer3Sm_Prog001.jpg,cg55.jpg,OK,imagem=ERRO | mao=OK
1995,PRECONCEITO,preconceitoSm_Prog001.mp4,preconceitoSm_Prog001.jpg,cg64.jpg,OK,imagem=ERRO | mao=OK
6085,PRESSENTIMENTO,pressentimentoSm_Prog001.mp4,pressentimentoSm_Prog001.jpg,cg47.jpg,OK,imagem=ERRO | mao=OK
6940,RAIVA,raiva2Sm_Prog001.mp4,raiva2Sm_Prog001.jpg,cg02.jpg,OK,imagem=ERRO | mao=OK
901,RANCOR,rancorSm_Prog001.mp4,rancorSm_Prog001.jpg,cg02.jpg,OK,imagem=ERRO | mao=OK
4713,RECEIO,receioSm_Prog001.mp4,receioSm_Prog001.jpg,cg33.jpg,OK,imagem=ERRO | mao=OK
1165,REMORSO,remorsoSm_Prog001.mp4,remorsoSm_Prog001.jpg,cg47.jpg,OK,imagem=ERRO | mao=OK
963,RESPEITO,respeitoSm_Prog001.mp4,respeitoSm_Prog001.jpg,cg52.jpg,OK,imagem=ERRO | mao=OK
966,RESPONSABILIDADE,responsabilidadeSm_Prog001.mp4,responsabilidadeSm_Prog001.jpg,cg25.jpg,OK,imagem=ERRO | mao=OK
5664,RESSENTIMENTO,ressentimentoSm_Prog001.mp4,ressentimentoSm_Prog001.jpg,cg02.jpg,OK,imagem=ERRO | mao=OK
1050,SAUDADE,saudadeSm_Prog001.mp4,saudadeSm_Prog001.jpg,cg01.jpg,OK,imagem=ERRO | mao=OK
4782,SENTIMENTO,sentimentoSm_Prog001.mp4,sentimentoSm_Prog001.jpg,cg46a.jpg,OK,imagem=ERRO | mao=OK
1116,SOFRIMENTO,sofrimentoSm_Prog001.mp4,sofrimentoSm_Prog001.jpg,cg39.jpg,ERRO,video_download_falhou
1121,SOLIDÃO,solidaoSm_Prog001.mp4,solidaoSm_Prog001.jpg,cg14.jpg,OK,imagem=ERRO | mao=OK
1141,SUBMISSÃO,submissaoSm_Prog001.mp4,submissaoSm_Prog001.jpg,cg64.jpg,OK,imagem=ERRO | mao=OK
1162,SUSTO,sustoSm_Prog001.mp4,sustoSm_Prog001.jpg,cg63.jpg,OK,imagem=ERRO | mao=OK
7100,TÉDIO2,tedio2Sm_Prog001.mp4,tedio2Sm_Prog001.jpg,cg40.jpg,OK,imagem=ERRO | mao=OK
6583,TENTAÇÃO2,tentacao2Sm_Prog001.mp4,tentacao2Sm_Prog001.jpg,cg04.jpg,OK,imagem=ERRO | mao=OK
3777,TESÃO,tesaoSm_Prog001.mp4,tesaoSm_Prog001.jpg,cg55.jpg,OK,imagem=ERRO | mao=OK
3831,TRAUMA,traumaSm_Prog001.mp4,traumaSm_Prog001.jpg,cg24.jpg,OK,imagem=ERRO | mao=OK
2575,VERGONHA,vergonhaSm_Prog001.mp4,vergonhaSm_Prog001.jpg,cg31.jpg,OK,imagem=ERRO | mao=OK
4428,VEXAME,vexameSm_Prog001.mp4,vexameSm_Prog001.jpg,cg31.jpg,OK,imagem=ERRO | mao=OK
7535,VINGANÇA,vinganca2Sm_Prog001.mp4,vinganca2Sm_Prog001.jpg,cg51b.jpg,ERRO,video_download_falhou
2634,VONTADE,vontadeSm_Prog001.mp4,vontadeSm_Prog001.jpg,cg14.jpg,OK,imagem=ERRO | mao=OK
7315,CALMA1,calma1Sm_Prog001.mp4,calma1Sm_Prog001.jpg,cg64.jpg,ERRO,video_download_falhou
2972,FÉ1,feSm_Prog001.mp4,feSm_Prog001.jpg,cg06.jpg,ERRO,video_download_falhou
5584,ÓDIO,odio2Sm_Prog001.mp4,odio2Sm_Prog001.jpg,cg42.jpg,ERRO,video_download_falhou
1116,SOFRIMENTO,sofrimentoSm_Prog001.mp4,sofrimentoSm_Prog001.jpg,cg39.jpg,ERRO,video_download_falhou
7535,VINGANÇA,vinganca2Sm_Prog001.mp4,vinganca2Sm_Prog001.jpg,cg51b.jpg,ERRO,video_download_falhou
7049,A,aSm_Prog001.mp4,aSm_Prog001.jpg,cg01.jpg,OK,imagem=ERRO | mao=OK
5402,À VISTA,vista2Sm_Prog001.mp4,vista2Sm_Prog001.jpg,cg05.jpg,OK,imagem=ERRO | mao=OK
6959,À-TOA,a_toaSm_Prog001.mp4,a_toaSm_Prog001.jpg,cg39.jpg,OK,imagem=ERRO | mao=OK
3930,ABACATE,abacateSm_Prog001.mp4,abacateSm_Prog001.jpg,cg53a.jpg,OK,imagem=OK | mao=OK
5,ABACAXI,abacaxiSm_Prog001.mp4,abacaxiSm_Prog001.jpg,cg47.jpg,OK,imagem=OK | mao=OK
317,ABAFAR,abafarSm_Prog001.mp4,abafarSm_Prog001.jpg,cg07.jpg,OK,imagem=ERRO | mao=OK
4828,ABAIXO,abaixoSm_Prog001.mp4,abaixoSm_Prog001.jpg,cg62.jpg,OK,imagem=ERRO | mao=OK
6752,ABAIXO-ASSINADO,abaixo-assinadoSm_Prog001.mp4,abaixo-assinadoSm_Prog001.jpg,cg20.jpg,OK,imagem=ERRO | mao=OK
4442,ABAJUR,abajurSm_Prog001.mp4,abajurSm_Prog001.jpg,cg51b.jpg,OK,imagem=ERRO | mao=OK
319,ABANAR,abanarSm_Prog001.mp4,abanarSm_Prog001.jpg,cg04.jpg,OK,imagem=ERRO | mao=OK
321,ABANDONAR1,abandonar1Sm_Prog001.mp4,abandonar1Sm_Prog001.jpg,cg33.jpg,OK,imagem=ERRO | mao=OK
4070,ABANDONAR2,abandonar2Sm_Prog001.mp4,abandonar2Sm_Prog001.jpg,cg64.jpg,OK,imagem=ERRO | mao=OK
5016,ABARROTADO,abarrotadoSm_Prog001.mp4,abarrotadoSm_Prog001.jpg,cg07.jpg,OK,imagem=ERRO | mao=OK
6753,ABASTADO,abastadoSm_Prog001.mp4,abastadoSm_Prog001.jpg,cg46b.jpg,OK,imagem=ERRO | mao=OK
6710,ABATIMENTO,abatimentoSm_Prog001.mp4,abatimentoSm_Prog001.jpg,cg14.jpg,OK,imagem=ERRO | mao=OK
4830,ABDICAR,abdicarSm_Prog001.mp4,abdicarSm_Prog001.jpg,cg35a.jpg,OK,imagem=ERRO | mao=OK
6795,ABDÔMEN,abdomenSm_Prog001.mp4,abdomenSm_Prog001.jpg,cg63.jpg,OK,imagem=ERRO | mao=OK
3939,ABELHA,abelhaSm_Prog001.mp4,abelhaSm_Prog001.jpg,cg20.jpg,OK,imagem=OK | mao=OK
322,ABENÇOAR1,abencoar1Sm_Prog001.mp4,abencoar1Sm_Prog001.jpg,cg42.jpg,OK,imagem=ERRO | mao=OK
323,ABENÇOAR2,abencoar2Sm_Prog001.mp4,abencoar2Sm_Prog001.jpg,cg64.jpg,OK,imagem=ERRO | mao=OK
11,ABERTO1,aberto1Sm_Prog001.mp4,aberto1Sm_Prog001.jpg,cg61.jpg,OK,imagem=ERRO | mao=OK
4071,ABERTO2,aberto2Sm_Prog001.mp4,aberto2Sm_Prog001.jpg,cg53a.jpg,OK,imagem=ERRO | mao=OK
324,ABERTURA,aberturaSm_Prog001.mp4,aberturaSm_Prog001.jpg,cg63.jpg,OK,imagem=ERRO | mao=OK
4831,ABISMAR,abismarSm_Prog001.mp4,abismarSm_Prog001.jpg,cg63.jpg,OK,imagem=ERRO | mao=OK
15,ABÓBORA1,abobora1Sm_Prog001.mp4,abobora1Sm_Prog001.jpg,cg51a.jpg,OK,imagem=OK | mao=OK
5094,ABÓBORA2,abobora2Sm_Prog001.mp4,abobora2Sm_Prog001.jpg,cg45.jpg,OK,imagem=OK | mao=OK
4832,ABOBRINHA,abobrinhaSm_Prog001.mp4,abobrinhaSm_Prog001.jpg,cg45.jpg,OK,imagem=OK | mao=OK
6794,ABOCANHAR,abocanharSm_Prog001.mp4,abocanharSm_Prog001.jpg,cg47.jpg,OK,imagem=ERRO | mao=OK
325,ABOLIÇÃO,abolicaoSm_Prog001.mp4,abolicaoSm_Prog001.jpg,cg02.jpg,OK,imagem=ERRO | mao=OK
6796,ABONAR,abonarSm_Prog001.mp4,abonarSm_Prog001.jpg,cg04.jpg,OK,imagem=ERRO | mao=OK
6797,ABONO,abonoSm_Prog001.mp4,abonoSm_Prog001.jpg,cg04.jpg,OK,imagem=ERRO | mao=OK
326,ABORRECER,aborrecerSm_Prog001.mp4,aborrecerSm_Prog001.jpg,cg46a.jpg,OK,imagem=ERRO | mao=OK
328,ABORTAR1,abortar1Sm_Prog001.mp4,abortar1Sm_Prog001.jpg,cg02.jpg,OK,imagem=OK | mao=OK
17,ABORTAR2,abortar2Sm_Prog001.mp4,abortar2Sm_Prog001.jpg,cg63.jpg,OK,imagem=ERRO | mao=OK
19,ABORTO,abortar1Sm_Prog001.mp4,abortar1Sm_Prog001.jpg,cg02.jpg,OK,imagem=OK | mao=OK
4833,ABOTOAR,abotoarSm_Prog001.mp4,abotoarSm_Prog001.jpg,cg05.jpg,OK,imagem=ERRO | mao=OK
6929,ABRACADABRA,abracadabraSm_Prog001.mp4,abracadabraSm_Prog001.jpg,cg57.jpg,OK,imagem=OK | mao=OK
329,ABRAÇAR,abracarSm_Prog001.mp4,abracarSm_Prog001.jpg,cg02.jpg,OK,imagem=ERRO | mao=OK
20,ABRAÇO,abracoSm_Prog001.mp4,abracoSm_Prog001.jpg,cg02.jpg,OK,imagem=ERRO | mao=OK
7279,ABRAÇO2,abraco2Sm_Prog001.mp4,abraco2Sm_Prog001.jpg,cg62.jpg,OK,imagem=ERRO | mao=OK
4834,ABREVIAR,abreviarSm_Prog001.mp4,abreviarSm_Prog001.jpg,cg12.jpg,OK,imagem=ERRO | mao=OK
4835,ABRIDOR DE LATA1,abridor de lata1Sm_Prog001.mp4,abridor de lata1Sm_Prog001.jpg,cg05.jpg,ERRO,video_download_falhou
5200,ABRIDOR DE LATA2,abridor de lata2Sm_Prog001.mp4,abridor de lata2Sm_Prog001.jpg,cg10.jpg,ERRO,video_download_falhou
4444,ABRIGAR,abrigarSm_Prog001.mp4,abrigarSm_Prog001.jpg,cg53a.jpg,OK,imagem=ERRO | mao=OK
330,ABRIGO,abrigoSm_Prog001.mp4,abrigoSm_Prog001.jpg,cg53a.jpg,OK,imagem=ERRO | mao=OK
3874,ABRIL,abrilSm_Prog001.mp4,abrilSm_Prog001.jpg,cg05.jpg,OK,imagem=ERRO | mao=OK
332,ABRIR1,abrir1Sm_Prog001.mp4,abrir1Sm_Prog001.jpg,cg14.jpg,OK,imagem=ERRO | mao=OK
4050,ABRIR2,abrir2Sm_Prog001.mp4,abrir2Sm_Prog001.jpg,cg02.jpg,OK,imagem=ERRO | mao=OK
4052,ABRIR3,abrir3Sm_Prog001.mp4,abrir3Sm_Prog001.jpg,cg61.jpg,OK,imagem=ERRO | mao=OK
4051,ABRIR4,abrir4Sm_Prog001.mp4,abrir4Sm_Prog001.jpg,cg46a.jpg,OK,imagem=ERRO | mao=OK
4056,ABRIR5,abrir5Sm_Prog001.mp4,abrir5Sm_Prog001.jpg,cg08a.jpg,OK,imagem=ERRO | mao=OK
6798,ABSOLVER,absolverSm_Prog001.mp4,absolverSm_Prog001.jpg,cg64.jpg,OK,imagem=ERRO | mao=OK
333,ABSORVENTE HIGIÊNICO,absorvente-higienicoSm_Prog001.mp4,absorvente-higienicoSm_Prog001.jpg,cg37a.jpg,ERRO,video_download_falhou
4057,ABSORVER1,absorver1Sm_Prog001.mp4,absorver1Sm_Prog001.jpg,cg57.jpg,OK,imagem=ERRO | mao=OK
5095,ABSORVER2,absorver2Sm_Prog001.mp4,absorver2Sm_Prog001.jpg,cg57.jpg,OK,imagem=ERRO | mao=OK
4836,ABSTER,absterSm_Prog001.mp4,absterSm_Prog001.jpg,cg64.jpg,OK,imagem=ERRO | mao=OK
22,ABSURDO,absurdo1Sm_Prog001.mp4,absurdo1Sm_Prog001.jpg,cg58.jpg,OK,imagem=ERRO | mao=OK
25,ABUSADO,abusadoSm_Prog001.mp4,abusadoSm_Prog001.jpg,cg57.jpg,OK,imagem=ERRO | mao=OK
4445,ABUSAR,abusarSm_Prog001.mp4,abusarSm_Prog001.jpg,cg63.jpg,OK,imagem=ERRO | mao=OK
334,ACABAR1,acabar1Sm_Prog001.mp4,acabar1Sm_Prog001.jpg,cg64.jpg,OK,imagem=ERRO | mao=OK
335,ACABAR2,acabar2Sm_Prog001.mp4,acabar2Sm_Prog001.jpg,cg62.jpg,OK,imagem=ERRO | mao=OK
336,ACABAR3,acabar3Sm_Prog001.mp4,acabar3Sm_Prog001.jpg,cg62.jpg,OK,imagem=ERRO | mao=OK
337,ACABAR4,acabar4Sm_Prog001.mp4,acabar4Sm_Prog001.jpg,cg53a.jpg,OK,imagem=ERRO | mao=OK
29,AÇAÍ,acaiSm_Prog001.mp4,acaiSm_Prog001.jpg,cg01.jpg,OK,imagem=OK | mao=OK
6989,ACALENTAR,acalentarSm_Prog001.mp4,acalentarSm_Prog001.jpg,cg62.jpg,OK,imagem=ERRO | mao=OK
338,ACALMAR1,acalmar1Sm_Prog001.mp4,acalmar1Sm_Prog001.jpg,cg63.jpg,OK,imagem=ERRO | mao=OK
339,ACALMAR2,acalmar2Sm_Prog001.mp4,acalmar2Sm_Prog001.jpg,cg63.jpg,OK,imagem=ERRO | mao=OK
341,ACAMPAMENTO,acampamentoSm_Prog001.mp4,acampamentoSm_Prog001.jpg,cg37a.jpg,OK,imagem=OK | mao=OK
340,ACAMPAR,acamparSm_Prog001.mp4,acamparSm_Prog001.jpg,cg37a.jpg,OK,imagem=ERRO | mao=OK
4837,ACANHADO,acanhadoSm_Prog001.mp4,acanhadoSm_Prog001.jpg,cg31.jpg,OK,imagem=ERRO | mao=OK
342,ACARICIAR,acariciarSm_Prog001.mp4,acariciarSm_Prog001.jpg,cg53a.jpg,OK,imagem=ERRO | mao=OK
6711,ACASALAR,acasalarSm_Prog001.mp4,acasalarSm_Prog001.jpg,cg32.jpg,OK,imagem=ERRO | mao=OK
6799,ACATAR,acatarSm_Prog001.mp4,acatarSm_Prog001.jpg,cg53a.jpg,OK,imagem=ERRO | mao=OK
4446,ACAUTELAR,acautelarSm_Prog001.mp4,acautelarSm_Prog001.jpg,cg14.jpg,OK,imagem=ERRO | mao=OK
343,ACEITAR,aceitarSm_Prog001.mp4,aceitarSm_Prog001.jpg,cg47.jpg,OK,imagem=ERRO | mao=OK
344,ACELERAR1,acelerar1Sm_Prog001.mp4,acelerar1Sm_Prog001.jpg,cg62.jpg,OK,imagem=ERRO | mao=OK
345,ACELERAR2,acelerar2Sm_Prog001.mp4,acelerar2Sm_Prog001.jpg,cg51a.jpg,OK,imagem=ERRO | mao=OK
346,ACENAR,acenarSm_Prog001.mp4,acenarSm_Prog001.jpg,cg64.jpg,OK,imagem=ERRO | mao=OK
4053,ACENDER FAROL,acender3Sm_Prog001.mp4,acender3Sm_Prog001.jpg,cg57.jpg,OK,imagem=ERRO | mao=OK
4447,ACENDER ISQUEIRO,acender4Sm_Prog001.mp4,acender4Sm_Prog001.jpg,cg07.jpg,OK,imagem=ERRO | mao=OK
348,ACENDER LUZ,acender2Sm_Prog001.mp4,acender2Sm_Prog001.jpg,cg57.jpg,OK,imagem=ERRO | mao=OK
347,ACENDER VELA,acender1Sm_Prog001.mp4,acender1Sm_Prog001.jpg,cg57.jpg,OK,imagem=ERRO | mao=OK
5096,ACENTO1,acento1Sm_Prog001.mp4,acento1Sm_Prog001.jpg,cg14.jpg,OK,imagem=ERRO | mao=OK
5539,ACENTO2,acento2Sm_Prog001.mp4,acento2Sm_Prog001.jpg,cg14.jpg,OK,imagem=ERRO | mao=OK
4448,ACERCAR,acercarSm_Prog001.mp4,acercarSm_Prog001.jpg,cg47.jpg,OK,imagem=ERRO | mao=OK
5275,ACERTAR1,acertar1Sm_Prog001.mp4,acertar1Sm_Prog001.jpg,cg14.jpg,OK,imagem=ERRO | mao=OK
6553,ACERTAR2,acertar2Sm_Prog001.mp4,acertar2Sm_Prog001.jpg,cg08a.jpg,OK,imagem=ERRO | mao=OK
351,ACESO,acesoSm_Prog001.mp4,acesoSm_Prog001.jpg,cg57.jpg,OK,imagem=ERRO | mao=OK
6712,ACESSO1,acesso1Sm_Prog001.mp4,acesso1Sm_Prog001.jpg,cg62.jpg,OK,imagem=ERRO | mao=OK
6805,ACESSO2,acesso2Sm_Prog001.mp4,acesso2Sm_Prog001.jpg,cg62.jpg,OK,imagem=ERRO | mao=OK
352,ACHAR1,achar1Sm_Prog001.mp4,achar1Sm_Prog001.jpg,cg14.jpg,OK,imagem=ERRO | mao=OK
353,ACHAR2,achar2Sm_Prog001.mp4,achar2Sm_Prog001.jpg,cg35a.jpg,OK,imagem=ERRO | mao=OK
354,ACIDENTE1,acidente1Sm_Prog001.mp4,acidente1Sm_Prog001.jpg,cg40.jpg,OK,imagem=ERRO | mao=OK
4449,ACIDENTE2,acidente2Sm_Prog001.mp4,acidente2Sm_Prog001.jpg,cg02.jpg,OK,imagem=OK | mao=OK
7280,ÁCIDO,acidoSm_Prog001.mp4,acidoSm_Prog001.jpg,cg14.jpg,OK,imagem=ERRO | mao=OK
5099,ACIMA,acimaSm_Prog001.mp4,acimaSm_Prog001.jpg,cg53a.jpg,OK,imagem=ERRO | mao=OK
6713,ACLIVE,acliveSm_Prog001.mp4,acliveSm_Prog001.jpg,cg62.jpg,OK,imagem=ERRO | mao=OK
5104,ACNE,acneSm_Prog001.mp4,acneSm_Prog001.jpg,cg14.jpg,OK,imagem=OK | mao=OK
5228,AÇO,aco2Sm_Prog001.mp4,aco2Sm_Prog001.jpg,cg01.jpg,ERRO,video_download_falhou
4838,AÇOITAR,acoitarSm_Prog001.mp4,acoitarSm_Prog001.jpg,cg05.jpg,OK,imagem=ERRO | mao=OK
6714,AÇOITE,acoiteSm_Prog001.mp4,acoiteSm_Prog001.jpg,cg05.jpg,OK,imagem=ERRO | mao=OK
4451,ACOMODADO,acomodadoSm_Prog001.mp4,acomodadoSm_Prog001.jpg,cg07.jpg,OK,imagem=ERRO | mao=OK
4054,ACOMODAR,acomodarSm_Prog001.mp4,acomodarSm_Prog001.jpg,cg07.jpg,OK,imagem=ERRO | mao=OK
7281,ACOMPANHADO,acompanhadoSm_Prog001.mp4,acompanhadoSm_Prog001.jpg,cg07.jpg,OK,imagem=ERRO | mao=OK
355,ACOMPANHAR1,acompanhar1Sm_Prog001.mp4,acompanhar1Sm_Prog001.jpg,cg07.jpg,OK,imagem=ERRO | mao=OK
4055,ACOMPANHAR2,acompanhar2Sm_Prog001.mp4,acompanhar2Sm_Prog001.jpg,cg62.jpg,OK,imagem=ERRO | mao=OK
356,ACONCHEGAR,aconchegarSm_Prog001.mp4,aconchegarSm_Prog001.jpg,cg04.jpg,OK,imagem=ERRO | mao=OK
357,ACONSELHAR,aconselharSm_Prog001.mp4,aconselharSm_Prog001.jpg,cg50.jpg,OK,imagem=ERRO | mao=OK
358,ACONTECER1,acontecerSm_Prog001.mp4,acontecerSm_Prog001.jpg,cg11.jpg,ERRO,video_download_falhou
4452,ACONTECER2,acontecer2Sm_Prog001.mp4,acontecer2Sm_Prog001.jpg,cg20.jpg,OK,imagem=ERRO | mao=OK
4453,ACONTECER3,acontecer3Sm_Prog001.mp4,acontecer3Sm_Prog001.jpg,cg57.jpg,OK,imagem=ERRO | mao=OK
5537,ACORDADO,acordado2Sm_Prog001.mp4,acordado2Sm_Prog001.jpg,cg14.jpg,ERRO,video_download_falhou
359,ACORDAR1,acordar1Sm_Prog001.mp4,acordar1Sm_Prog001.jpg,cg08a.jpg,OK,imagem=ERRO | mao=OK
4058,ACORDAR2,acordar2Sm_Prog001.mp4,acordar2Sm_Prog001.jpg,cg02.jpg,OK,imagem=ERRO | mao=OK
4060,ACORDAR3,acordoSm_Prog001.mp4,acordoSm_Prog001.jpg,cg14.jpg,OK,imagem=ERRO | mao=OK
5100,ACORDEÃO,acordeaoSm_Prog001.mp4,acordeaoSm_Prog001.jpg,cg46b.jpg,OK,imagem=OK | mao=OK
26,ACORDO,acordoSm_Prog001.mp4,acordoSm_Prog001.jpg,cg14.jpg,OK,imagem=ERRO | mao=OK
6715,ACORRENTAR,acorrentarSm_Prog001.mp4,acorrentarSm_Prog001.jpg,cg33.jpg,OK,imagem=ERRO | mao=OK
360,ACOSTUMADO,acostumadoSm_Prog001.mp4,acostumadoSm_Prog001.jpg,cg63.jpg,OK,imagem=ERRO | mao=OK
361,ACOSTUMAR,acostumarSm_Prog001.mp4,acostumarSm_Prog001.jpg,cg63.jpg,OK,imagem=ERRO | mao=OK
6716,ACOTOVELAR,acotovelarSm_Prog001.mp4,acotovelarSm_Prog001.jpg,,ERRO,video_download_falhou
365,AÇOUGUE,acougueSm_Prog001.mp4,acougueSm_Prog001.jpg,cg13.jpg,OK,imagem=ERRO | mao=OK
3875,ACRE,acreSm_Prog001.mp4,acreSm_Prog001.jpg,cg64.jpg,OK,imagem=ERRO | mao=OK
362,ACREDITAR,acreditarSm_Prog001.mp4,acreditarSm_Prog001.jpg,cg63.jpg,OK,imagem=ERRO | mao=OK
6717,ACRESCENTAR,acrescentarSm_Prog001.mp4,acrescentarSm_Prog001.jpg,cg05.jpg,OK,imagem=ERRO | mao=OK
5102,ACROBATA1,acrobata1Sm_Prog001.mp4,acrobata1Sm_Prog001.jpg,cg24.jpg,OK,imagem=ERRO | mao=OK
5103,ACROBATA2,acrobata2Sm_Prog001.mp4,acrobata2Sm_Prog001.jpg,cg24.jpg,OK,imagem=ERRO | mao=OK
4455,ACUADO,acuadoSm_Prog001.mp4,acuadoSm_Prog001.jpg,cg12.jpg,OK,imagem=ERRO | mao=OK
4454,ACUAR,acuarSm_Prog001.mp4,acuarSm_Prog001.jpg,cg32.jpg,OK,imagem=ERRO | mao=OK
31,AÇÚCAR,acucarSm_Prog001.mp4,acucarSm_Prog001.jpg,cg63.jpg,OK,imagem=ERRO | mao=OK
363,ACUMULAR,acumularSm_Prog001.mp4,acumularSm_Prog001.jpg,cg57.jpg,OK,imagem=ERRO | mao=OK
6718,ACUPUNTURA,acupunturaSm_Prog001.mp4,acupunturaSm_Prog001.jpg,cg14.jpg,OK,imagem=ERRO | mao=OK
364,ACUSAR,acusarSm_Prog001.mp4,acusarSm_Prog001.jpg,cg58.jpg,OK,imagem=ERRO | mao=OK
6719,ADERNAR,adernarSm_Prog001.mp4,adernarSm_Prog001.jpg,cg63.jpg,OK,imagem=ERRO | mao=OK
4839,ADESIVO,adesivoSm_Prog001.mp4,adesivoSm_Prog001.jpg,cg24.jpg,OK,imagem=ERRO | mao=OK
366,ADEUS1,adeusSm_Prog001.mp4,adeusSm_Prog001.jpg,cg64.jpg,OK,imagem=ERRO | mao=OK
6987,ADEUS2,adeus2Sm_Prog001.mp4,adeus2Sm_Prog001.jpg,cg53a.jpg,OK,imagem=ERRO | mao=OK
4458,ADIANTADO,adiantadoSm_Prog001.mp4,adiantadoSm_Prog001.jpg,cg08a.jpg,OK,imagem=ERRO | mao=OK
367,ADIAR,adiarSm_Prog001.mp4,adiarSm_Prog001.jpg,cg44.jpg,OK,imagem=ERRO | mao=OK
559,ADICIONAR1,adicionar1Sm_Prog001.mp4,adicionar1Sm_Prog001.jpg,cg05.jpg,OK,imagem=ERRO | mao=OK
4457,ADICIONAR2,adicionar2Sm_Prog001.mp4,adicionar2Sm_Prog001.jpg,cg14.jpg,OK,imagem=ERRO | mao=OK
368,ADIVINHAR,adivinharSm_Prog001.mp4,adivinharSm_Prog001.jpg,cg14.jpg,OK,imagem=ERRO | mao=OK
6720,ADJETIVOS,adjetivoSm_Prog001.mp4,adjetivoSm_Prog001.jpg,cg01.jpg,OK,imagem=ERRO | mao=OK
6721,ADJUNTO,adjuntoSm_Prog001.mp4,adjuntoSm_Prog001.jpg,cg07.jpg,OK,imagem=ERRO | mao=OK
33,ADMINISTRAÇÃO,administracaoSm_Prog001.mp4,administracaoSm_Prog001.jpg,cg05.jpg,OK,imagem=ERRO | mao=OK
369,ADMINISTRAR,administrarSm_Prog001.mp4,administrarSm_Prog001.jpg,cg14.jpg,OK,imagem=ERRO | mao=OK
4459,ADMIRADO,admiradoSm_Prog001.mp4,admiradoSm_Prog001.jpg,cg58.jpg,OK,imagem=ERRO | mao=OK
370,ADMIRAR,admirarSm_Prog001.mp4,admirarSm_Prog001.jpg,cg58.jpg,OK,imagem=ERRO | mao=OK
5107,ADMISSÃO,admissaoSm_Prog001.mp4,admissaoSm_Prog001.jpg,cg32.jpg,OK,imagem=ERRO | mao=OK
5105,ADMITIR1,admitir1Sm_Prog001.mp4,admitir1Sm_Prog001.jpg,cg24.jpg,OK,imagem=ERRO | mao=OK
5106,ADMITIR2,admitir2Sm_Prog001.mp4,admitir2Sm_Prog001.jpg,cg57.jpg,OK,imagem=ERRO | mao=OK
6722,ADOÇANTE,adocanteSm_Prog001.mp4,adocanteSm_Prog001.jpg,cg20.jpg,OK,imagem=ERRO | mao=OK
6723,ADOÇAR,adocarSm_Prog001.mp4,adocarSm_Prog001.jpg,cg63.jpg,OK,imagem=ERRO | mao=OK
4840,ADOECER,adoecerSm_Prog001.mp4,adoecerSm_Prog001.jpg,cg35b.jpg,OK,imagem=ERRO | mao=OK
6724,ADOIDAR,adoidarSm_Prog001.mp4,adoidarSm_Prog001.jpg,cg14.jpg,OK,imagem=ERRO | mao=OK
35,ADOLESCENTE1,adolescente1Sm_Prog001.mp4,adolescente1Sm_Prog001.jpg,cg52.jpg,OK,imagem=ERRO | mao=OK
4030,ADOLESCENTE2,adolescenteSm_Prog001.mp4,adolescenteSm_Prog001.jpg,cg57.jpg,ERRO,video_download_falhou
372,ADORAR1,adorar1Sm_Prog001.mp4,adorar1Sm_Prog001.jpg,cg51a.jpg,OK,imagem=ERRO | mao=OK
4087,ADORAR2,adorar2Sm_Prog001.mp4,adorar2Sm_Prog001.jpg,cg62.jpg,OK,imagem=ERRO | mao=OK
4841,ADORMECER,adormecerSm_Prog001.mp4,adormecerSm_Prog001.jpg,cg08a.jpg,OK,imagem=ERRO | mao=OK
373,ADOTAR,adotarSm_Prog001.mp4,adotarSm_Prog001.jpg,cg29a.jpg,OK,imagem=ERRO | mao=OK
6560,ADOTIVO,adotivoSm_Prog001.mp4,adotivoSm_Prog001.jpg,cg29a.jpg,OK,imagem=ERRO | mao=OK
374,ADULAR,adularSm_Prog001.mp4,adularSm_Prog001.jpg,cg63.jpg,OK,imagem=ERRO | mao=OK
375,ADULTÉRIO,adulterioSm_Prog001.mp4,adulterioSm_Prog001.jpg,cg37a.jpg,OK,imagem=ERRO | mao=OK
37,ADULTO,adultoSm_Prog001.mp4,adultoSm_Prog001.jpg,cg63.jpg,OK,imagem=ERRO | mao=OK
6725,ADVENTISTA,adventistaSm_Prog001.mp4,adventistaSm_Prog001.jpg,cg01.jpg,OK,imagem=ERRO | mao=OK
6726,ADVERSÁRIO,adversarioSm_Prog001.mp4,adversarioSm_Prog001.jpg,cg14.jpg,ERRO,video_download_falhou
377,ADVERTIR1,advertir1Sm_Prog001.mp4,advertir1Sm_Prog001.jpg,cg08a.jpg,OK,imagem=ERRO | mao=OK
378,ADVERTIR2,advertir2Sm_Prog001.mp4,advertir2Sm_Prog001.jpg,cg14.jpg,OK,imagem=ERRO | mao=OK
60,ADVOGADO,advogadoSm_Prog001.mp4,advogadoSm_Prog001.jpg,cg14.jpg,OK,imagem=ERRO | mao=OK
6885,AEROBARCO1,aerobarco1Sm_Prog001.mp4,aerobarco1Sm_Prog001.jpg,cg40.jpg,OK,imagem=ERRO | mao=OK
6977,AEROBARCO2,aerobarco2Sm_Prog001.mp4,aerobarco2Sm_Prog001.jpg,cg37a.jpg,OK,imagem=ERRO | mao=OK
380,AEROMOÇA,aeromocaSm_Prog001.mp4,aeromocaSm_Prog001.jpg,cg07.jpg,OK,imagem=ERRO | mao=OK
381,AERONÁUTICA,aeronauticaSm_Prog001.mp4,aeronautica1Sm_Prog001.jpg,cg40.jpg,OK,imagem=ERRO | mao=OK
63,AEROPORTO,aeroportoSm_Prog001.mp4,aeroportoSm_Prog001.jpg,cg62.jpg,OK,imagem=ERRO | mao=OK
6727,AEROSSOL,aerossolSm_Prog001.mp4,aerossolSm_Prog001.jpg,cg15.jpg,OK,imagem=ERRO | mao=OK
5108,AERÓSTATO,aerostatoSm_Prog001.mp4,aerostatoSm_Prog001.jpg,cg47.jpg,OK,imagem=ERRO | mao=OK
6728,AFAMADO,afamadoSm_Prog001.mp4,afamadoSm_Prog001.jpg,cg52.jpg,OK,imagem=ERRO | mao=OK
382,AFASTADO1,afastado1Sm_Prog001.mp4,afastado1Sm_Prog001.jpg,cg63.jpg,OK,imagem=ERRO | mao=OK
6555,AFASTADO2,afastado2Sm_Prog001.mp4,afastado2Sm_Prog001.jpg,cg63.jpg,OK,imagem=ERRO | mao=OK
383,AFASTAR1,afastar1Sm_Prog001.mp4,afastar1Sm_Prog001.jpg,cg63.jpg,OK,imagem=ERRO | mao=OK
384,AFASTAR2,afastar2Sm_Prog001.mp4,afastar2Sm_Prog001.jpg,cg63.jpg,OK,imagem=ERRO | mao=OK
4842,AFERIR1,aferir1Sm_Prog001.mp4,aferir1Sm_Prog001.jpg,cg14.jpg,OK,imagem=ERRO | mao=OK
6974,AFERIR2,aferir2Sm_Prog001.mp4,aferir2Sm_Prog001.jpg,cg20.jpg,OK,imagem=ERRO | mao=OK
4466,AFIADO,afiadoSm_Prog001.mp4,afiadoSm_Prog001.jpg,cg21.jpg,OK,imagem=ERRO | mao=OK
4465,AFIAR,afiarSm_Prog001.mp4,afiarSm_Prog001.jpg,cg21.jpg,OK,imagem=ERRO | mao=OK
386,AFILHADO,afilhadoSm_Prog001.mp4,afilhadoSm_Prog001.jpg,cg44.jpg,OK,imagem=ERRO | mao=OK
6729,AFIVELAR,afivelarSm_Prog001.mp4,afivelarSm_Prog001.jpg,cg07.jpg,OK,imagem=ERRO | mao=OK
6730,AFIXAR1,afixarSm_Prog001.mp4,afixarSm_Prog001.jpg,cg07.jpg,OK,imagem=ERRO | mao=OK
388,AFLITO,aflitoSm_Prog001.mp4,aflitoSm_Prog001.jpg,cg64.jpg,OK,imagem=ERRO | mao=OK
6731,AFOCINHAR,afocinharSm_Prog001.mp4,afocinharSm_Prog001.jpg,cg46a.jpg,OK,imagem=ERRO | mao=OK
4468,AFOGAR1,afogar1Sm_Prog001.mp4,afogar1Sm_Prog001.jpg,cg61.jpg,OK,imagem=ERRO | mao=OK
4469,AFOGAR2,afogar2Sm_Prog001.mp4,afogar2Sm_Prog001.jpg,cg64.jpg,OK,imagem=ERRO | mao=OK
3876,ÁFRICA,africaSm_Prog001.mp4,africaSm_Prog001.jpg,cg05.jpg,OK,imagem=ERRO | mao=OK
3877,ÁFRICA DO SUL,africa_do_sulSm_Prog001.mp4,africa_do_sulSm_Prog001.jpg,cg05.jpg,OK,imagem=ERRO | mao=OK
6732,AFROUXAR,afrouxarSm_Prog001.mp4,afrouxarSm_Prog001.jpg,cg18b.jpg,OK,imagem=ERRO | mao=OK
4470,AFUNDAR,afundarSm_Prog001.mp4,afundarSm_Prog001.jpg,cg14.jpg,OK,imagem=ERRO | mao=OK
389,AGACHAR,agacharSm_Prog001.mp4,agacharSm_Prog001.jpg,cg15.jpg,OK,imagem=ERRO | mao=OK
392,AGARRAR,agarrarSm_Prog001.mp4,agarrarSm_Prog001.jpg,cg47.jpg,OK,imagem=ERRO | mao=OK
4843,AGASALHAR,agasalharSm_Prog001.mp4,agasalharSm_Prog001.jpg,cg01.jpg,OK,imagem=ERRO | mao=OK
5109,AGENDAR,agendarSm_Prog001.mp4,agendarSm_Prog001.jpg,cg44.jpg,OK,imagem=ERRO | mao=OK
64,AGITADO,agitadoSm_Prog001.mp4,agitadoSm_Prog001.jpg,cg02.jpg,OK,imagem=ERRO | mao=OK
68,AGORA,agoraSm_Prog001.mp4,agoraSm_Prog001.jpg,cg63.jpg,OK,imagem=ERRO | mao=OK
3878,AGOSTO1,agostoSm_Prog001.mp4,agostoSm_Prog001.jpg,cg01.jpg,ERRO,video_download_falhou
4062,AGOSTO2,agosto2Sm_Prog001.mp4,agosto2Sm_Prog001.jpg,cg63.jpg,OK,imagem=ERRO | mao=OK
393,AGRADAR,agradarSm_Prog001.mp4,agradarSm_Prog001.jpg,cg63.jpg,OK,imagem=ERRO | mao=OK
394,AGRADECER,agradecerSm_Prog001.mp4,agradecerSm_Prog001.jpg,cg63.jpg,OK,imagem=ERRO | mao=OK
4471,AGREDIR,agredirSm_Prog001.mp4,agredirSm_Prog001.jpg,cg02.jpg,OK,imagem=ERRO | mao=OK
66,AGRESSIVO,agressivoSm_Prog001.mp4,agressivoSm_Prog001.jpg,cg57.jpg,OK,imagem=ERRO | mao=OK
5111,AGRIÃO,agriaoSm_Prog001.mp4,agriaoSm_Prog001.jpg,cg19.jpg,OK,imagem=OK | mao=OK
67,AGRICULTURA,agriculturaSm_Prog001.mp4,agriculturaSm_Prog001.jpg,cg15.jpg,OK,imagem=ERRO | mao=OK
395,AGRUPAR,agruparSm_Prog001.mp4,agruparSm_Prog001.jpg,cg47.jpg,OK,imagem=ERRO | mao=OK
71,ÁGUA,aguaSm_Prog001.mp4,aguaSm_Prog001.jpg,cg08a.jpg,OK,imagem=ERRO | mao=OK
5112,AGUARDAR,aguardarSm_Prog001.mp4,aguardarSm_Prog001.jpg,cg01.jpg,OK,imagem=ERRO | mao=OK
5113,AGUARDENTE,aguardenteSm_Prog001.mp4,aguardenteSm_Prog001.jpg,cg37a.jpg,OK,imagem=ERRO | mao=OK
398,ÁGUIA,aguia2Sm_Prog001.mp4,aguia2Sm_Prog001.jpg,cg15.jpg,OK,imagem=OK | mao=OK
72,AGULHA1,agulha1Sm_Prog001.mp4,agulha1Sm_Prog001.jpg,cg55.jpg,OK,imagem=ERRO | mao=OK
73,AGULHA2,agulha2Sm_Prog001.mp4,agulha2Sm_Prog001.jpg,cg17.jpg,ERRO,video_download_falhou
396,AGÜENTAR1,aguentar1Sm_Prog001.mp4,aguentar1Sm_Prog001.jpg,cg54.jpg,OK,imagem=ERRO | mao=OK
397,AGÜENTAR2,aguentar2Sm_Prog001.mp4,aguentar2Sm_Prog001.jpg,cg05.jpg,OK,imagem=ERRO | mao=OK
4805,AGÜENTAR3,aguentar3Sm_Prog001.mp4,aguentar3Sm_Prog001.jpg,cg24.jpg,OK,imagem=ERRO | mao=OK
74,AIDS,aidsSm_Prog001.mp4,aidsSm_Prog001.jpg,cg01.jpg,OK,imagem=OK | mao=OK
83,AINDA,aindaSm_Prog001.mp4,aindaSm_Prog001.jpg,cg44.jpg,OK,imagem=ERRO | mao=OK
4069,AINDA NÃO,ainda-naoSm_Prog001.mp4,ainda-naoSm_Prog001.jpg,cg01.jpg,ERRO,video_download_falhou
85,AIPIM,aipimSm_Prog001.mp4,aipimSm_Prog001.jpg,cg01.jpg,OK,imagem=OK | mao=OK
400,AJOELHAR,ajoelharSm_Prog001.mp4,ajoelharSm_Prog001.jpg,cg31.jpg,OK,imagem=ERRO | mao=OK
401,AJUDAR1,ajudar1Sm_Prog001.mp4,ajudar1Sm_Prog001.jpg,cg07.jpg,OK,imagem=ERRO | mao=OK
5233,AJUDAR2,ajudar2Sm_Prog001.mp4,ajudar2Sm_Prog001.jpg,cg62.jpg,OK,imagem=ERRO | mao=OK
4032,AJUNTAR,ajuntarSm_Prog001.mp4,ajuntarSm_Prog001.jpg,cg47.jpg,OK,imagem=ERRO | mao=OK
3879,ALAGOAS,alagoas1Sm_Prog001.mp4,alagoas1Sm_Prog001.jpg,cg19.jpg,ERRO,video_download_falhou
4806,ALARANJADO,alaranjadoSm_Prog001.mp4,alaranjadoSm_Prog001.jpg,cg51a.jpg,OK,imagem=ERRO | mao=OK
4844,ALARME,alarmeSm_Prog001.mp4,alarmeSm_Prog001.jpg,cg49.jpg,OK,imagem=ERRO | mao=OK
4472,ALASTRAR,alastrarSm_Prog001.mp4,alastrarSm_Prog001.jpg,cg64.jpg,OK,imagem=ERRO | mao=OK
4845,ÁLBUM,albumSm_Prog001.mp4,albumSm_Prog001.jpg,cg63.jpg,OK,imagem=ERRO | mao=OK
4473,ALCANÇAR1,alcancar1Sm_Prog001.mp4,alcancar1Sm_Prog001.jpg,cg10.jpg,OK,imagem=ERRO | mao=OK
4474,ALCANÇAR2,alcancar2Sm_Prog001.mp4,alcancar2Sm_Prog001.jpg,cg47.jpg,OK,imagem=ERRO | mao=OK
4475,ALCANÇAR3,alcancar3Sm_Prog001.mp4,alcancar3Sm_Prog001.jpg,cg12.jpg,OK,imagem=ERRO | mao=OK
5114,ALÇAPÃO,alcapaoSm_Prog001.mp4,alcapaoSm_Prog001.jpg,cg53b.jpg,OK,imagem=ERRO | mao=OK
86,ALCE,alceSm_Prog001.mp4,alceSm_Prog001.jpg,cg64.jpg,OK,imagem=OK | mao=OK
88,ÁLCOOL,alcoolSm_Prog001.mp4,alcoolSm_Prog001.jpg,cg44.jpg,OK,imagem=ERRO | mao=OK
4033,ALEGRE,alegreSm_Prog001.mp4,alegreSm_Prog001.jpg,cg64.jpg,OK,imagem=ERRO | mao=OK
4477,ALEIJAR,aleijarSm_Prog001.mp4,aleijarSm_Prog001.jpg,cg45.jpg,OK,imagem=ERRO | mao=OK
5115,ALELUIA1,aleluia1Sm_Prog001.mp4,aleluia1Sm_Prog001.jpg,cg07.jpg,OK,imagem=ERRO | mao=OK
5116,ALELUIA2,aleluia2Sm_Prog001.mp4,aleluia2Sm_Prog001.jpg,cg64.jpg,OK,imagem=ERRO | mao=OK
6733,ALÉM,alemSm_Prog001.mp4,alemSm_Prog001.jpg,cg53b.jpg,OK,imagem=ERRO | mao=OK
3880,ALEMANHA,alemanhaSm_Prog001.mp4,alemanhaSm_Prog001.jpg,cg08a.jpg,OK,imagem=ERRO | mao=OK
7284,ALEMÃO,alemaoSm_Prog001.mp4,alemaoSm_Prog001.jpg,cg08a.jpg,OK,imagem=ERRO | mao=OK
91,ALERGIA1,alergia1Sm_Prog001.mp4,alergia1Sm_Prog001.jpg,cg33.jpg,OK,imagem=OK | mao=OK
4034,ALERGIA2,alergia2Sm_Prog001.mp4,alergia2Sm_Prog001.jpg,cg46b.jpg,OK,imagem=OK | mao=OK
5117,ALERTA,alertaSm_Prog001.mp4,alertaSm_Prog001.jpg,cg08a.jpg,OK,imagem=ERRO | mao=OK
403,ALERTAR1,alertar1Sm_Prog001.mp4,alertar1Sm_Prog001.jpg,cg64.jpg,OK,imagem=ERRO | mao=OK
404,ALERTAR2,alertar2Sm_Prog001.mp4,alertar2Sm_Prog001.jpg,cg14.jpg,OK,imagem=ERRO | mao=OK
92,ALFABETO,alfabetoSm_Prog001.mp4,alfabetoSm_Prog001.jpg,cg01.jpg,OK,imagem=ERRO | mao=OK
93,ALFACE,alfaceSm_Prog001.mp4,alfaceSm_Prog001.jpg,cg47.jpg,OK,imagem=OK | mao=OK
94,ALFAIATE,alfaiateSm_Prog001.mp4,alfaiateSm_Prog001.jpg,cg55.jpg,OK,imagem=ERRO | mao=OK
95,ALFINETE,alfineteSm_Prog001.mp4,alfineteSm_Prog001.jpg,cg18a.jpg,OK,imagem=ERRO | mao=OK
4036,ALFINETE DE FRALDA,alfinete2Sm_Prog001.mp4,alfinete2Sm_Prog001.jpg,cg25.jpg,ERRO,video_download_falhou
4846,ALGEMAS,algemasSm_Prog001.mp4,algemasSm_Prog001.jpg,cg48.jpg,OK,imagem=ERRO | mao=OK
97,ALGODÃO,algodaoSm_Prog001.mp4,algodaoSm_Prog001.jpg,cg57.jpg,OK,imagem=OK | mao=OK
98,ALGUÉM,alguemSm_Prog001.mp4,alguemSm_Prog001.jpg,cg57.jpg,OK,imagem=ERRO | mao=OK
5237,ALGUM1,algum1Sm_Prog001.mp4,algum1Sm_Prog001.jpg,cg63.jpg,OK,imagem=ERRO | mao=OK
5238,ALGUM2,algum2Sm_Prog001.mp4,algum2Sm_Prog001.jpg,cg58.jpg,OK,imagem=ERRO | mao=OK
7212,ALGUM3,algum3Sm_Prog001.mp4,algum3Sm_Prog001.jpg,cg14.jpg,OK,imagem=ERRO | mao=OK
100,ALHO,alhoSm_Prog001.mp4,alhoSm_Prog001.jpg,cg02.jpg,OK,imagem=OK | mao=OK
406,ALI,aliSm_Prog001.mp4,aliSm_Prog001.jpg,cg14.jpg,OK,imagem=ERRO | mao=OK
6734,ALIADO,aliadoSm_Prog001.mp4,aliadoSm_Prog001.jpg,cg33.jpg,OK,imagem=ERRO | mao=OK
5119,ALIANÇA,aliancaSm_Prog001.mp4,aliancaSm_Prog001.jpg,cg21.jpg,OK,imagem=ERRO | mao=OK
101,ALICATE1,alicate1Sm_Prog001.mp4,alicate1Sm_Prog001.jpg,cg29b.jpg,OK,imagem=OK | mao=OK
102,ALICATE2,alicate2Sm_Prog001.mp4,alicate2Sm_Prog001.jpg,cg07.jpg,OK,imagem=OK | mao=OK
407,ALIMENTAR1,alimentarSm_Prog001.mp4,alimentarSm_Prog001.jpg,cg53a.jpg,ERRO,video_download_falhou
103,ALIMENTO,alimentoSm_Prog001.mp4,alimentoSm_Prog001.jpg,cg53a.jpg,OK,imagem=ERRO | mao=OK
6735,ALÍQUOTA,aliquotaSm_Prog001.mp4,aliquotaSm_Prog001.jpg,cg49.jpg,OK,imagem=ERRO | mao=OK
6736,ALISAR,alisarSm_Prog001.mp4,alisarSm_Prog001.jpg,cg63.jpg,OK,imagem=ERRO | mao=OK
408,ALISTAR1,alistar1Sm_Prog001.mp4,alistar1Sm_Prog001.jpg,cg32.jpg,OK,imagem=ERRO | mao=OK
4478,ALISTAR2,alistar2Sm_Prog001.mp4,alistar2Sm_Prog001.jpg,cg44.jpg,OK,imagem=ERRO | mao=OK
4063,ALIVIADO,aliviadoSm_Prog001.mp4,aliviadoSm_Prog001.jpg,cg63.jpg,OK,imagem=ERRO | mao=OK
409,ALIVIAR,aliviarSm_Prog001.mp4,aliviarSm_Prog001.jpg,cg20.jpg,OK,imagem=ERRO | mao=OK
104,ALMA,almaSm_Prog001.mp4,almaSm_Prog001.jpg,cg57.jpg,OK,imagem=ERRO | mao=OK
4847,ALMEJAR,almejarSm_Prog001.mp4,almejarSm_Prog001.jpg,cg47.jpg,OK,imagem=ERRO | mao=OK
411,ALMOÇAR,almocarSm_Prog001.mp4,almocarSm_Prog001.jpg,cg53a.jpg,OK,imagem=ERRO | mao=OK
410,ALMOÇO1,almoco1Sm_Prog001.mp4,almoco1Sm_Prog001.jpg,cg53a.jpg,OK,imagem=ERRO | mao=OK
5241,ALMOÇO2,almoco2Sm_Prog001.mp4,almoco2Sm_Prog001.jpg,cg53a.jpg,OK,imagem=ERRO | mao=OK
412,ALMOFADA,almofadaSm_Prog001.mp4,almofadaSm_Prog001.jpg,cg50.jpg,OK,imagem=ERRO | mao=OK
7285,ALMONDEGA,almondegaSm_Prog001.mp4,almondegaSm_Prog001.jpg,cg48.jpg,ERRO,video_download_falhou
105,ALOJAMENTO,alojamentoSm_Prog001.mp4,alojamentoSm_Prog001.jpg,cg02.jpg,OK,imagem=ERRO | mao=OK
413,ALTAR,altarSm_Prog001.mp4,altarSm_Prog001.jpg,cg62.jpg,OK,imagem=ERRO | mao=OK
4848,ALTERAR,alterarSm_Prog001.mp4,alterarSm_Prog001.jpg,cg07.jpg,OK,imagem=ERRO | mao=OK
6739,ALTERNAR,alternarSm_Prog001.mp4,alternarSm_Prog001.jpg,cg07.jpg,OK,imagem=ERRO | mao=OK
5120,ALTITUDE,altitudeSm_Prog001.mp4,altitudeSm_Prog001.jpg,cg14.jpg,OK,imagem=ERRO | mao=OK
5203,ALTO-FALANTE,alto-falanteSm_Prog001.mp4,alto-falanteSm_Prog001.jpg,cg02.jpg,OK,imagem=ERRO | mao=OK
106,ALTO1,alto1Sm_Prog001.mp4,alto1Sm_Prog001.jpg,cg53a.jpg,OK,imagem=ERRO | mao=OK
107,ALTO2,alto2Sm_Prog001.mp4,alto2Sm_Prog001.jpg,cg14.jpg,OK,imagem=ERRO | mao=OK
108,ALTO3,alto3Sm_Prog001.mp4,alto3Sm_Prog001.jpg,cg63.jpg,OK,imagem=ERRO | mao=OK
6873,ALTO4,alto4Sm_Prog001.mp4,alto4Sm_Prog001.jpg,cg08a.jpg,OK,imagem=ERRO | mao=OK
109,ALTURA,alturaSm_Prog001.mp4,alturaSm_Prog001.jpg,cg55.jpg,OK,imagem=ERRO | mao=OK
414,ALUGAR,alugarSm_Prog001.mp4,alugarSm_Prog001.jpg,cg08a.jpg,OK,imagem=ERRO | mao=OK
415,ALUGUEL1,aluguelSm_Prog001.mp4,aluguelSm_Prog001.jpg,cg47.jpg,OK,imagem=ERRO | mao=OK
7286,ALUGUEL2,aluguel2Sm_Prog001.mp4,aluguel2Sm_Prog001.jpg,cg08a.jpg,OK,imagem=ERRO | mao=OK
416,ALUMÍNIO,aluminioSm_Prog001.mp4,aluminioSm_Prog001.jpg,cg40.jpg,OK,imagem=ERRO | mao=OK
110,ALUNO1,aluno1Sm_Prog001.mp4,aluno1Sm_Prog001.jpg,cg63.jpg,OK,imagem=ERRO | mao=OK
4064,ALUNO2,aluno2Sm_Prog001.mp4,aluno2Sm_Prog001.jpg,cg01.jpg,OK,imagem=ERRO | mao=OK
417,ALVO,alvoSm_Prog001.mp4,alvoSm_Prog001.jpg,cg14.jpg,OK,imagem=ERRO | mao=OK
418,AMAMENTAR,amamentarSm_Prog001.mp4,amamentarSm_Prog001.jpg,cg45.jpg,OK,imagem=ERRO | mao=OK
111,AMANHÃ,amanhaSm_Prog001.mp4,amanhaSm_Prog001.jpg,cg35a.jpg,OK,imagem=ERRO | mao=OK
4479,AMANHECER,amanhecerSm_Prog001.mp4,amanhecerSm_Prog001.jpg,cg08a.jpg,OK,imagem=ERRO | mao=OK
4849,AMANSAR,amansarSm_Prog001.mp4,amansarSm_Prog001.jpg,cg52.jpg,OK,imagem=ERRO | mao=OK
1,AMANTE,amanteSm_Prog001.mp4,amanteSm_Prog001.jpg,cg41.jpg,OK,imagem=ERRO | mao=OK
3881,AMAPÁ,amapa1Sm_Prog001.mp4,amapa1Sm_Prog001.jpg,cg01.jpg,ERRO,video_download_falhou
419,AMAR,amar1Sm_Prog001.mp4,amar1Sm_Prog001.jpg,cg51a.jpg,ERRO,video_download_falhou
420,AMARELINHA,amarelinhaSm_Prog001.mp4,amarelinhaSm_Prog001.jpg,cg27.jpg,OK,imagem=OK | mao=OK
3882,AMARELO,amareloSm_Prog001.mp4,amareloSm_Prog001.jpg,cg12.jpg,OK,imagem=ERRO | mao=OK
2,AMARGO,amargoSm_Prog001.mp4,amargoSm_Prog001.jpg,cg14.jpg,OK,imagem=ERRO | mao=OK
421,AMARRAR,amarrarSm_Prog001.mp4,amarrarSm_Prog001.jpg,cg05.jpg,OK,imagem=ERRO | mao=OK
422,AMASSADO1,amassado1Sm_Prog001.mp4,amassado1Sm_Prog001.jpg,cg46a.jpg,OK,imagem=ERRO | mao=OK
5276,AMASSADO2,amassado2Sm_Prog001.mp4,amassado2Sm_Prog001.jpg,cg46a.jpg,OK,imagem=ERRO | mao=OK
423,AMASSAR1,amassar1Sm_Prog001.mp4,amassar1Sm_Prog001.jpg,cg47.jpg,OK,imagem=ERRO | mao=OK
5277,AMASSAR2,amassar2Sm_Prog001.mp4,amassar2Sm_Prog001.jpg,cg64.jpg,OK,imagem=ERRO | mao=OK
6740,AMAZONA,amazonaSm_Prog001.mp4,amazonaSm_Prog001.jpg,cg02.jpg,OK,imagem=ERRO | mao=OK
3883,AMAZONAS,amazonasSm_Prog001.mp4,amazonasSm_Prog001.jpg,cg58.jpg,OK,imagem=ERRO | mao=OK
6972,AMBIDESTRO,ambidestroSm_Prog001.mp4,ambidestroSm_Prog001.jpg,cg64.jpg,OK,imagem=ERRO | mao=OK
425,AMBOS,ambosSm_Prog001.mp4,ambosSm_Prog001.jpg,cg32.jpg,OK,imagem=ERRO | mao=OK
6,AMBULÂNCIA,ambulânciaSm_Prog001.mp4,ambulânciaSm_Prog001.jpg,cg57.jpg,ERRO,video_download_falhou
6975,AMEAÇAR1,ameacar1Sm_Prog001.mp4,ameacar1Sm_Prog001.jpg,cg05.jpg,OK,imagem=ERRO | mao=OK
6976,AMEAÇAR2,ameacar2Sm_Prog001.mp4,ameacar2Sm_Prog001.jpg,cg05.jpg,OK,imagem=ERRO | mao=OK
426,AMÉM1,amem1Sm_Prog001.mp4,amem1Sm_Prog001.jpg,cg62.jpg,OK,imagem=ERRO | mao=OK
427,AMÉM2,amem2Sm_Prog001.mp4,amem2Sm_Prog001.jpg,cg52.jpg,OK,imagem=ERRO | mao=OK
7,AMENDOIM,amendoimSm_Prog001.mp4,amendoimSm_Prog001.jpg,cg17.jpg,OK,imagem=OK | mao=OK
5121,AMÉRICA,americaSm_Prog001.mp4,americaSm_Prog001.jpg,cg64.jpg,OK,imagem=ERRO | mao=OK
4872,AMÉRICA CENTRAL,america_centralSm_Prog001.mp4,america_centralSm_Prog001.jpg,cg07.jpg,OK,imagem=ERRO | mao=OK
4482,AMERICA DO NORTE,america_norteSm_Prog001.mp4,america_norteSm_Prog001.jpg,cg64.jpg,OK,imagem=ERRO | mao=OK
4481,AMERICA DO SUL,america_sulSm_Prog001.mp4,america_sulSm_Prog001.jpg,cg64.jpg,OK,imagem=ERRO | mao=OK
5122,AMERICANO,americanoSm_Prog001.mp4,americanoSm_Prog001.jpg,cg14.jpg,OK,imagem=ERRO | mao=OK
8,AMIGO,amigoSm_Prog001.mp4,amigoSm_Prog001.jpg,cg63.jpg,OK,imagem=ERRO | mao=OK
429,AMOLAR1,amolar1Sm_Prog001.mp4,amolar1Sm_Prog001.jpg,cg63.jpg,OK,imagem=ERRO | mao=OK
430,AMOLAR2,amolar2Sm_Prog001.mp4,amolar2Sm_Prog001.jpg,cg24.jpg,OK,imagem=ERRO | mao=OK
431,AMONTOAR,amontoarSm_Prog001.mp4,amontoarSm_Prog001.jpg,cg47.jpg,OK,imagem=ERRO | mao=OK
5123,AMORA,amoraSm_Prog001.mp4,amoraSm_Prog001.jpg,cg45.jpg,OK,imagem=OK | mao=OK
6741,AMORTECEDOR,amortecedorSm_Prog001.mp4,amortecedorSm_Prog001.jpg,cg02.jpg,OK,imagem=ERRO | mao=OK
6979,AMPLIAR,ampliarSm_Prog001.mp4,ampliarSm_Prog001.jpg,cg63.jpg,OK,imagem=ERRO | mao=OK
4851,AMPLO,amploSm_Prog001.mp4,amploSm_Prog001.jpg,cg63.jpg,OK,imagem=ERRO | mao=OK
4852,AMPUTAR,amputarSm_Prog001.mp4,amputarSm_Prog001.jpg,cg63.jpg,OK,imagem=ERRO | mao=OK
4853,ANALFABETO,analfabetoSm_Prog001.mp4,analfabetoSm_Prog001.jpg,cg07.jpg,OK,imagem=ERRO | mao=OK
4854,ANALISAR,analisarSm_Prog001.mp4,analisarSm_Prog001.jpg,cg14.jpg,OK,imagem=OK | mao=OK
6742,ANCESTRAIS,ancestraisSm_Prog001.mp4,ancestraisSm_Prog001.jpg,cg12.jpg,OK,imagem=ERRO | mao=OK
4483,ANCIÃO,anciaoSm_Prog001.mp4,anciaoSm_Prog001.jpg,cg02.jpg,OK,imagem=ERRO | mao=OK
5127,ANCORAR,ancorarSm_Prog001.mp4,ancorarSm_Prog001.jpg,cg16.jpg,OK,imagem=ERRO | mao=OK
7287,ANDAIME,andaimeSm_Prog001.mp4,andaimeSm_Prog001.jpg,cg37a.jpg,OK,imagem=ERRO | mao=OK
10,ANDAR1,andar1Sm_Prog001.mp4,andar1Sm_Prog001.jpg,cg53a.jpg,OK,imagem=ERRO | mao=OK
4037,ANDAR2,andar2Sm_Prog001.mp4,andar2Sm_Prog001.jpg,cg01.jpg,OK,imagem=ERRO | mao=OK
4038,ANDAR3,andar3Sm_Prog001.mp4,andar3Sm_Prog001.jpg,cg02.jpg,OK,imagem=ERRO | mao=OK
4040,ANDAR4,andar4Sm_Prog001.mp4,andar4Sm_Prog001.jpg,cg31.jpg,OK,imagem=ERRO | mao=OK
4039,ANDAR5,andar5Sm_Prog001.mp4,andar5Sm_Prog001.jpg,cg02.jpg,OK,imagem=ERRO | mao=OK
4041,ANDAR6,andar6Sm_Prog001.mp4,andar6Sm_Prog001.jpg,cg27.jpg,OK,imagem=ERRO | mao=OK
5125,ANDAR7,andar7Sm_Prog001.mp4,andar7Sm_Prog001.jpg,cg52.jpg,OK,imagem=ERRO | mao=OK
12,ANEL,anelSm_Prog001.mp4,anelSm_Prog001.jpg,cg21.jpg,OK,imagem=ERRO | mao=OK
5128,ÂNGULO,anguloSm_Prog001.mp4,anguloSm_Prog001.jpg,cg32.jpg,OK,imagem=ERRO | mao=OK
4808,ANGUSTIADO,angustiadoSm_Prog001.mp4,angustiadoSm_Prog001.jpg,cg46a.jpg,OK,imagem=ERRO | mao=OK
4856,ANGUSTIAR,angustiarSm_Prog001.mp4,angustiarSm_Prog001.jpg,cg02.jpg,OK,imagem=ERRO | mao=OK
13,ANIMAL,animaisSm_Prog001.mp4,animaisSm_Prog001.jpg,cg47.jpg,OK,imagem=OK | mao=OK
432,ANIMAR,animarSm_Prog001.mp4,animarSm_Prog001.jpg,cg64.jpg,ERRO,video_download_falhou
4857,ANIQUILAR,aniquilarSm_Prog001.mp4,aniquilarSm_Prog001.jpg,cg64.jpg,OK,imagem=ERRO | mao=OK
16,ANIVERSÁRIO1,aniversario1Sm_Prog001.mp4,aniversario1Sm_Prog001.jpg,cg40.jpg,OK,imagem=ERRO | mao=OK
6743,ANIVERSÁRIO2,aniversario2Sm_Prog001.mp4,aniversario2Sm_Prog001.jpg,cg14.jpg,OK,imagem=ERRO | mao=OK
18,ANJO,anjoSm_Prog001.mp4,anjoSm_Prog001.jpg,cg63.jpg,OK,imagem=ERRO | mao=OK
21,ANO,anoSm_Prog001.mp4,anoSm_Prog001.jpg,cg02.jpg,OK,imagem=ERRO | mao=OK
3884,ANO NOVO1,ano_novo1Sm_Prog001.mp4,ano_novo1Sm_Prog001.jpg,cg02.jpg,OK,imagem=ERRO | mao=OK
5247,ANO NOVO2,ano_novo2Sm_Prog001.mp4,ano_novo2Sm_Prog001.jpg,cg07.jpg,OK,imagem=ERRO | mao=OK
7288,ANO NOVO3,ano_novo3Sm_Prog001.mp4,ano_novo3Sm_Prog001.jpg,cg05.jpg,OK,imagem=ERRO | mao=OK
3885,ANO PASSADO,ano_passadoSm_Prog001.mp4,ano_passadoSm_Prog001.jpg,cg02.jpg,OK,imagem=ERRO | mao=OK
3886,ANO QUE VEM1,ano_que_vem1Sm_Prog001.mp4,ano_que_vem1Sm_Prog001.jpg,cg02.jpg,OK,imagem=ERRO | mao=OK
5248,ANO QUE VEM2,ano_que_vem2Sm_Prog001.mp4,ano_que_vem2Sm_Prog001.jpg,cg02.jpg,OK,imagem=ERRO | mao=OK
6874,ANO1,ano2Sm_Prog001.mp4,ano2Sm_Prog001.jpg,cg01.jpg,OK,imagem=ERRO | mao=OK
5246,ANO2,ano3Sm_Prog001.mp4,ano3Sm_Prog001.jpg,cg40.jpg,ERRO,video_download_falhou
24,ANOS,anosSm_Prog001.mp4,anosSm_Prog001.jpg,cg02.jpg,OK,imagem=ERRO | mao=OK
5130,ANOTAR1,anotar1Sm_Prog001.mp4,anotar1Sm_Prog001.jpg,cg44.jpg,OK,imagem=ERRO | mao=OK
5129,ANOTAR2,anotar2Sm_Prog001.mp4,anotar2Sm_Prog001.jpg,cg07.jpg,OK,imagem=ERRO | mao=OK
7114,ANOTAR3,anotar3Sm_Prog001.mp4,anotar3Sm_Prog001.jpg,cg44.jpg,OK,imagem=ERRO | mao=OK
27,ANSIOSO,ansiosoSm_Prog001.mp4,ansiosoSm_Prog001.jpg,cg02.jpg,ERRO,video_download_falhou
5134,ANTAGÔNICO,antagonicoSm_Prog001.mp4,antagonicoSm_Prog001.jpg,cg32.jpg,OK,imagem=ERRO | mao=OK
5206,ANTÁRTICA,antartica1Sm_Prog001.mp4,antartica1Sm_Prog001.jpg,cg47.jpg,ERRO,video_download_falhou
440,ANTEBRAÇO,antebracoSm_Prog001.mp4,antebracoSm_Prog001.jpg,cg14.jpg,OK,imagem=ERRO | mao=OK
4485,ANTECEDÊNCIA1,antecedenciaSm_Prog001.mp4,antecedenciaSm_Prog001.jpg,cg53a.jpg,ERRO,video_download_falhou
7289,ANTECEDÊNCIA2,antecedencia2Sm_Prog001.mp4,antecedencia2Sm_Prog001.jpg,cg08a.jpg,OK,imagem=ERRO | mao=OK
4810,ANTECEDER,antecederSm_Prog001.mp4,antecederSm_Prog001.jpg,cg08a.jpg,OK,imagem=ERRO | mao=OK
435,ANTECIPAR1,antecipar1Sm_Prog001.mp4,antecipar1Sm_Prog001.jpg,cg08a.jpg,ERRO,video_download_falhou
5131,ANTECIPAR2,antecipar2Sm_Prog001.mp4,antecipar2Sm_Prog001.jpg,cg53a.jpg,OK,imagem=ERRO | mao=OK
4042,ANTENA PARABÓLICA,antena_parabolicaSm_Prog001.mp4,antena_parabolicaSm_Prog001.jpg,cg47.jpg,OK,imagem=ERRO | mao=OK
441,ANTENA1,antena1Sm_Prog001.mp4,antena1Sm_Prog001.jpg,cg32.jpg,OK,imagem=ERRO | mao=OK
442,ANTENA2,antena2Sm_Prog001.mp4,antena2Sm_Prog001.jpg,cg32.jpg,OK,imagem=OK | mao=OK
5249,ANTENA3,antena3Sm_Prog001.mp4,antena3Sm_Prog001.jpg,cg20.jpg,OK,imagem=OK | mao=OK
28,ANTEONTEM,anteontemSm_Prog001.mp4,anteontemSm_Prog001.jpg,cg28.jpg,OK,imagem=ERRO | mao=OK
436,ANTEPASSADOS,antepassadosSm_Prog001.mp4,antepassadosSm_Prog001.jpg,cg63.jpg,OK,imagem=ERRO | mao=OK
4486,ANTERIOR1,anterior1Sm_Prog001.mp4,anterior1Sm_Prog001.jpg,cg08a.jpg,OK,imagem=ERRO | mao=OK
5250,ANTERIOR2,anterior2Sm_Prog001.mp4,anterior2Sm_Prog001.jpg,cg63.jpg,OK,imagem=ERRO | mao=OK
30,ANTES1,antes1Sm_Prog001.mp4,antes1Sm_Prog001.jpg,cg53a.jpg,OK,imagem=ERRO | mao=OK
32,ANTES2,antes2Sm_Prog001.mp4,antes2Sm_Prog001.jpg,cg08a.jpg,OK,imagem=ERRO | mao=OK
443,ANTICONCEPCIONAL,anticoncepcionalSm_Prog001.mp4,anticoncepcionalSm_Prog001.jpg,cg49.jpg,OK,imagem=OK | mao=OK
34,ANTIGO1,antigo1Sm_Prog001.mp4,antigo1Sm_Prog001.jpg,cg39.jpg,OK,imagem=ERRO | mao=OK
36,ANTIGO2,antigo2Sm_Prog001.mp4,antigo2Sm_Prog001.jpg,cg22b.jpg,OK,imagem=ERRO | mao=OK
5135,ANTILHAS,antilhasSm_Prog001.mp4,antilhasSm_Prog001.jpg,cg26.jpg,OK,imagem=ERRO | mao=OK
4065,ANTIPÁTICO,antipaticoSm_Prog001.mp4,antipaticoSm_Prog001.jpg,cg46a.jpg,OK,imagem=ERRO | mao=OK
7290,ANUAL,anualSm_Prog001.mp4,anualSm_Prog001.jpg,cg02.jpg,OK,imagem=ERRO | mao=OK
4811,ANULADO,anuladoSm_Prog001.mp4,anuladoSm_Prog001.jpg,cg14.jpg,OK,imagem=ERRO | mao=OK
437,ANULAR1,anular1Sm_Prog001.mp4,anular1Sm_Prog001.jpg,cg14.jpg,OK,imagem=ERRO | mao=OK
438,ANULAR2,anular2Sm_Prog001.mp4,anular2Sm_Prog001.jpg,cg14.jpg,OK,imagem=ERRO | mao=OK
439,ANUNCIAR,anunciarSm_Prog001.mp4,anunciarSm_Prog001.jpg,cg40.jpg,OK,imagem=ERRO | mao=OK
4066,ANÚNCIO,anuncioSm_Prog001.mp4,anuncioSm_Prog001.jpg,cg40.jpg,OK,imagem=ERRO | mao=OK
38,ÂNUS1,anus1Sm_Prog001.mp4,anus1Sm_Prog001.jpg,cg49.jpg,OK,imagem=ERRO | mao=OK
6986,ÂNUS2,anus2Sm_Prog001.mp4,anus2Sm_Prog001.jpg,cg02.jpg,OK,imagem=ERRO | mao=OK
4812,ANZOL,anzolSm_Prog001.mp4,anzolSm_Prog001.jpg,cg15.jpg,OK,imagem=ERRO | mao=OK
444,APAGADO,apagadoSm_Prog001.mp4,apagadoSm_Prog001.jpg,cg02.jpg,OK,imagem=ERRO | mao=OK
445,APAGADOR,apagadorSm_Prog001.mp4,apagadorSm_Prog001.jpg,cg01.jpg,OK,imagem=ERRO | mao=OK
448,APAGAR LUZ,apagar3Sm_Prog001.mp4,apagar3Sm_Prog001.jpg,cg02.jpg,OK,imagem=ERRO | mao=OK
446,APAGAR VELA,apagar1Sm_Prog001.mp4,apagar1Sm_Prog001.jpg,cg02.jpg,OK,imagem=ERRO | mao=OK
4487,APAIXONADO,apaixonadoSm_Prog001.mp4,apaixonadoSm_Prog001.jpg,cg51a.jpg,OK,imagem=ERRO | mao=OK
449,APAIXONAR,apaixonarSm_Prog001.mp4,apaixonarSm_Prog001.jpg,cg51a.jpg,OK,imagem=ERRO | mao=OK
4488,APALPAR,apalparSm_Prog001.mp4,apalparSm_Prog001.jpg,cg47.jpg,OK,imagem=ERRO | mao=OK
4489,APANHAR1,apanhar1Sm_Prog001.mp4,apanhar1Sm_Prog001.jpg,cg57.jpg,OK,imagem=ERRO | mao=OK
5136,APANHAR2,apanhar2Sm_Prog001.mp4,apanhar2Sm_Prog001.jpg,cg11.jpg,OK,imagem=ERRO | mao=OK
5137,APARAFUSAR,aparafusarSm_Prog001.mp4,aparafusarSm_Prog001.jpg,cg05.jpg,OK,imagem=ERRO | mao=OK
5132,APARECER1,aparecer2Sm_Prog001.mp4,aparecer2Sm_Prog001.jpg,cg08a.jpg,ERRO,video_download_falhou
5133,APARECER2,aparecer3Sm_Prog001.mp4,aparecer3Sm_Prog001.jpg,cg32.jpg,OK,imagem=ERRO | mao=OK
451,APARELHO AUDITIVO,aparelho_auditivoSm_Prog001.mp4,aparelho_auditivoSm_Prog001.jpg,cg18a.jpg,OK,imagem=ERRO | mao=OK
5138,APARELHO DE SOM,aparelho_desomSm_Prog001.mp4,aparelho_desomSm_Prog001.jpg,cg49.jpg,ERRO,video_download_falhou
5148,APARENTEMENTE,aparentamenteSm_Prog001.mp4,aparentamenteSm_Prog001.jpg,cg32.jpg,ERRO,video_download_falhou
40,APARTAMENTO,apartamentoSm_Prog001.mp4,apartamentoSm_Prog001.jpg,cg52.jpg,OK,imagem=ERRO | mao=OK
4858,APAVORAR,apavorarSm_Prog001.mp4,apavorarSm_Prog001.jpg,cg64.jpg,OK,imagem=ERRO | mao=OK
452,APEGAR,apegarSm_Prog001.mp4,apegarSm_Prog001.jpg,cg14.jpg,OK,imagem=ERRO | mao=OK
4859,APELAR,apelarSm_Prog001.mp4,apelarSm_Prog001.jpg,cg11.jpg,OK,imagem=ERRO | mao=OK
1168,APELIDAR1,apelidar1Sm_Prog001.mp4,apelidar1Sm_Prog001.jpg,cg08a.jpg,OK,imagem=ERRO | mao=OK
5251,APELIDAR2,apelidar2Sm_Prog001.mp4,apelidar2Sm_Prog001.jpg,cg39.jpg,OK,imagem=ERRO | mao=OK
453,APELIDO,apelidoSm_Prog001.mp4,apelidoSm_Prog001.jpg,cg08a.jpg,OK,imagem=ERRO | mao=OK
4860,APENAS,apenasSm_Prog001.mp4,apenasSm_Prog001.jpg,cg33.jpg,OK,imagem=ERRO | mao=OK
454,APERFEIÇOAR1,aperfeicoar1Sm_Prog001.mp4,aperfeicoar1Sm_Prog001.jpg,cg49.jpg,OK,imagem=ERRO | mao=OK
5252,APERFEIÇOAR2,aperfeicoar2Sm_Prog001.mp4,aperfeicoar2Sm_Prog001.jpg,cg63.jpg,OK,imagem=ERRO | mao=OK
455,APERTADO1,apertado1Sm_Prog001.mp4,apertado1Sm_Prog001.jpg,cg64.jpg,OK,imagem=ERRO | mao=OK
456,APERTADO2,apertado2Sm_Prog001.mp4,apertado2Sm_Prog001.jpg,cg07.jpg,OK,imagem=ERRO | mao=OK
457,APERTAR,apertarSm_Prog001.mp4,apertarSm_Prog001.jpg,cg07.jpg,OK,imagem=ERRO | mao=OK
459,APETITE1,apetite1Sm_Prog001.mp4,apetite1Sm_Prog001.jpg,cg14.jpg,OK,imagem=ERRO | mao=OK
5143,APETITE2,apetite2Sm_Prog001.mp4,apetite2Sm_Prog001.jpg,cg55.jpg,OK,imagem=ERRO | mao=OK
5144,ÁPICE,apiceSm_Prog001.mp4,apiceSm_Prog001.jpg,cg62.jpg,OK,imagem=ERRO | mao=OK
5145,APIMENTADO,apimentadoSm_Prog001.mp4,apimentadoSm_Prog001.jpg,cg62.jpg,OK,imagem=ERRO | mao=OK
460,APITAR,apitarSm_Prog001.mp4,apitarSm_Prog001.jpg,cg21.jpg,OK,imagem=ERRO | mao=OK
461,APITO,apitoSm_Prog001.mp4,apitoSm_Prog001.jpg,cg05.jpg,OK,imagem=ERRO | mao=OK
462,APLAUDIR1,aplaudir1Sm_Prog001.mp4,aplaudir1Sm_Prog001.jpg,cg63.jpg,OK,imagem=ERRO | mao=OK
463,APLAUDIR2,aplaudir2Sm_Prog001.mp4,aplaudir2Sm_Prog001.jpg,cg64.jpg,OK,imagem=ERRO | mao=OK
464,APLICAR1,aplicar1Sm_Prog001.mp4,aplicar1Sm_Prog001.jpg,cg10.jpg,OK,imagem=ERRO | mao=OK
465,APLICAR2,aplicar2Sm_Prog001.mp4,aplicar2Sm_Prog001.jpg,cg05.jpg,OK,imagem=ERRO | mao=OK
466,APODERAR,apoderarSm_Prog001.mp4,apoderarSm_Prog001.jpg,cg47.jpg,OK,imagem=ERRO | mao=OK
467,APODRECER1,apodrecer1Sm_Prog001.mp4,apodrecer1Sm_Prog001.jpg,cg16.jpg,OK,imagem=ERRO | mao=OK
4813,APODRECER2,apodrecer2Sm_Prog001.mp4,apodrecer2Sm_Prog001.jpg,cg14.jpg,OK,imagem=ERRO | mao=OK
5146,APOGEU,apogeuSm_Prog001.mp4,apogeuSm_Prog001.jpg,cg62.jpg,OK,imagem=ERRO | mao=OK
469,APOIAR1,apoiar1Sm_Prog001.mp4,apoiar1Sm_Prog001.jpg,cg62.jpg,OK,imagem=ERRO | mao=OK
5254,APOIAR2,apoiar2Sm_Prog001.mp4,apoiar2Sm_Prog001.jpg,cg02.jpg,OK,imagem=ERRO | mao=OK
41,APONTADOR,apontadorSm_Prog001.mp4,apontadorSm_Prog001.jpg,cg05.jpg,OK,imagem=ERRO | mao=OK
470,APONTAR1,apontar1Sm_Prog001.mp4,apontar1Sm_Prog001.jpg,cg20.jpg,OK,imagem=ERRO | mao=OK
5139,APONTAR2,apontar2Sm_Prog001.mp4,apontar2Sm_Prog001.jpg,cg14.jpg,OK,imagem=ERRO | mao=OK
472,APÓS,aposSm_Prog001.mp4,aposSm_Prog001.jpg,cg14.jpg,OK,imagem=ERRO | mao=OK
42,APOSENTADO,aposentadoSm_Prog001.mp4,aposentadoSm_Prog001.jpg,cg01.jpg,OK,imagem=ERRO | mao=OK
5211,APOSENTADORIA,aposentadoriaSm_Prog001.mp4,aposentadoriaSm_Prog001.jpg,cg47.jpg,OK,imagem=ERRO | mao=OK
471,APOSENTAR,aposentarSm_Prog001.mp4,aposentarSm_Prog001.jpg,cg05.jpg,OK,imagem=ERRO | mao=OK
473,APOSTAR,apostarSm_Prog001.mp4,apostarSm_Prog001.jpg,cg14.jpg,OK,imagem=ERRO | mao=OK
4814,APÓSTOLO,apostoloSm_Prog001.mp4,apostoloSm_Prog001.jpg,cg07.jpg,OK,imagem=ERRO | mao=OK
474,APRECIAR,apreciarSm_Prog001.mp4,apreciarSm_Prog001.jpg,cg58.jpg,OK,imagem=ERRO | mao=OK
475,APREENDER,apreenderSm_Prog001.mp4,apreenderSm_Prog001.jpg,cg47.jpg,OK,imagem=ERRO | mao=OK
476,APRENDER,aprenderSm_Prog001.mp4,aprenderSm_Prog001.jpg,cg51a.jpg,OK,imagem=ERRO | mao=OK
477,APRESENTAR1,apresentar1Sm_Prog001.mp4,apresentar1Sm_Prog001.jpg,cg14.jpg,OK,imagem=ERRO | mao=OK
478,APRESENTAR2,apresentar2Sm_Prog001.mp4,apresentar2Sm_Prog001.jpg,cg32.jpg,OK,imagem=ERRO | mao=OK
479,APRESENTAR3,apresentar3Sm_Prog001.mp4,apresentar3Sm_Prog001.jpg,cg63.jpg,OK,imagem=ERRO | mao=OK
480,APRESSAR1,apressar1Sm_Prog001.mp4,apressar1Sm_Prog001.jpg,cg51a.jpg,OK,imagem=ERRO | mao=OK
5255,APRESSAR2,apressar2Sm_Prog001.mp4,apressar2Sm_Prog001.jpg,cg63.jpg,OK,imagem=ERRO | mao=OK
5147,APRISIONAR,aprisionarSm_Prog001.mp4,aprisionarSm_Prog001.jpg,cg32.jpg,OK,imagem=ERRO | mao=OK
481,APROFUNDAR,aprofundarSm_Prog001.mp4,aprofundarSm_Prog001.jpg,cg14.jpg,OK,imagem=ERRO | mao=OK
482,APROVADO1,aprovado1Sm_Prog001.mp4,aprovado1Sm_Prog001.jpg,cg62.jpg,OK,imagem=ERRO | mao=OK
483,APROVADO2,aprovado2Sm_Prog001.mp4,aprovado2Sm_Prog001.jpg,cg33.jpg,OK,imagem=ERRO | mao=OK
7292,APROVADO3,aprovado3Sm_Prog001.mp4,aprovado3Sm_Prog001.jpg,cg08a.jpg,OK,imagem=ERRO | mao=OK
484,APROVAR1,aprovar1Sm_Prog001.mp4,aprovar1Sm_Prog001.jpg,cg62.jpg,OK,imagem=ERRO | mao=OK
485,APROVAR2,aprovar2Sm_Prog001.mp4,aprovar2Sm_Prog001.jpg,cg33.jpg,OK,imagem=ERRO | mao=OK
486,APROVEITAR1,aproveitar1Sm_Prog001.mp4,aproveitar1Sm_Prog001.jpg,cg38.jpg,OK,imagem=ERRO | mao=OK
4815,APROVEITAR2,aproveitar2Sm_Prog001.mp4,aproveitar2Sm_Prog001.jpg,cg52.jpg,OK,imagem=ERRO | mao=OK
4490,APROXIMAR1,aproximar1Sm_Prog001.mp4,aproximar1Sm_Prog001.jpg,cg14.jpg,OK,imagem=ERRO | mao=OK
4816,APROXIMAR2,aproximar2Sm_Prog001.mp4,aproximar2Sm_Prog001.jpg,cg53a.jpg,OK,imagem=ERRO | mao=OK
4861,APTO,aptoSm_Prog001.mp4,aptoSm_Prog001.jpg,cg33.jpg,OK,imagem=ERRO | mao=OK
487,AQUÁRIO1,aquario1Sm_Prog001.mp4,aquario1Sm_Prog001.jpg,cg15.jpg,OK,imagem=ERRO | mao=OK
5140,AQUÁRIO2,aquario2Sm_Prog001.mp4,aquario2Sm_Prog001.jpg,cg08a.jpg,OK,imagem=ERRO | mao=OK
5141,AQUECEDOR,aquecedorSm_Prog001.mp4,aquecedorSm_Prog001.jpg,cg47.jpg,OK,imagem=ERRO | mao=OK
490,AQUECER,aquecerSm_Prog001.mp4,aquecerSm_Prog001.jpg,cg50.jpg,OK,imagem=ERRO | mao=OK
43,AQUELE,aqueleSm_Prog001.mp4,aqueleSm_Prog001.jpg,cg14.jpg,OK,imagem=ERRO | mao=OK
44,AQUI,aquiSm_Prog001.mp4,aquiSm_Prog001.jpg,cg14.jpg,OK,imagem=ERRO | mao=OK
45,AR,arSm_Prog001.mp4,arSm_Prog001.jpg,cg01.jpg,OK,imagem=ERRO | mao=OK
3887,ARÁBIA,arabiaSm_Prog001.mp4,arabiaSm_Prog001.jpg,cg63.jpg,OK,imagem=ERRO | mao=OK
5149,ARACAJÚ,aracajuSm_Prog001.mp4,aracajuSm_Prog001.jpg,cg18a.jpg,OK,imagem=ERRO | mao=OK
4862,ARAME,arameSm_Prog001.mp4,arameSm_Prog001.jpg,cg39.jpg,OK,imagem=ERRO | mao=OK
46,ARANHA,aranhaSm_Prog001.mp4,aranhaSm_Prog001.jpg,cg47.jpg,OK,imagem=OK | mao=OK
492,ARAR,arar1Sm_Prog001.mp4,arar1Sm_Prog001.jpg,cg15.jpg,ERRO,video_download_falhou
493,ARARA,araraSm_Prog001.mp4,araraSm_Prog001.jpg,cg15.jpg,OK,imagem=OK | mao=OK
5256,ARBITRAR,arbitrarSm_Prog001.mp4,arbitrarSm_Prog001.jpg,cg05.jpg,OK,imagem=ERRO | mao=OK
496,ARBUSTO,arbustoSm_Prog001.mp4,arbustoSm_Prog001.jpg,cg47.jpg,OK,imagem=ERRO | mao=OK
497,ARCO-ÍRIS,arco-irisSm_Prog001.mp4,arco-irisSm_Prog001.jpg,cg58.jpg,OK,imagem=ERRO | mao=OK
4817,ARCO1,arco1Sm_Prog001.mp4,arco1Sm_Prog001.jpg,cg33.jpg,OK,imagem=ERRO | mao=OK
4043,ARCO2,arco2Sm_Prog001.mp4,arco2Sm_Prog001.jpg,cg18b.jpg,OK,imagem=ERRO | mao=OK
499,ARDER1,arder1Sm_Prog001.mp4,arder1Sm_Prog001.jpg,cg50.jpg,OK,imagem=ERRO | mao=OK
5150,ARDER2,arder2Sm_Prog001.mp4,arder2Sm_Prog001.jpg,cg63.jpg,OK,imagem=ERRO | mao=OK
5151,ARDER3,arder3Sm_Prog001.mp4,arder3Sm_Prog001.jpg,cg63.jpg,OK,imagem=ERRO | mao=OK
5155,ÁRDUO,arduoSm_Prog001.mp4,arduoSm_Prog001.jpg,cg15.jpg,OK,imagem=ERRO | mao=OK
4819,ÁREA1,area1Sm_Prog001.mp4,area1Sm_Prog001.jpg,cg01.jpg,OK,imagem=ERRO | mao=OK
5154,ÁREA2,area2Sm_Prog001.mp4,area2Sm_Prog001.jpg,cg18b.jpg,OK,imagem=ERRO | mao=OK
47,AREIA,areiaSm_Prog001.mp4,areiaSm_Prog001.jpg,cg01.jpg,OK,imagem=ERRO | mao=OK
3888,ARGENTINA,argentinaSm_Prog001.mp4,argentinaSm_Prog001.jpg,cg01.jpg,OK,imagem=ERRO | mao=OK
7293,ARGENTINO,argentinoSm_Prog001.mp4,argentinoSm_Prog001.jpg,cg01.jpg,OK,imagem=ERRO | mao=OK
5212,ÁRIES,ariesSm_Prog001.mp4,ariesSm_Prog001.jpg,cg26.jpg,OK,imagem=ERRO | mao=OK
48,ARMA,armaSm_Prog001.mp4,armaSm_Prog001.jpg,cg17.jpg,OK,imagem=ERRO | mao=OK
49,ARMÁRIO,armarioSm_Prog001.mp4,armarioSm_Prog001.jpg,cg02.jpg,OK,imagem=ERRO | mao=OK
5153,AROMA,aromaSm_Prog001.mp4,aromaSm_Prog001.jpg,cg57.jpg,OK,imagem=ERRO | mao=OK
4863,ARQUEIRO,arqueiroSm_Prog001.mp4,arqueiroSm_Prog001.jpg,cg01.jpg,OK,imagem=ERRO | mao=OK
4492,ARQUEJAR,arquejarSm_Prog001.mp4,arquejarSm_Prog001.jpg,cg64.jpg,OK,imagem=ERRO | mao=OK
50,ARQUITETO,arquitetoSm_Prog001.mp4,arquitetoSm_Prog001.jpg,cg55.jpg,OK,imagem=ERRO | mao=OK
6557,ARQUITETURA,arquiteturaSm_Prog001.mp4,arquiteturaSm_Prog001.jpg,cg55.jpg,OK,imagem=ERRO | mao=OK
500,ARQUIVAR,arquivarSm_Prog001.mp4,arquivarSm_Prog001.jpg,cg46b.jpg,OK,imagem=ERRO | mao=OK
501,ARQUIVO,arquivoSm_Prog001.mp4,arquivoSm_Prog001.jpg,cg46b.jpg,OK,imagem=ERRO | mao=OK
5156,ARRAIA,arraiaSm_Prog001.mp4,arraiaSm_Prog001.jpg,cg05.jpg,OK,imagem=ERRO | mao=OK
4493,ARRANCAR,arrancarSm_Prog001.mp4,arrancarSm_Prog001.jpg,cg05.jpg,OK,imagem=ERRO | mao=OK
4820,ARRANHAR,arranharSm_Prog001.mp4,arranharSm_Prog001.jpg,cg46b.jpg,OK,imagem=ERRO | mao=OK
4044,ARRANJAR1,arranjar1Sm_Prog001.mp4,arranjar1Sm_Prog001.jpg,cg08a.jpg,OK,imagem=ERRO | mao=OK
4045,ARRANJAR2,arranjar2Sm_Prog001.mp4,arranjar2Sm_Prog001.jpg,cg47.jpg,OK,imagem=ERRO | mao=OK
4494,ARRASTAR,arrastarSm_Prog001.mp4,arrastarSm_Prog001.jpg,cg02.jpg,OK,imagem=ERRO | mao=OK
4495,ARREBENTAR,arrebentarSm_Prog001.mp4,arrebentarSm_Prog001.jpg,cg64.jpg,OK,imagem=ERRO | mao=OK
4496,ARREMATAR,arrematarSm_Prog001.mp4,arrematarSm_Prog001.jpg,cg05.jpg,OK,imagem=ERRO | mao=OK
4497,ARREMESSAR,arremessarSm_Prog001.mp4,arremessarSm_Prog001.jpg,cg57.jpg,OK,imagem=ERRO | mao=OK
503,ARREPENDER,arrependerSm_Prog001.mp4,arrependerSm_Prog001.jpg,cg01.jpg,OK,imagem=ERRO | mao=OK
504,ARREPENDIMENTO,arrependimentoSm_Prog001.mp4,arrependimentoSm_Prog001.jpg,cg01.jpg,OK,imagem=ERRO | mao=OK
505,ARREPIAR,arrepiarSm_Prog001.mp4,arrepiarSm_Prog001.jpg,cg46a.jpg,OK,imagem=ERRO | mao=OK
5157,ARROGANTE,arroganteSm_Prog001.mp4,arroganteSm_Prog001.jpg,cg14.jpg,OK,imagem=ERRO | mao=OK
5158,ARROLAR,arrolarSm_Prog001.mp4,arrolarSm_Prog001.jpg,cg53a.jpg,OK,imagem=ERRO | mao=OK
506,ARROMBAR,arrombarSm_Prog001.mp4,arrombarSm_Prog001.jpg,cg61.jpg,OK,imagem=ERRO | mao=OK
507,ARROTAR,arrotarSm_Prog001.mp4,arrotarSm_Prog001.jpg,cg57.jpg,OK,imagem=ERRO | mao=OK
51,ARROZ,arrozSm_Prog001.mp4,arrozSm_Prog001.jpg,cg07.jpg,OK,imagem=ERRO | mao=OK
508,ARRUMADO,arrumadoSm_Prog001.mp4,arrumadoSm_Prog001.jpg,cg57.jpg,OK,imagem=ERRO | mao=OK
509,ARRUMAR1,arrumar1Sm_Prog001.mp4,arrumar1Sm_Prog001.jpg,cg57.jpg,OK,imagem=ERRO | mao=OK
6744,ARRUMAR2,arrumar2Sm_Prog001.mp4,arrumar2Sm_Prog001.jpg,cg64.jpg,OK,imagem=ERRO | mao=OK
6928,ARRUMAR3,arrumar3Sm_Prog001.mp4,arrumar3Sm_Prog001.jpg,cg47.jpg,OK,imagem=ERRO | mao=OK
5213,ÁRTICO,articoSm_Prog001.mp4,articoSm_Prog001.jpg,cg47.jpg,OK,imagem=ERRO | mao=OK
4498,ARTICULAR,articular2Sm_Prog001.mp4,articular2Sm_Prog001.jpg,cg49.jpg,ERRO,video_download_falhou
52,ÁRVORE1,arvoreSm_Prog001.mp4,arvoreSm_Prog001.jpg,cg47.jpg,ERRO,video_download_falhou
5161,ARVOREDO,arvoredoSm_Prog001.mp4,arvoredoSm_Prog001.jpg,cg47.jpg,OK,imagem=OK | mao=OK
7294,ÁS,asSm_Prog001.mp4,asSm_Prog001.jpg,cg01.jpg,OK,imagem=OK | mao=OK
53,ASA1,asa1Sm_Prog001.mp4,asa1Sm_Prog001.jpg,cg62.jpg,OK,imagem=OK | mao=OK
54,ASA2,asa2Sm_Prog001.mp4,asa2Sm_Prog001.jpg,cg62.jpg,OK,imagem=ERRO | mao=OK
5159,ASA3,asa3Sm_Prog001.mp4,asa3Sm_Prog001.jpg,,OK,imagem=ERRO | mao=ERRO
4499,ASCENDER,ascenderSm_Prog001.mp4,ascenderSm_Prog001.jpg,cg32.jpg,OK,imagem=ERRO | mao=OK
510,ASFALTO,asfaltoSm_Prog001.mp4,asfaltoSm_Prog001.jpg,cg34.jpg,OK,imagem=ERRO | mao=OK
511,ASFIXIAR,asfixiarSm_Prog001.mp4,asfixiarSm_Prog001.jpg,cg53a.jpg,ERRO,video_download_falhou
4500,ÁSIA,asiaSm_Prog001.mp4,asiaSm_Prog001.jpg,cg01.jpg,OK,imagem=ERRO | mao=OK
4864,ASMA,asmaSm_Prog001.mp4,asmaSm_Prog001.jpg,cg15.jpg,OK,imagem=OK | mao=OK
512,ASPA,aspaSm_Prog001.mp4,aspaSm_Prog001.jpg,cg31.jpg,OK,imagem=ERRO | mao=OK
6745,ASPEREZA,asperezaSm_Prog001.mp4,asperezaSm_Prog001.jpg,cg46a.jpg,OK,imagem=ERRO | mao=OK
55,ÁSPERO,asperoSm_Prog001.mp4,asperoSm_Prog001.jpg,cg46a.jpg,OK,imagem=ERRO | mao=OK
513,ASPIRADOR DE PÓ,aspirador-de-poSm_Prog001.mp4,aspirador-de-poSm_Prog001.jpg,cg47.jpg,OK,imagem=ERRO | mao=OK
6944,ASPIRAR,aspirarSm_Prog001.mp4,aspirarSm_Prog001.jpg,cg57.jpg,OK,imagem=ERRO | mao=OK
5165,ASQUEROSO,asquerosoSm_Prog001.mp4,asquerosoSm_Prog001.jpg,cg46a.jpg,OK,imagem=ERRO | mao=OK
6927,ASSADO,assadoSm_Prog001.mp4,assadoSm_Prog001.jpg,cg63.jpg,OK,imagem=ERRO | mao=OK
515,ASSALTAR,assaltarSm_Prog001.mp4,assaltarSm_Prog001.jpg,cg17.jpg,OK,imagem=ERRO | mao=OK
4501,ASSAR1,assar1Sm_Prog001.mp4,assar1Sm_Prog001.jpg,cg63.jpg,OK,imagem=ERRO | mao=OK
4822,ASSAR2,assar2Sm_Prog001.mp4,assar2Sm_Prog001.jpg,cg14.jpg,OK,imagem=ERRO | mao=OK
516,ASSASSINAR,assassinarSm_Prog001.mp4,assassinarSm_Prog001.jpg,cg02.jpg,OK,imagem=ERRO | mao=OK
6746,ASSEMBLÉIA DE DEUS,assembleiaSm_Prog001.mp4,assembleiaSm_Prog001.jpg,cg35b.jpg,OK,imagem=ERRO | mao=OK
5222,ASSEMBLÉIA GERAL,assembleia-geralSm_Prog001.mp4,assembleia-geralSm_Prog001.jpg,cg01.jpg,ERRO,video_download_falhou
56,ASSIM,assimSm_Prog001.mp4,assimSm_Prog001.jpg,cg64.jpg,OK,imagem=ERRO | mao=OK
517,ASSIMILAR,assimilarSm_Prog001.mp4,assimilarSm_Prog001.jpg,cg57.jpg,OK,imagem=ERRO | mao=OK
518,ASSINAR,assinarSm_Prog001.mp4,assinarSm_Prog001.jpg,cg20.jpg,OK,imagem=ERRO | mao=OK
519,ASSINATURA,assinaturaSm_Prog001.mp4,assinaturaSm_Prog001.jpg,cg20.jpg,OK,imagem=ERRO | mao=OK
5167,ASSISTENTE,assistenteSm_Prog001.mp4,assistenteSm_Prog001.jpg,cg62.jpg,OK,imagem=ERRO | mao=OK
520,ASSISTENTE SOCIAL,assistente-socialSm_Prog001.mp4,assistente-socialSm_Prog001.jpg,cg02.jpg,ERRO,video_download_falhou
521,ASSISTIR1,assistirSm_Prog001.mp4,assistirSm_Prog001.jpg,cg50.jpg,OK,imagem=ERRO | mao=OK
5261,ASSISTIR2,assistir2Sm_Prog001.mp4,assistir2Sm_Prog001.jpg,cg18a.jpg,OK,imagem=ERRO | mao=OK
6558,ASSISTIR3,assistir3Sm_Prog001.mp4,assistir3Sm_Prog001.jpg,cg58.jpg,OK,imagem=ERRO | mao=OK
522,ASSOALHO,assoalhoSm_Prog001.mp4,assoalhoSm_Prog001.jpg,cg62.jpg,OK,imagem=ERRO | mao=OK
523,ASSOAR,assoarSm_Prog001.mp4,assoarSm_Prog001.jpg,cg44.jpg,OK,imagem=ERRO | mao=OK
524,ASSOBIAR,assobiarSm_Prog001.mp4,assobiarSm_Prog001.jpg,cg49.jpg,OK,imagem=ERRO | mao=OK
4823,ASSOBIO,assobioSm_Prog001.mp4,assobioSm_Prog001.jpg,,OK,imagem=ERRO | mao=ERRO
525,ASSOCIAÇÃO,associacaoSm_Prog001.mp4,associacaoSm_Prog001.jpg,cg01.jpg,OK,imagem=ERRO | mao=OK
4824,ASSOCIAR,associarSm_Prog001.mp4,associarSm_Prog001.jpg,cg33.jpg,OK,imagem=ERRO | mao=OK
526,ASSOMBRAÇÃO,assombracaoSm_Prog001.mp4,assombracaoSm_Prog001.jpg,cg57.jpg,OK,imagem=ERRO | mao=OK
527,ASSUMIR1,assumir1Sm_Prog001.mp4,assumir1Sm_Prog001.jpg,cg07.jpg,OK,imagem=ERRO | mao=OK
4046,ASSUMIR2,assumir2Sm_Prog001.mp4,assumir2Sm_Prog001.jpg,cg57.jpg,OK,imagem=ERRO | mao=OK
4047,ASSUMIR3,assumir3Sm_Prog001.mp4,assumir3Sm_Prog001.jpg,cg24.jpg,OK,imagem=ERRO | mao=OK
528,ASSUNTO,assuntoSm_Prog001.mp4,assuntoSm_Prog001.jpg,cg63.jpg,OK,imagem=ERRO | mao=OK
529,ASSUSTAR,assustarSm_Prog001.mp4,assustarSm_Prog001.jpg,cg63.jpg,OK,imagem=ERRO | mao=OK
5166,ASTRONOMIA,astronomiaSm_Prog001.mp4,astronomiaSm_Prog001.jpg,cg51a.jpg,OK,imagem=ERRO | mao=OK
5169,ASTUTO,astutoSm_Prog001.mp4,astutoSm_Prog001.jpg,cg28.jpg,OK,imagem=ERRO | mao=OK
532,ATACAR1,atacar1Sm_Prog001.mp4,atacar1Sm_Prog001.jpg,cg51b.jpg,OK,imagem=ERRO | mao=OK
4503,ATACAR2,atacar2Sm_Prog001.mp4,atacar2Sm_Prog001.jpg,cg47.jpg,OK,imagem=ERRO | mao=OK
7048,ATACAR3,atacar3Sm_Prog001.mp4,atacar3Sm_Prog001.jpg,cg47.jpg,OK,imagem=ERRO | mao=OK
57,ATALHO,atalhoSm_Prog001.mp4,atalhoSm_Prog001.jpg,cg44.jpg,OK,imagem=ERRO | mao=OK
5170,ATARRAXAR,atarraxarSm_Prog001.mp4,atarraxarSm_Prog001.jpg,cg05.jpg,OK,imagem=ERRO | mao=OK
58,ATÉ,ateSm_Prog001.mp4,ateSm_Prog001.jpg,cg53a.jpg,OK,imagem=ERRO | mao=OK
534,ATÉ LOGO,ate logoSm_Prog001.mp4,ate logoSm_Prog001.jpg,cg64.jpg,OK,imagem=ERRO | mao=OK
4865,ATEAR,atearSm_Prog001.mp4,atearSm_Prog001.jpg,cg20.jpg,OK,imagem=ERRO | mao=OK
59,ATENÇÃO1,atencao1Sm_Prog001.mp4,atencao1Sm_Prog001.jpg,cg32.jpg,OK,imagem=ERRO | mao=OK
62,ATENÇÃO2,atencao2Sm_Prog001.mp4,atencao2Sm_Prog001.jpg,cg14.jpg,OK,imagem=ERRO | mao=OK
5262,ATENÇÃO3,atencao3Sm_Prog001.mp4,atencao3Sm_Prog001.jpg,cg63.jpg,OK,imagem=ERRO | mao=OK
535,ATESTADO,atestadoSm_Prog001.mp4,atestadoSm_Prog001.jpg,cg37a.jpg,OK,imagem=ERRO | mao=OK
4504,ATESTAR,atestarSm_Prog001.mp4,atestarSm_Prog001.jpg,cg63.jpg,OK,imagem=ERRO | mao=OK
536,ATEU,ateuSm_Prog001.mp4,ateuSm_Prog001.jpg,cg01.jpg,OK,imagem=ERRO | mao=OK
537,ATINGIR,atingirSm_Prog001.mp4,atingirSm_Prog001.jpg,cg14.jpg,OK,imagem=ERRO | mao=OK
538,ATIRAR1,atirar1Sm_Prog001.mp4,atirar1Sm_Prog001.jpg,cg17.jpg,OK,imagem=ERRO | mao=OK
5266,ATIRAR2,atirar2Sm_Prog001.mp4,atirar2Sm_Prog001.jpg,cg18a.jpg,OK,imagem=ERRO | mao=OK
539,ATLETISMO,atletismoSm_Prog001.mp4,atletismoSm_Prog001.jpg,cg07.jpg,OK,imagem=ERRO | mao=OK
5171,ATÔNITO,atonitoSm_Prog001.mp4,atonitoSm_Prog001.jpg,cg63.jpg,OK,imagem=ERRO | mao=OK
69,ATOR,atorSm_Prog001.mp4,atorSm_Prog001.jpg,cg05.jpg,OK,imagem=ERRO | mao=OK
4866,ATRAIR,atrairSm_Prog001.mp4,atrairSm_Prog001.jpg,cg47.jpg,OK,imagem=ERRO | mao=OK
540,ATRAPALHAR1,atrapalhar1Sm_Prog001.mp4,atrapalhar1Sm_Prog001.jpg,cg64.jpg,OK,imagem=ERRO | mao=OK
5268,ATRAPALHAR2,atrapalhar2Sm_Prog001.mp4,atrapalhar2Sm_Prog001.jpg,cg64.jpg,OK,imagem=ERRO | mao=OK
541,ATRÁS1,atras1Sm_Prog001.mp4,atras1Sm_Prog001.jpg,cg07.jpg,OK,imagem=ERRO | mao=OK
542,ATRÁS2,atras2Sm_Prog001.mp4,atras2Sm_Prog001.jpg,cg53a.jpg,OK,imagem=ERRO | mao=OK
543,ATRASAR,atrasarSm_Prog001.mp4,atrasarSm_Prog001.jpg,cg08a.jpg,OK,imagem=ERRO | mao=OK
544,ATRAVESSAR,atravessarSm_Prog001.mp4,atravessarSm_Prog001.jpg,cg62.jpg,OK,imagem=ERRO | mao=OK
5269,ATRIZ,atrizSm_Prog001.mp4,atrizSm_Prog001.jpg,cg07.jpg,OK,imagem=ERRO | mao=OK
545,ATROPELAR,atropelarSm_Prog001.mp4,atropelarSm_Prog001.jpg,cg31.jpg,OK,imagem=ERRO | mao=OK
546,ATUAL,atualSm_Prog001.mp4,atualSm_Prog001.jpg,cg63.jpg,OK,imagem=ERRO | mao=OK
4505,ATUAR,atuarSm_Prog001.mp4,atuarSm_Prog001.jpg,cg35a.jpg,OK,imagem=ERRO | mao=OK
75,AUDIÇÃO1,audicao1Sm_Prog001.mp4,audicao1Sm_Prog001.jpg,cg02.jpg,OK,imagem=ERRO | mao=OK
5270,AUDIÇÃO2,audicaoSm_Prog001.mp4,audicaoSm_Prog001.jpg,cg14.jpg,ERRO,video_download_falhou
4867,AUDIOMETRIA,audiometriaSm_Prog001.mp4,audiometriaSm_Prog001.jpg,cg15.jpg,OK,imagem=OK | mao=OK
76,AUDITÓRIO,auditorioSm_Prog001.mp4,auditorioSm_Prog001.jpg,cg64.jpg,OK,imagem=ERRO | mao=OK
77,AULA,aulaSm_Prog001.mp4,aulaSm_Prog001.jpg,cg63.jpg,OK,imagem=ERRO | mao=OK
547,AUMENTAR1,aumentar1Sm_Prog001.mp4,aumentar1Sm_Prog001.jpg,cg47.jpg,OK,imagem=ERRO | mao=OK
548,AUMENTAR2,aumentar2Sm_Prog001.mp4,aumentar2Sm_Prog001.jpg,cg64.jpg,OK,imagem=ERRO | mao=OK
5271,AUMENTAR3,aumentar3Sm_Prog001.mp4,aumentar3Sm_Prog001.jpg,cg63.jpg,OK,imagem=ERRO | mao=OK
6747,AUMENTAR4,aumentar5Sm_Prog001.mp4,aumentar5Sm_Prog001.jpg,cg08a.jpg,OK,imagem=ERRO | mao=OK
3889,AUSTRÁLIA,australiaSm_Prog001.mp4,australiaSm_Prog001.jpg,cg53a.jpg,OK,imagem=ERRO | mao=OK
7295,AUSTRALIANO,australianoSm_Prog001.mp4,australianoSm_Prog001.jpg,cg53b.jpg,OK,imagem=ERRO | mao=OK
3890,ÁUSTRIA,austriaSm_Prog001.mp4,austriaSm_Prog001.jpg,cg32.jpg,OK,imagem=ERRO | mao=OK
7296,AUSTRÍACO,austriacoSm_Prog001.mp4,austriacoSm_Prog001.jpg,cg32.jpg,OK,imagem=ERRO | mao=OK
6748,AUTENTICAR,autenticarSm_Prog001.mp4,autenticarSm_Prog001.jpg,cg02.jpg,OK,imagem=ERRO | mao=OK
6749,AUTOMÁTICO1,automatico1Sm_Prog001.mp4,automatico1Sm_Prog001.jpg,cg33.jpg,OK,imagem=ERRO | mao=OK
6750,AUTOMÁTICO2,automatico2Sm_Prog001.mp4,automatico2Sm_Prog001.jpg,cg33.jpg,OK,imagem=ERRO | mao=OK
549,AUTOMOBILISMO,automobilismoSm_Prog001.mp4,automobilismoSm_Prog001.jpg,cg07.jpg,OK,imagem=ERRO | mao=OK
550,AUTOMÓVEL,automovelSm_Prog001.mp4,automovelSm_Prog001.jpg,cg02.jpg,OK,imagem=ERRO | mao=OK
6980,AUTÔNOMO,autonomo2Sm_Prog001.mp4,autonomo2Sm_Prog001.jpg,cg11.jpg,ERRO,video_download_falhou
5174,AUTOR,autorSm_Prog001.mp4,autorSm_Prog001.jpg,cg20.jpg,OK,imagem=ERRO | mao=OK
551,AUTORIDADE,autoridadeSm_Prog001.mp4,autoridadeSm_Prog001.jpg,cg05.jpg,OK,imagem=ERRO | mao=OK
552,AUTORIZAR,autorizarSm_Prog001.mp4,autorizarSm_Prog001.jpg,cg33.jpg,OK,imagem=ERRO | mao=OK
4869,AUXILIAR,auxiliarSm_Prog001.mp4,auxiliarSm_Prog001.jpg,cg62.jpg,OK,imagem=ERRO | mao=OK
6751,AUXÍLIO,auxilioSm_Prog001.mp4,auxilioSm_Prog001.jpg,cg62.jpg,OK,imagem=ERRO | mao=OK
553,AVALIAR1,avaliar1Sm_Prog001.mp4,avaliar1Sm_Prog001.jpg,cg14.jpg,OK,imagem=ERRO | mao=OK
5172,AVALIAR2,avaliar2Sm_Prog001.mp4,avaliar2Sm_Prog001.jpg,cg62.jpg,OK,imagem=ERRO | mao=OK
5540,AVANÇADA1,avancada1Sm_Prog001.mp4,avancada1Sm_Prog001.jpg,cg47.jpg,OK,imagem=ERRO | mao=OK
5541,AVANÇADA2,avancada2Sm_Prog001.mp4,avancada2Sm_Prog001.jpg,cg53a.jpg,OK,imagem=ERRO | mao=OK
554,AVANÇAR1,avancar1Sm_Prog001.mp4,avancar1Sm_Prog001.jpg,cg31.jpg,OK,imagem=ERRO | mao=OK
5273,AVANÇAR2,avancar2Sm_Prog001.mp4,avancar2Sm_Prog001.jpg,cg14.jpg,OK,imagem=ERRO | mao=OK
6561,AVARENTO,avarentoSm_Prog001.mp4,avarentoSm_Prog001.jpg,cg02.jpg,OK,imagem=ERRO | mao=OK
78,AVE,aveSm_Prog001.mp4,aveSm_Prog001.jpg,cg20.jpg,OK,imagem=OK | mao=OK
80,AVENIDA,avenidaSm_Prog001.mp4,avenidaSm_Prog001.jpg,cg14.jpg,OK,imagem=ERRO | mao=OK
556,AVENTAL,aventalSm_Prog001.mp4,aventalSm_Prog001.jpg,cg05.jpg,OK,imagem=ERRO | mao=OK
4871,AVESTRUZ,avestruzSm_Prog001.mp4,avestruzSm_Prog001.jpg,cg20.jpg,OK,imagem=OK | mao=OK
79,AVIÃO1,aviao1Sm_Prog001.mp4,aviao1Sm_Prog001.jpg,cg40.jpg,OK,imagem=ERRO | mao=OK
5176,AVIÃO2,aviao2Sm_Prog001.mp4,aviao2Sm_Prog001.jpg,cg36.jpg,OK,imagem=ERRO | mao=OK
5274,AVIÃO3,aviao3Sm_Prog001.mp4,aviao3Sm_Prog001.jpg,cg40.jpg,OK,imagem=ERRO | mao=OK
4067,AVISAR,avisarSm_Prog001.mp4,avisarSm_Prog001.jpg,cg40.jpg,OK,imagem=ERRO | mao=OK
4826,AVÔ/AVÓ1,avo.avoSm_Prog001.mp4,avo.avoSm_Prog001.jpg,cg02.jpg,ERRO,video_download_falhou
4827,AVÔ/AVÓ2,avo.avo2Sm_Prog001.mp4,avo.avo2Sm_Prog001.jpg,cg01.jpg,ERRO,video_download_falhou
557,AXILA,axilaSm_Prog001.mp4,axilaSm_Prog001.jpg,cg14.jpg,OK,imagem=ERRO | mao=OK
82,AZAR,azarSm_Prog001.mp4,azarSm_Prog001.jpg,cg40.jpg,OK,imagem=ERRO | mao=OK
84,AZEDO,azedoSm_Prog001.mp4,azedoSm_Prog001.jpg,cg14.jpg,OK,imagem=ERRO | mao=OK
87,AZEITE,azeiteSm_Prog001.mp4,azeiteSm_Prog001.jpg,cg40.jpg,OK,imagem=ERRO | mao=OK
558,AZEITONA,azeitonaSm_Prog001.mp4,azeitonaSm_Prog001.jpg,cg19.jpg,OK,imagem=OK | mao=OK
3891,AZUL,azulSm_Prog001.mp4,azulSm_Prog001.jpg,cg19.jpg,OK,imagem=ERRO | mao=OK
7050,B,bSm_Prog001.mp4,bSm_Prog001.jpg,cg61.jpg,OK,imagem=ERRO | mao=OK
146,BABA,baba1Sm_Prog001.mp4,baba1Sm_Prog001.jpg,cg64.jpg,ERRO,video_download_falhou
4317,BABÁ1,baba01Sm_Prog001.mp4,baba01Sm_Prog001.jpg,cg47.jpg,OK,imagem=ERRO | mao=OK
149,BABÁ2,baba2Sm_Prog001.mp4,baba2Sm_Prog001.jpg,cg01.jpg,OK,imagem=ERRO | mao=OK
6191,BABADO,babadoSm_Prog001.mp4,babadoSm_Prog001.jpg,cg47.jpg,OK,imagem=ERRO | mao=OK
6192,BABADOR,babadorSm_Prog001.mp4,babadorSm_Prog001.jpg,cg14.jpg,OK,imagem=ERRO | mao=OK
4318,BABAR,babarSm_Prog001.mp4,babarSm_Prog001.jpg,cg14.jpg,OK,imagem=ERRO | mao=OK
150,BACALHAU1,bacalhauSm_Prog001.mp4,bacalhauSm_Prog001.jpg,cg14.jpg,ERRO,video_download_falhou
7297,BACALHAU2,bacalhau2Sm_Prog001.mp4,bacalhau2Sm_Prog001.jpg,cg61.jpg,OK,imagem=ERRO | mao=OK
151,BACIA,baciaSm_Prog001.mp4,baciaSm_Prog001.jpg,cg18a.jpg,OK,imagem=ERRO | mao=OK
152,BACURI,bacuriSm_Prog001.mp4,bacuriSm_Prog001.jpg,cg01.jpg,OK,imagem=OK | mao=OK
153,BADALADA,badaladaSm_Prog001.mp4,badaladaSm_Prog001.jpg,cg45.jpg,OK,imagem=ERRO | mao=OK
6263,BAGAGEM,bagagemSm_Prog001.mp4,bagagemSm_Prog001.jpg,cg02.jpg,OK,imagem=ERRO | mao=OK
6264,BAGUNÇAR,baguncarSm_Prog001.mp4,baguncarSm_Prog001.jpg,cg47.jpg,OK,imagem=ERRO | mao=OK
154,BAHIA,bahiaSm_Prog001.mp4,bahiaSm_Prog001.jpg,cg47.jpg,OK,imagem=ERRO | mao=OK
4190,BAILARINO,bailarinoSm_Prog001.mp4,bailarinoSm_Prog001.jpg,cg64.jpg,OK,imagem=ERRO | mao=OK
155,BAILE,baileSm_Prog001.mp4,baileSm_Prog001.jpg,cg01.jpg,OK,imagem=OK | mao=OK
6265,BAINHA,bainhaSm_Prog001.mp4,bainhaSm_Prog001.jpg,cg61.jpg,OK,imagem=ERRO | mao=OK
156,BAIRRO,bairroSm_Prog001.mp4,bairroSm_Prog001.jpg,cg18a.jpg,OK,imagem=ERRO | mao=OK
4191,BAIXAR,baixarSm_Prog001.mp4,baixarSm_Prog001.jpg,cg21.jpg,OK,imagem=ERRO | mao=OK
158,BAIXO,baixoSm_Prog001.mp4,baixoSm_Prog001.jpg,cg53a.jpg,OK,imagem=ERRO | mao=OK
560,BAJULAR,bajularSm_Prog001.mp4,bajularSm_Prog001.jpg,cg02.jpg,OK,imagem=ERRO | mao=OK
159,BALA1,bala1Sm_Prog001.mp4,bala1Sm_Prog001.jpg,cg16.jpg,OK,imagem=ERRO | mao=OK
160,BALA2,bala2Sm_Prog001.mp4,bala2Sm_Prog001.jpg,cg15.jpg,OK,imagem=ERRO | mao=OK
161,BALANÇA,balancaSm_Prog001.mp4,balancaSm_Prog001.jpg,cg14.jpg,OK,imagem=ERRO | mao=OK
162,BALANÇAR1,balancar1Sm_Prog001.mp4,balancar1Sm_Prog001.jpg,cg15.jpg,OK,imagem=ERRO | mao=OK
163,BALANÇAR2,balancar2Sm_Prog001.mp4,balancar2Sm_Prog001.jpg,cg24.jpg,OK,imagem=ERRO | mao=OK
164,BALANÇAR3,balancar3Sm_Prog001.mp4,balancar3Sm_Prog001.jpg,cg24.jpg,OK,imagem=ERRO | mao=OK
165,BALANÇO1,balanco1Sm_Prog001.mp4,balanco1Sm_Prog001.jpg,cg02.jpg,OK,imagem=ERRO | mao=OK
166,BALANÇO2,balanco2Sm_Prog001.mp4,balanco2Sm_Prog001.jpg,cg14.jpg,OK,imagem=OK | mao=OK
169,BALÃO1,balao1Sm_Prog001.mp4,balao1Sm_Prog001.jpg,cg02.jpg,OK,imagem=ERRO | mao=OK
170,BALÃO2,balao2Sm_Prog001.mp4,balao2Sm_Prog001.jpg,cg53a.jpg,OK,imagem=ERRO | mao=OK
7298,BALÃO3,balao3Sm_Prog001.mp4,balao3Sm_Prog001.jpg,cg47.jpg,OK,imagem=OK | mao=OK
4193,BALBUCIAR1,balbuciar1Sm_Prog001.mp4,balbuciar1Sm_Prog001.jpg,cg44.jpg,OK,imagem=ERRO | mao=OK
4194,BALBUCIAR2,balbuciar2Sm_Prog001.mp4,balbuciar2Sm_Prog001.jpg,cg47.jpg,OK,imagem=ERRO | mao=OK
167,BALDE,baldeSm_Prog001.mp4,baldeSm_Prog001.jpg,cg02.jpg,OK,imagem=ERRO | mao=OK
6757,BALDEAÇÃO,baldeacaoSm_Prog001.mp4,baldeacaoSm_Prog001.jpg,cg07.jpg,OK,imagem=ERRO | mao=OK
171,BALÉ,baleSm_Prog001.mp4,baleSm_Prog001.jpg,cg63.jpg,OK,imagem=OK | mao=OK
168,BALEIA,baleiaSm_Prog001.mp4,baleiaSm_Prog001.jpg,cg02.jpg,OK,imagem=OK | mao=OK
6266,BALSA,balsaSm_Prog001.mp4,balsaSm_Prog001.jpg,cg31.jpg,OK,imagem=ERRO | mao=OK
172,BAMBOLÊ,bamboleSm_Prog001.mp4,bamboleSm_Prog001.jpg,cg08a.jpg,OK,imagem=OK | mao=OK
4195,BAMBOLEAR,bambolearSm_Prog001.mp4,bambolearSm_Prog001.jpg,cg08a.jpg,ERRO,video_download_falhou
173,BAMBU,bambuSm_Prog001.mp4,bambuSm_Prog001.jpg,cg02.jpg,OK,imagem=OK | mao=OK
174,BANANA,bananaSm_Prog001.mp4,bananaSm_Prog001.jpg,cg14.jpg,OK,imagem=OK | mao=OK
6758,BANCA DE JORNAL,banca_de_jornalSm_Prog001.mp4,banca_de_jornalSm_Prog001.jpg,cg08a.jpg,OK,imagem=ERRO | mao=OK
176,BANCO1,banco1Sm_Prog001.mp4,banco1Sm_Prog001.jpg,cg18a.jpg,OK,imagem=ERRO | mao=OK
178,BANCO2,banco2Sm_Prog001.mp4,banco2Sm_Prog001.jpg,cg53a.jpg,OK,imagem=ERRO | mao=OK
179,BANCO3,banco3Sm_Prog001.mp4,banco3Sm_Prog001.jpg,cg42.jpg,OK,imagem=ERRO | mao=OK
6759,BANDA,bandaSm_Prog001.mp4,bandaSm_Prog001.jpg,cg01.jpg,OK,imagem=OK | mao=OK
6760,BANDAID,bandaidSm_Prog001.mp4,bandaidSm_Prog001.jpg,cg07.jpg,OK,imagem=OK | mao=OK
180,BANDEIRA,bandeiraSm_Prog001.mp4,bandeiraSm_Prog001.jpg,cg14.jpg,OK,imagem=ERRO | mao=OK
7299,BANDEIRANTE,bandeiranteSm_Prog001.mp4,bandeiranteSm_Prog001.jpg,cg60.jpg,OK,imagem=ERRO | mao=OK
6267,BANDEIRINHA,bandeirinhaSm_Prog001.mp4,bandeirinhaSm_Prog001.jpg,cg05.jpg,OK,imagem=ERRO | mao=OK
181,BANDEJA,bandejaSm_Prog001.mp4,bandejaSm_Prog001.jpg,cg05.jpg,OK,imagem=ERRO | mao=OK
6268,BANDIDO,bandidoSm_Prog001.mp4,bandidoSm_Prog001.jpg,cg16.jpg,OK,imagem=ERRO | mao=OK
184,BANGUE-BANGUE,bangue-bangueSm_Prog001.mp4,bangue-bangueSm_Prog001.jpg,cg16.jpg,OK,imagem=OK | mao=OK
4196,BANGUELA,banguelaSm_Prog001.mp4,banguelaSm_Prog001.jpg,cg37a.jpg,OK,imagem=ERRO | mao=OK
4197,BANHAR,banharSm_Prog001.mp4,banharSm_Prog001.jpg,cg62.jpg,OK,imagem=OK | mao=OK
4198,BANHEIRA,banheiraSm_Prog001.mp4,banheiraSm_Prog001.jpg,cg53a.jpg,OK,imagem=ERRO | mao=OK
182,BANHEIRO,banheiroSm_Prog001.mp4,banheiroSm_Prog001.jpg,cg37a.jpg,OK,imagem=OK | mao=OK
183,BANHO,banhoSm_Prog001.mp4,banhoSm_Prog001.jpg,cg64.jpg,OK,imagem=OK | mao=OK
6761,BANIR,banirSm_Prog001.mp4,banirSm_Prog001.jpg,cg02.jpg,OK,imagem=ERRO | mao=OK
185,BANQUETE,banqueteSm_Prog001.mp4,banqueteSm_Prog001.jpg,cg64.jpg,OK,imagem=ERRO | mao=OK
186,BAR,barSm_Prog001.mp4,barSm_Prog001.jpg,cg01.jpg,OK,imagem=ERRO | mao=OK
187,BARALHO,baralhoSm_Prog001.mp4,baralhoSm_Prog001.jpg,cg05.jpg,OK,imagem=OK | mao=OK
188,BARATA,barataSm_Prog001.mp4,barataSm_Prog001.jpg,cg24.jpg,OK,imagem=OK | mao=OK
7300,BARATO1,barato1Sm_Prog001.mp4,barato1Sm_Prog001.jpg,cg08a.jpg,OK,imagem=ERRO | mao=OK
7301,BARATO2,barato2Sm_Prog001.mp4,barato2Sm_Prog001.jpg,cg63.jpg,OK,imagem=ERRO | mao=OK
189,BARATO3,baratoSm_Prog001.mp4,baratoSm_Prog001.jpg,cg20.jpg,ERRO,video_download_falhou
190,BARBA,barbaSm_Prog001.mp4,barbaSm_Prog001.jpg,cg57.jpg,OK,imagem=ERRO | mao=OK
191,BARBANTE,barbanteSm_Prog001.mp4,barbanteSm_Prog001.jpg,cg26.jpg,OK,imagem=ERRO | mao=OK
193,BARBEADOR,barbeadorSm_Prog001.mp4,barbeadorSm_Prog001.jpg,cg53a.jpg,OK,imagem=ERRO | mao=OK
192,BARBEADOR ELÉTRICO,barbeador-eletricoSm_Prog001.mp4,barbeador-eletricoSm_Prog001.jpg,cg45.jpg,OK,imagem=ERRO | mao=OK
194,BARBEIRO,barbeiroSm_Prog001.mp4,barbeiroSm_Prog001.jpg,cg53a.jpg,OK,imagem=ERRO | mao=OK
561,BARBUDO,barbudoSm_Prog001.mp4,barbudoSm_Prog001.jpg,cg51a.jpg,OK,imagem=ERRO | mao=OK
195,BARCA,barcaSm_Prog001.mp4,barcaSm_Prog001.jpg,cg63.jpg,OK,imagem=ERRO | mao=OK
196,BARCO,barcoSm_Prog001.mp4,barcoSm_Prog001.jpg,cg63.jpg,OK,imagem=ERRO | mao=OK
197,BARRA1,barra1Sm_Prog001.mp4,barra1Sm_Prog001.jpg,cg42.jpg,OK,imagem=ERRO | mao=OK
198,BARRA2,barra2Sm_Prog001.mp4,barra2Sm_Prog001.jpg,cg08a.jpg,OK,imagem=ERRO | mao=OK
199,BARRACA,barracaSm_Prog001.mp4,barracaSm_Prog001.jpg,cg63.jpg,OK,imagem=ERRO | mao=OK
6762,BARREIRA,barreiraSm_Prog001.mp4,barreiraSm_Prog001.jpg,cg63.jpg,OK,imagem=ERRO | mao=OK
200,BARRIGA,barrigaSm_Prog001.mp4,barrigaSm_Prog001.jpg,cg63.jpg,OK,imagem=ERRO | mao=OK
6270,BARRIGUDO,barrigudoSm_Prog001.mp4,barrigudoSm_Prog001.jpg,cg64.jpg,OK,imagem=ERRO | mao=OK
201,BARRIL,barrilSm_Prog001.mp4,barrilSm_Prog001.jpg,cg52.jpg,OK,imagem=ERRO | mao=OK
6763,BARRO,barroSm_Prog001.mp4,barroSm_Prog001.jpg,cg44.jpg,OK,imagem=ERRO | mao=OK
203,BARULHENTO,barulhentoSm_Prog001.mp4,barulhentoSm_Prog001.jpg,cg16.jpg,OK,imagem=ERRO | mao=OK
204,BARULHO,barulhoSm_Prog001.mp4,barulhoSm_Prog001.jpg,cg16.jpg,OK,imagem=ERRO | mao=OK
205,BASQUETE,basqueteSm_Prog001.mp4,basqueteSm_Prog001.jpg,cg47.jpg,OK,imagem=OK | mao=OK
6271,BASTA!,bastaSm_Prog001.mp4,bastaSm_Prog001.jpg,cg63.jpg,OK,imagem=ERRO | mao=OK
206,BASTÃO,bastaoSm_Prog001.mp4,bastaoSm_Prog001.jpg,cg02.jpg,OK,imagem=OK | mao=OK
207,BATATA,batataSm_Prog001.mp4,batataSm_Prog001.jpg,cg07.jpg,OK,imagem=OK | mao=OK
208,BATATA DOCE,batata-doceSm_Prog001.mp4,batata-doceSm_Prog001.jpg,cg07.jpg,OK,imagem=OK | mao=OK
209,BATATA FRITA,batata-fritaSm_Prog001.mp4,batata-fritaSm_Prog001.jpg,cg07.jpg,OK,imagem=ERRO | mao=OK
210,BATEDEIRA,batedeiraSm_Prog001.mp4,batedeiraSm_Prog001.jpg,cg17.jpg,OK,imagem=ERRO | mao=OK
212,BATER1,bater1Sm_Prog001.mp4,bater1Sm_Prog001.jpg,cg01.jpg,OK,imagem=ERRO | mao=OK
213,BATER2,bater2Sm_Prog001.mp4,bater2Sm_Prog001.jpg,cg11.jpg,OK,imagem=ERRO | mao=OK
214,BATER3,bater3Sm_Prog001.mp4,bater3Sm_Prog001.jpg,cg63.jpg,OK,imagem=ERRO | mao=OK
6765,BATERIA1,bateria1Sm_Prog001.mp4,bateria1Sm_Prog001.jpg,cg05.jpg,OK,imagem=OK | mao=OK
6764,BATERIA2,bateria2Sm_Prog001.mp4,bateria2Sm_Prog001.jpg,cg40.jpg,OK,imagem=ERRO | mao=OK
215,BATIDA1,batida1Sm_Prog001.mp4,batida1Sm_Prog001.jpg,cg02.jpg,OK,imagem=ERRO | mao=OK
216,BATIDA2,batida2Sm_Prog001.mp4,batida2Sm_Prog001.jpg,cg02.jpg,OK,imagem=ERRO | mao=OK
218,BATISMO1,batismoSm_Prog001.mp4,batismoSm_Prog001.jpg,cg07.jpg,OK,imagem=ERRO | mao=OK
7302,BATISMO2,batismo2Sm_Prog001.mp4,batismo2Sm_Prog001.jpg,cg44.jpg,OK,imagem=ERRO | mao=OK
217,BATIZAR1,batizar1Sm_Prog001.mp4,batizar1Sm_Prog001.jpg,cg44.jpg,OK,imagem=ERRO | mao=OK
6766,BATIZAR2,batizar2Sm_Prog001.mp4,batizar2Sm_Prog001.jpg,cg07.jpg,OK,imagem=ERRO | mao=OK
219,BATOM,batomSm_Prog001.mp4,batomSm_Prog001.jpg,cg20.jpg,OK,imagem=ERRO | mao=OK
562,BATUCAR,batucarSm_Prog001.mp4,batucarSm_Prog001.jpg,cg63.jpg,OK,imagem=ERRO | mao=OK
6767,BAÚ,bauSm_Prog001.mp4,bauSm_Prog001.jpg,cg01.jpg,OK,imagem=ERRO | mao=OK
220,BÊBADO,bebadoSm_Prog001.mp4,bebadoSm_Prog001.jpg,cg24.jpg,OK,imagem=ERRO | mao=OK
221,BEBÊ,bebeSm_Prog001.mp4,bebeSm_Prog001.jpg,cg63.jpg,OK,imagem=ERRO | mao=OK
6272,BEBEDOURO,bebedouroSm_Prog001.mp4,bebedouroSm_Prog001.jpg,cg01.jpg,OK,imagem=ERRO | mao=OK
222,BEBER1,beber1Sm_Prog001.mp4,beber1Sm_Prog001.jpg,cg51a.jpg,OK,imagem=ERRO | mao=OK
223,BEBER2,beber2Sm_Prog001.mp4,beber2Sm_Prog001.jpg,cg51a.jpg,OK,imagem=ERRO | mao=OK
224,BEBER3,beber3Sm_Prog001.mp4,beber3Sm_Prog001.jpg,cg63.jpg,OK,imagem=ERRO | mao=OK
225,BEBER4,beber4Sm_Prog001.mp4,beber4Sm_Prog001.jpg,cg07.jpg,OK,imagem=ERRO | mao=OK
7303,BEBER5,beber5Sm_Prog001.mp4,beber5Sm_Prog001.jpg,cg64.jpg,OK,imagem=ERRO | mao=OK
226,BEBIDA,bebidaSm_Prog001.mp4,bebidaSm_Prog001.jpg,cg07.jpg,OK,imagem=ERRO | mao=OK
227,BEGE,begeSm_Prog001.mp4,begeSm_Prog001.jpg,cg61.jpg,OK,imagem=ERRO | mao=OK
228,BEIJA-FLOR,beija-florSm_Prog001.mp4,beija-florSm_Prog001.jpg,cg20.jpg,OK,imagem=OK | mao=OK
230,BEIJAR1,beijar1Sm_Prog001.mp4,beijar1Sm_Prog001.jpg,cg44.jpg,OK,imagem=ERRO | mao=OK
231,BEIJAR2,beijar2Sm_Prog001.mp4,beijar2Sm_Prog001.jpg,cg02.jpg,OK,imagem=ERRO | mao=OK
232,BEIJAR3,beijar3Sm_Prog001.mp4,beijar3Sm_Prog001.jpg,cg44.jpg,OK,imagem=ERRO | mao=OK
563,BEIJO,beijoSm_Prog001.mp4,beijoSm_Prog001.jpg,cg44.jpg,OK,imagem=ERRO | mao=OK
6768,BEISEBOL,beisebolSm_Prog001.mp4,beisebolSm_Prog001.jpg,cg02.jpg,OK,imagem=OK | mao=OK
6274,BELEZA,belezaSm_Prog001.mp4,belezaSm_Prog001.jpg,cg01.jpg,OK,imagem=ERRO | mao=OK
233,BÉLGICA,belgicaSm_Prog001.mp4,belgicaSm_Prog001.jpg,cg61.jpg,OK,imagem=ERRO | mao=OK
234,BELICHE,belicheSm_Prog001.mp4,belicheSm_Prog001.jpg,cg37a.jpg,OK,imagem=ERRO | mao=OK
6275,BELISCAR,beliscarSm_Prog001.mp4,beliscarSm_Prog001.jpg,cg05.jpg,OK,imagem=ERRO | mao=OK
235,BELO,beloSm_Prog001.mp4,beloSm_Prog001.jpg,cg01.jpg,OK,imagem=ERRO | mao=OK
7304,BELO HORIZONTE,belo_horizonteSm_Prog001.mp4,belo_horizonteSm_Prog001.jpg,cg61.jpg,OK,imagem=ERRO | mao=OK
238,BEM-FEITO1,bem-feito1Sm_Prog001.mp4,bem-feito1Sm_Prog001.jpg,cg02.jpg,OK,imagem=ERRO | mao=OK
239,BEM-FEITO2,bem-feito2Sm_Prog001.mp4,bem-feito2Sm_Prog001.jpg,cg42.jpg,OK,imagem=ERRO | mao=OK
564,BEM-FEITO3,bem-feito3Sm_Prog001.mp4,bem-feito3Sm_Prog001.jpg,cg01.jpg,OK,imagem=ERRO | mao=OK
240,BEM-VINDO,bem_vindoSm_Prog001.mp4,bem_vindoSm_Prog001.jpg,cg42.jpg,OK,imagem=ERRO | mao=OK
236,BEM1,bem1Sm_Prog001.mp4,bem1Sm_Prog001.jpg,cg06.jpg,OK,imagem=ERRO | mao=OK
237,BEM2,bem2Sm_Prog001.mp4,bem2Sm_Prog001.jpg,cg42.jpg,OK,imagem=ERRO | mao=OK
565,BENÇÃO,bencaoSm_Prog001.mp4,bencaoSm_Prog001.jpg,cg42.jpg,OK,imagem=ERRO | mao=OK
6769,BENGALA,bengalaSm_Prog001.mp4,bengalaSm_Prog001.jpg,cg02.jpg,OK,imagem=ERRO | mao=OK
6276,BENZER,benzerSm_Prog001.mp4,benzerSm_Prog001.jpg,cg61.jpg,OK,imagem=ERRO | mao=OK
242,BERÇO,bercoSm_Prog001.mp4,bercoSm_Prog001.jpg,cg37a.jpg,OK,imagem=ERRO | mao=OK
6770,BERINJELA,berinjelaSm_Prog001.mp4,berinjelaSm_Prog001.jpg,cg33.jpg,OK,imagem=OK | mao=OK
241,BERMUDA,bermudaSm_Prog001.mp4,bermudaSm_Prog001.jpg,cg53a.jpg,ERRO,video_download_falhou
6277,BERRANTE,berranteSm_Prog001.mp4,berranteSm_Prog001.jpg,cg64.jpg,OK,imagem=ERRO | mao=OK
4203,BERRAR,berrarSm_Prog001.mp4,berrarSm_Prog001.jpg,cg31.jpg,OK,imagem=ERRO | mao=OK
6771,BESOURO,besouroSm_Prog001.mp4,besouroSm_Prog001.jpg,cg40.jpg,OK,imagem=OK | mao=OK
6278,BESTEIRA,besteiraSm_Prog001.mp4,besteiraSm_Prog001.jpg,cg39.jpg,OK,imagem=ERRO | mao=OK
244,BETERRABA,beterrabaSm_Prog001.mp4,beterrabaSm_Prog001.jpg,cg15.jpg,OK,imagem=OK | mao=OK
245,BEXIGA,bexigaSm_Prog001.mp4,bexigaSm_Prog001.jpg,cg37a.jpg,OK,imagem=ERRO | mao=OK
4205,BEZERRO,bezerroSm_Prog001.mp4,bezerroSm_Prog001.jpg,cg40.jpg,OK,imagem=OK | mao=OK
247,BÍBLIA,bibliaSm_Prog001.mp4,bibliaSm_Prog001.jpg,cg63.jpg,ERRO,video_download_falhou
6279,BIBLIOGRAFIA,bibliografiaSm_Prog001.mp4,bibliografiaSm_Prog001.jpg,cg63.jpg,ERRO,video_download_falhou
248,BIBLIOTECA,bibliotecaSm_Prog001.mp4,bibliotecaSm_Prog001.jpg,cg63.jpg,OK,imagem=ERRO | mao=OK
6280,BICAMPEAO,bicampeaoSm_Prog001.mp4,bicampeaoSm_Prog001.jpg,cg02.jpg,OK,imagem=OK | mao=OK
6281,BICAR,bicarSm_Prog001.mp4,bicarSm_Prog001.jpg,cg20.jpg,OK,imagem=ERRO | mao=OK
6772,BÍCEPS,bicepsSm_Prog001.mp4,bicepsSm_Prog001.jpg,cg52.jpg,OK,imagem=ERRO | mao=OK
250,BICHO1,bicho1Sm_Prog001.mp4,bicho1Sm_Prog001.jpg,cg47.jpg,OK,imagem=OK | mao=OK
251,BICHO2,bicho2Sm_Prog001.mp4,bicho2Sm_Prog001.jpg,cg15.jpg,OK,imagem=OK | mao=OK
249,BICHO3,bicho3Sm_Prog001.mp4,bicho3Sm_Prog001.jpg,cg47.jpg,OK,imagem=OK | mao=OK
6282,BICHO4,bicho4Sm_Prog001.mp4,bicho4Sm_Prog001.jpg,cg14.jpg,OK,imagem=ERRO | mao=OK
253,BICICLETA,bicicletaSm_Prog001.mp4,bicicletaSm_Prog001.jpg,cg02.jpg,OK,imagem=ERRO | mao=OK
6774,BICO,bico1Sm_Prog001.mp4,bico1Sm_Prog001.jpg,cg20.jpg,ERRO,video_download_falhou
6283,BIÊNIO,bienioSm_Prog001.mp4,bienioSm_Prog001.jpg,cg02.jpg,OK,imagem=ERRO | mao=OK
254,BIFE,bifeSm_Prog001.mp4,bifeSm_Prog001.jpg,cg34.jpg,OK,imagem=ERRO | mao=OK
255,BIGODE,bigodeSm_Prog001.mp4,bigodeSm_Prog001.jpg,cg21.jpg,OK,imagem=ERRO | mao=OK
6775,BILHÃO,bilhaoSm_Prog001.mp4,bilhaoSm_Prog001.jpg,cg39.jpg,OK,imagem=ERRO | mao=OK
256,BILHAR,bilharSm_Prog001.mp4,bilharSm_Prog001.jpg,cg05.jpg,OK,imagem=OK | mao=OK
257,BILHETE,bilheteSm_Prog001.mp4,bilheteSm_Prog001.jpg,cg18a.jpg,OK,imagem=ERRO | mao=OK
4207,BILINGÜISMO,bilinguismoSm_Prog001.mp4,bilinguismoSm_Prog001.jpg,cg24.jpg,OK,imagem=ERRO | mao=OK
6776,BIMESTRE,bimestreSm_Prog001.mp4,bimestreSm_Prog001.jpg,cg05.jpg,OK,imagem=ERRO | mao=OK
6285,BINGO,bingoSm_Prog001.mp4,bingoSm_Prog001.jpg,cg05.jpg,OK,imagem=OK | mao=OK
258,BINÓCULOS,binoculosSm_Prog001.mp4,binoculosSm_Prog001.jpg,cg51a.jpg,OK,imagem=ERRO | mao=OK
259,BIOLOGIA,biologiaSm_Prog001.mp4,biologiaSm_Prog001.jpg,cg61.jpg,OK,imagem=ERRO | mao=OK
260,BIÓLOGO,biologoSm_Prog001.mp4,biologoSm_Prog001.jpg,cg61.jpg,OK,imagem=ERRO | mao=OK
261,BIQUÍNI,biquiniSm_Prog001.mp4,biquiniSm_Prog001.jpg,cg18a.jpg,ERRO,video_download_falhou
4209,BISAVÓ,bisavoSm_Prog001.mp4,bisavoSm_Prog001.jpg,cg32.jpg,OK,imagem=ERRO | mao=OK
262,BISBILHOTAR,bisbolhotarSm_Prog001.mp4,bisbolhotarSm_Prog001.jpg,cg63.jpg,ERRO,video_download_falhou
6286,BISCATE,biscateSm_Prog001.mp4,biscateSm_Prog001.jpg,cg07.jpg,OK,imagem=ERRO | mao=OK
263,BISCOITO,biscoitoSm_Prog001.mp4,biscoitoSm_Prog001.jpg,cg14.jpg,OK,imagem=ERRO | mao=OK
264,BISNAGA,bisnagaSm_Prog001.mp4,bisnagaSm_Prog001.jpg,cg05.jpg,OK,imagem=ERRO | mao=OK
266,BISPO,bispo1Sm_Prog001.mp4,bispo1Sm_Prog001.jpg,cg63.jpg,OK,imagem=ERRO | mao=OK
267,BISSEXUAL,bissexualSm_Prog001.mp4,bissexualSm_Prog001.jpg,cg32.jpg,OK,imagem=ERRO | mao=OK
7305,BISTURI,bisturiSm_Prog001.mp4,bisturiSm_Prog001.jpg,cg24.jpg,OK,imagem=ERRO | mao=OK
268,BLASFEMAR,blasfemarSm_Prog001.mp4,blasfemarSm_Prog001.jpg,cg01.jpg,OK,imagem=ERRO | mao=OK
6778,BLOCO1,bloco1Sm_Prog001.mp4,bloco1Sm_Prog001.jpg,cg08a.jpg,OK,imagem=ERRO | mao=OK
6287,BLOCO2,bloco2Sm_Prog001.mp4,bloco2Sm_Prog001.jpg,cg63.jpg,OK,imagem=ERRO | mao=OK
4211,BLOQUEAR,bloquearSm_Prog001.mp4,bloquearSm_Prog001.jpg,cg02.jpg,OK,imagem=ERRO | mao=OK
269,BLUSA,blusaSm_Prog001.mp4,blusaSm_Prog001.jpg,cg63.jpg,OK,imagem=ERRO | mao=OK
273,BOA VIDA,boa-vidaSm_Prog001.mp4,boa-vidaSm_Prog001.jpg,cg57.jpg,OK,imagem=ERRO | mao=OK
270,BOA1,boa1Sm_Prog001.mp4,boa1Sm_Prog001.jpg,cg42.jpg,OK,imagem=ERRO | mao=OK
271,BOA2,boa2Sm_Prog001.mp4,boa2Sm_Prog001.jpg,cg44.jpg,OK,imagem=ERRO | mao=OK
274,BOATE,boateSm_Prog001.mp4,boateSm_Prog001.jpg,cg05.jpg,OK,imagem=OK | mao=OK
275,BOBAGEM,bobagemSm_Prog001.mp4,bobagemSm_Prog001.jpg,cg39.jpg,OK,imagem=ERRO | mao=OK
6289,BÓBI DE CABELO,bobi de cabeloSm_Prog001.mp4,bobi de cabeloSm_Prog001.jpg,cg14.jpg,ERRO,video_download_falhou
277,BOBO1,bobo1Sm_Prog001.mp4,bobo1Sm_Prog001.jpg,cg39.jpg,OK,imagem=ERRO | mao=OK
278,BOBO2,bobo2Sm_Prog001.mp4,bobo2Sm_Prog001.jpg,cg42.jpg,OK,imagem=ERRO | mao=OK
279,BOCA,bocaSm_Prog001.mp4,bocaSm_Prog001.jpg,cg14.jpg,OK,imagem=ERRO | mao=OK
280,BOCEJAR1,bocejarSm_Prog001.mp4,bocejarSm_Prog001.jpg,cg18a.jpg,OK,imagem=ERRO | mao=OK
6290,BOCEJAR2,bochecharSm_Prog001.mp4,bochecharSm_Prog001.jpg,cg63.jpg,ERRO,video_download_falhou
281,BOCHECHA,bochechaSm_Prog001.mp4,bochechaSm_Prog001.jpg,cg14.jpg,OK,imagem=ERRO | mao=OK
282,BODE,bodeSm_Prog001.mp4,bodeSm_Prog001.jpg,cg07.jpg,OK,imagem=OK | mao=OK
283,BOFETADA,bofetadaSm_Prog001.mp4,bofetadaSm_Prog001.jpg,cg63.jpg,OK,imagem=ERRO | mao=OK
284,BOI,boiSm_Prog001.mp4,boiSm_Prog001.jpg,cg40.jpg,OK,imagem=OK | mao=OK
6291,BÓIA1,boia1Sm_Prog001.mp4,boia1Sm_Prog001.jpg,cg63.jpg,OK,imagem=OK | mao=OK
6292,BÓIA2,boia2Sm_Prog001.mp4,boia2Sm_Prog001.jpg,cg02.jpg,OK,imagem=OK | mao=OK
6649,BÓIA3,boia3Sm_Prog001.mp4,boia3Sm_Prog001.jpg,cg50.jpg,OK,imagem=ERRO | mao=OK
6293,BOIAR,boiarSm_Prog001.mp4,boiarSm_Prog001.jpg,cg64.jpg,OK,imagem=ERRO | mao=OK
285,BOINA,boinaSm_Prog001.mp4,boinaSm_Prog001.jpg,cg01.jpg,OK,imagem=ERRO | mao=OK
286,BOLA1,bola1Sm_Prog001.mp4,bola1Sm_Prog001.jpg,cg47.jpg,OK,imagem=OK | mao=OK
287,BOLA2,bola2Sm_Prog001.mp4,bola2Sm_Prog001.jpg,cg01.jpg,OK,imagem=OK | mao=OK
288,BOLA3,bola3Sm_Prog001.mp4,bola3Sm_Prog001.jpg,cg07.jpg,OK,imagem=OK | mao=OK
289,BOLA4,bola4Sm_Prog001.mp4,bola4Sm_Prog001.jpg,cg19.jpg,OK,imagem=OK | mao=OK
6779,BOLA5,bola5Sm_Prog001.mp4,bola5Sm_Prog001.jpg,cg47.jpg,OK,imagem=ERRO | mao=OK
6780,BOLACHA,bolachaSm_Prog001.mp4,bolachaSm_Prog001.jpg,cg18a.jpg,OK,imagem=ERRO | mao=OK
6295,BOLHA1,bolha1Sm_Prog001.mp4,bolha1Sm_Prog001.jpg,cg42.jpg,OK,imagem=OK | mao=OK
6689,BOLHA2,bolha2Sm_Prog001.mp4,bolha2Sm_Prog001.jpg,cg47.jpg,OK,imagem=OK | mao=OK
291,BOLICHE,bolicheSm_Prog001.mp4,bolicheSm_Prog001.jpg,cg47.jpg,OK,imagem=OK | mao=OK
290,BOLÍVIA,boliviaSm_Prog001.mp4,boliviaSm_Prog001.jpg,cg37b.jpg,OK,imagem=ERRO | mao=OK
7306,BOLIVIANO,bolivianoSm_Prog001.mp4,bolivianoSm_Prog001.jpg,cg61.jpg,OK,imagem=ERRO | mao=OK
4215,BOLO 1,bolo1Sm_Prog001.mp4,bolo1Sm_Prog001.jpg,cg63.jpg,OK,imagem=ERRO | mao=OK
6904,BOLO 2,bolo2Sm_Prog001.mp4,bolo2Sm_Prog001.jpg,cg19.jpg,OK,imagem=ERRO | mao=OK
292,BOLSA,bolsaSm_Prog001.mp4,bolsaSm_Prog001.jpg,cg07.jpg,OK,imagem=ERRO | mao=OK
293,BOLSA DE ESTUDO,bolsa-de-estudoSm_Prog001.mp4,bolsa-de-estudoSm_Prog001.jpg,cg02.jpg,OK,imagem=ERRO | mao=OK
4216,BOLSO,bolsoSm_Prog001.mp4,bolsoSm_Prog001.jpg,cg62.jpg,OK,imagem=ERRO | mao=OK
4217,BOM1,bom1Sm_Prog001.mp4,bom1Sm_Prog001.jpg,cg42.jpg,OK,imagem=ERRO | mao=OK
4320,BOM2,bom2Sm_Prog001.mp4,bom2Sm_Prog001.jpg,cg42.jpg,OK,imagem=ERRO | mao=OK
7307,BOM3,bom3Sm_Prog001.mp4,bom3Sm_Prog001.jpg,cg07.jpg,OK,imagem=ERRO | mao=OK
4218,BOMBA1,bombaSm_Prog001.mp4,bombaSm_Prog001.jpg,cg02.jpg,ERRO,video_download_falhou
6781,BOMBA2,bomba2Sm_Prog001.mp4,bomba2Sm_Prog001.jpg,cg02.jpg,OK,imagem=ERRO | mao=OK
6296,BOMBARDEAR,bombardearSm_Prog001.mp4,bombardearSm_Prog001.jpg,cg14.jpg,ERRO,video_download_falhou
295,BOMBEIRO,bombeiroSm_Prog001.mp4,bombeiroSm_Prog001.jpg,cg61.jpg,OK,imagem=ERRO | mao=OK
4219,BOMBOM,bombomSm_Prog001.mp4,bombomSm_Prog001.jpg,cg62.jpg,OK,imagem=ERRO | mao=OK
4220,BOMBRIL,bombrilSm_Prog001.mp4,bombrilSm_Prog001.jpg,cg01.jpg,OK,imagem=OK | mao=OK
4222,BONDINHO,bondinhoSm_Prog001.mp4,bondinhoSm_Prog001.jpg,cg14.jpg,OK,imagem=ERRO | mao=OK
316,BONÉ,boneSm_Prog001.mp4,boneSm_Prog001.jpg,cg05.jpg,OK,imagem=ERRO | mao=OK
4223,BONECA,bonecaSm_Prog001.mp4,bonecaSm_Prog001.jpg,cg40.jpg,OK,imagem=OK | mao=OK
4224,BONITO,bonitoSm_Prog001.mp4,bonitoSm_Prog001.jpg,cg57.jpg,OK,imagem=ERRO | mao=OK
6297,BÔNUS,bonusSm_Prog001.mp4,bonusSm_Prog001.jpg,cg07.jpg,OK,imagem=ERRO | mao=OK
4226,BOQUIABERTO,boquiabertoSm_Prog001.mp4,boquiabertoSm_Prog001.jpg,cg63.jpg,OK,imagem=ERRO | mao=OK
6298,BORBOLETA,borboletaSm_Prog001.mp4,borboletaSm_Prog001.jpg,cg63.jpg,OK,imagem=OK | mao=OK
568,BORBULHAR,borbulharSm_Prog001.mp4,borbulharSm_Prog001.jpg,cg47.jpg,OK,imagem=ERRO | mao=OK
4227,BORDAR,bordarSm_Prog001.mp4,bordarSm_Prog001.jpg,cg55.jpg,OK,imagem=ERRO | mao=OK
4228,BORRACHA,borrachaSm_Prog001.mp4,borrachaSm_Prog001.jpg,cg01.jpg,OK,imagem=ERRO | mao=OK
4229,BORRAR,borrarSm_Prog001.mp4,borrarSm_Prog001.jpg,cg42.jpg,OK,imagem=ERRO | mao=OK
4230,BORRIFAR,borrifarSm_Prog001.mp4,borrifarSm_Prog001.jpg,cg18a.jpg,OK,imagem=ERRO | mao=OK
6299,BOSQUE,bosqueSm_Prog001.mp4,bosqueSm_Prog001.jpg,cg64.jpg,OK,imagem=OK | mao=OK
296,BOTA,botaSm_Prog001.mp4,botaSm_Prog001.jpg,cg63.jpg,OK,imagem=ERRO | mao=OK
4231,BOTÃO,botaoSm_Prog001.mp4,botaoSm_Prog001.jpg,cg49.jpg,OK,imagem=ERRO | mao=OK
297,BOTAR,botarSm_Prog001.mp4,botarSm_Prog001.jpg,cg44.jpg,OK,imagem=ERRO | mao=OK
7308,BOTAR2,botar2Sm_Prog001.mp4,botar2Sm_Prog001.jpg,cg18a.jpg,OK,imagem=ERRO | mao=OK
4232,BOTIJAO DE GÁS,botijao de gasSm_Prog001.mp4,botijao de gasSm_Prog001.jpg,cg01.jpg,ERRO,video_download_falhou
4233,BOXE,boxeSm_Prog001.mp4,boxeSm_Prog001.jpg,cg02.jpg,OK,imagem=OK | mao=OK
4234,BRAÇADEIRA,bracadeiraSm_Prog001.mp4,bracadeiraSm_Prog001.jpg,cg18a.jpg,OK,imagem=ERRO | mao=OK
4235,BRACELETE,braceleteSm_Prog001.mp4,braceleteSm_Prog001.jpg,cg21.jpg,OK,imagem=ERRO | mao=OK
303,BRAÇO,bracoSm_Prog001.mp4,bracoSm_Prog001.jpg,cg14.jpg,OK,imagem=ERRO | mao=OK
302,BRAÇO DE FERRO,braco-de-ferroSm_Prog001.mp4,braco-de-ferroSm_Prog001.jpg,cg02.jpg,ERRO,video_download_falhou
6300,BRADAR,bradarSm_Prog001.mp4,bradarSm_Prog001.jpg,cg31.jpg,OK,imagem=ERRO | mao=OK
298,BRAILLE,brailleSm_Prog001.mp4,brailleSm_Prog001.jpg,cg64.jpg,ERRO,video_download_falhou
3864,BRANCO1,brancoSm_Prog001.mp4,brancoSm_Prog001.jpg,cg63.jpg,ERRO,video_download_falhou
7309,BRANCO2,branco2Sm_Prog001.mp4,branco2Sm_Prog001.jpg,cg08a.jpg,OK,imagem=ERRO | mao=OK
4236,BRANDO,brandoSm_Prog001.mp4,brandoSm_Prog001.jpg,cg54.jpg,OK,imagem=ERRO | mao=OK
300,BRASÃO,brasaoSm_Prog001.mp4,brasaoSm_Prog001.jpg,cg64.jpg,OK,imagem=ERRO | mao=OK
3937,BRASIL,BRASILSm_Prog001.mp4,BRASILSm_Prog001.jpg,cg61.jpg,ERRO,video_download_falhou
7310,BRASILEIRO,brasileiroSm_Prog001.mp4,brasileiroSm_Prog001.jpg,cg61.jpg,OK,imagem=ERRO | mao=OK
299,BRASÍLIA,brasiliaSm_Prog001.mp4,brasiliaSm_Prog001.jpg,cg20.jpg,OK,imagem=ERRO | mao=OK
301,BRAVO,bravoSm_Prog001.mp4,bravoSm_Prog001.jpg,cg16.jpg,OK,imagem=ERRO | mao=OK
4238,BREVE1,breve1Sm_Prog001.mp4,breve1Sm_Prog001.jpg,cg54.jpg,OK,imagem=ERRO | mao=OK
4239,BREVE2,breve2Sm_Prog001.mp4,breve2Sm_Prog001.jpg,cg07.jpg,OK,imagem=ERRO | mao=OK
4242,BRIGADEIRO,brigadeiroSm_Prog001.mp4,brigadeiroSm_Prog001.jpg,cg24.jpg,OK,imagem=ERRO | mao=OK
4240,BRIGAR1,brigar1Sm_Prog001.mp4,brigar1Sm_Prog001.jpg,cg47.jpg,OK,imagem=ERRO | mao=OK
4241,BRIGAR2,brigar2Sm_Prog001.mp4,brigar2Sm_Prog001.jpg,cg08a.jpg,OK,imagem=ERRO | mao=OK
6302,BRIGAR3,brigar3Sm_Prog001.mp4,brigar3Sm_Prog001.jpg,cg32.jpg,OK,imagem=ERRO | mao=OK
4243,BRILHAR,brilharSm_Prog001.mp4,brilharSm_Prog001.jpg,cg01.jpg,OK,imagem=ERRO | mao=OK
4244,BRILHO,brilhoSm_Prog001.mp4,brilhoSm_Prog001.jpg,cg64.jpg,OK,imagem=ERRO | mao=OK
304,BRINCADEIRA,brincadeiraSm_Prog001.mp4,brincadeiraSm_Prog001.jpg,cg40.jpg,OK,imagem=OK | mao=OK
6303,BRINCALHÃO,brincalhaoSm_Prog001.mp4,brincalhaoSm_Prog001.jpg,cg40.jpg,OK,imagem=ERRO | mao=OK
4245,BRINCAR,brincarSm_Prog001.mp4,brincarSm_Prog001.jpg,cg40.jpg,OK,imagem=ERRO | mao=OK
305,BRINCO,brincoSm_Prog001.mp4,brincoSm_Prog001.jpg,cg18a.jpg,OK,imagem=ERRO | mao=OK
4246,BRINDAR,brindar1Sm_Prog001.mp4,brindar1Sm_Prog001.jpg,cg51a.jpg,ERRO,video_download_falhou
306,BRINDE,brindeSm_Prog001.mp4,brindeSm_Prog001.jpg,cg02.jpg,OK,imagem=ERRO | mao=OK
7311,BRINQUEDO,brinquedoSm_Prog001.mp4,brinquedoSm_Prog001.jpg,cg40.jpg,OK,imagem=OK | mao=OK
4248,BROCHE,brocheSm_Prog001.mp4,brocheSm_Prog001.jpg,cg45.jpg,OK,imagem=ERRO | mao=OK
6782,BROCHURA,brochuraSm_Prog001.mp4,brochuraSm_Prog001.jpg,cg52.jpg,OK,imagem=ERRO | mao=OK
6783,BRÓCOLIS,brocolisSm_Prog001.mp4,brocolisSm_Prog001.jpg,cg15.jpg,OK,imagem=OK | mao=OK
6305,BRONCA,broncaSm_Prog001.mp4,broncaSm_Prog001.jpg,cg47.jpg,OK,imagem=ERRO | mao=OK
6306,BRONQUITE,bronquiteSm_Prog001.mp4,bronquiteSm_Prog001.jpg,cg53a.jpg,OK,imagem=OK | mao=OK
307,BRONZE,bronzeSm_Prog001.mp4,bronzeSm_Prog001.jpg,cg06.jpg,OK,imagem=ERRO | mao=OK
4247,BRONZEADO,bronzeadoSm_Prog001.mp4,bronzeadoSm_Prog001.jpg,cg14.jpg,OK,imagem=ERRO | mao=OK
7312,BRONZEADOR,bronzeadorSm_Prog001.mp4,bronzeadorSm_Prog001.jpg,cg53b.jpg,OK,imagem=ERRO | mao=OK
308,BRONZEAR,bronzearSm_Prog001.mp4,bronzearSm_Prog001.jpg,cg19.jpg,OK,imagem=ERRO | mao=OK
6307,BROTAR,brotarSm_Prog001.mp4,brotarSm_Prog001.jpg,cg02.jpg,OK,imagem=ERRO | mao=OK
4249,BRUTO,brutoSm_Prog001.mp4,brutoSm_Prog001.jpg,cg42.jpg,OK,imagem=ERRO | mao=OK
309,BRUXA,bruxaSm_Prog001.mp4,bruxaSm_Prog001.jpg,cg18a.jpg,OK,imagem=OK | mao=OK
7313,BRUXISMO,bruxismoSm_Prog001.mp4,bruxismoSm_Prog001.jpg,cg01.jpg,OK,imagem=ERRO | mao=OK
4250,BUCHA,buchaSm_Prog001.mp4,buchaSm_Prog001.jpg,cg47.jpg,OK,imagem=OK | mao=OK
6785,BÚFALO,bufaloSm_Prog001.mp4,bufaloSm_Prog001.jpg,cg40.jpg,OK,imagem=OK | mao=OK
4252,BUFAR,bufarSm_Prog001.mp4,bufarSm_Prog001.jpg,cg47.jpg,OK,imagem=ERRO | mao=OK
311,BUMERANGUE,bumerangueSm_Prog001.mp4,bumerangueSm_Prog001.jpg,cg05.jpg,OK,imagem=OK | mao=OK
4254,BUNDA,bundaSm_Prog001.mp4,bundaSm_Prog001.jpg,cg47.jpg,OK,imagem=ERRO | mao=OK
6786,BUQUÊ,buqueSm_Prog001.mp4,buqueSm_Prog001.jpg,cg64.jpg,OK,imagem=OK | mao=OK
312,BURACO1,buraco1Sm_Prog001.mp4,buraco1Sm_Prog001.jpg,cg14.jpg,OK,imagem=ERRO | mao=OK
313,BURACO2,buracoSm_Prog001.mp4,buracoSm_Prog001.jpg,cg14.jpg,OK,imagem=ERRO | mao=OK
4255,BURRO,burro1Sm_Prog001.mp4,burro1Sm_Prog001.jpg,cg61.jpg,OK,imagem=OK | mao=OK
314,BUSCAR,buscarSm_Prog001.mp4,buscarSm_Prog001.jpg,cg02.jpg,OK,imagem=ERRO | mao=OK
4257,BÚSSOLA,bussolaSm_Prog001.mp4,bussolaSm_Prog001.jpg,cg14.jpg,OK,imagem=ERRO | mao=OK
315,BUZINAR,buzinarSm_Prog001.mp4,buzinarSm_Prog001.jpg,cg47.jpg,OK,imagem=ERRO | mao=OK
7072,Ç,çSm_Prog001.mp4,çSm_Prog001.jpg,cg51a.jpg,ERRO,video_download_falhou
7051,C,cSm_Prog001.mp4,cSm_Prog001.jpg,cg51a.jpg,OK,imagem=ERRO | mao=OK
1167,CABANA,cabanaSm_Prog001.mp4,cabanaSm_Prog001.jpg,cg47.jpg,OK,imagem=ERRO | mao=OK
1171,CABEÇA,cabecaSm_Prog001.mp4,cabecaSm_Prog001.jpg,cg63.jpg,OK,imagem=ERRO | mao=OK
1172,CABELEIREIRO,cabelereiroSm_Prog001.mp4,cabelereiroSm_Prog001.jpg,cg32.jpg,ERRO,video_download_falhou
1173,CABELO,cabeloSm_Prog001.mp4,cabeloSm_Prog001.jpg,cg49.jpg,OK,imagem=ERRO | mao=OK
5958,CABELUDO,cabeludoSm_Prog001.mp4,cabeludoSm_Prog001.jpg,cg57.jpg,OK,imagem=OK | mao=OK
1174,CABER,caberSm_Prog001.mp4,caberSm_Prog001.jpg,cg05.jpg,OK,imagem=ERRO | mao=OK
6652,CABER-NÃO,caber_naoSm_Prog001.mp4,caber_naoSm_Prog001.jpg,cg32.jpg,OK,imagem=ERRO | mao=OK
1180,CABIDE,cabideSm_Prog001.mp4,cabideSm_Prog001.jpg,cg15.jpg,OK,imagem=ERRO | mao=OK
5959,CABISBAIXO,cabisbaixoSm_Prog001.mp4,cabisbaixoSm_Prog001.jpg,,ERRO,video_download_falhou
5960,CABO1,caboSm_Prog001.mp4,caboSm_Prog001.jpg,cg49.jpg,OK,imagem=ERRO | mao=OK
5966,CABO2,cabo2Sm_Prog001.mp4,cabo2Sm_Prog001.jpg,cg32.jpg,OK,imagem=ERRO | mao=OK
1175,CABRA,cabraSm_Prog001.mp4,cabraSm_Prog001.jpg,cg27.jpg,OK,imagem=OK | mao=OK
1177,CABRITO,cabritoSm_Prog001.mp4,cabritoSm_Prog001.jpg,cg27.jpg,OK,imagem=OK | mao=OK
1178,CAÇADOR,cacadorSm_Prog001.mp4,cacadorSm_Prog001.jpg,cg08a.jpg,OK,imagem=ERRO | mao=OK
1182,CAÇAR,cacarSm_Prog001.mp4,cacarSm_Prog001.jpg,cg08a.jpg,OK,imagem=ERRO | mao=OK
1181,CACAREJAR,cacarejarSm_Prog001.mp4,cacarejarSm_Prog001.jpg,cg21.jpg,OK,imagem=ERRO | mao=OK
6353,CACAU,cacauSm_Prog001.mp4,cacauSm_Prog001.jpg,cg49.jpg,OK,imagem=OK | mao=OK
1183,CACHAÇA,cachacaSm_Prog001.mp4,cachacaSm_Prog001.jpg,cg37a.jpg,OK,imagem=ERRO | mao=OK
1184,CACHECOL,cachecolSm_Prog001.mp4,cachecolSm_Prog001.jpg,cg18a.jpg,OK,imagem=ERRO | mao=OK
1185,CACHIMBO,cachimboSm_Prog001.mp4,cachimboSm_Prog001.jpg,cg40.jpg,OK,imagem=ERRO | mao=OK
1186,CACHO DE CABELO,cacho-de-cabeloSm_Prog001.mp4,cacho-de-cabeloSm_Prog001.jpg,cg14.jpg,ERRO,video_download_falhou
1188,CACHOEIRA,cachoeiraSm_Prog001.mp4,cachoeiraSm_Prog001.jpg,cg64.jpg,OK,imagem=OK | mao=OK
1189,CACHORRO,cachorroSm_Prog001.mp4,cachorroSm_Prog001.jpg,cg46a.jpg,OK,imagem=OK | mao=OK
1190,CACHORRO-QUENTE,cachorro-quenteSm_Prog001.mp4,cachorro-quenteSm_Prog001.jpg,cg14.jpg,OK,imagem=ERRO | mao=OK
5967,CAÇOAR,cacoarSm_Prog001.mp4,cacoarSm_Prog001.jpg,cg08a.jpg,OK,imagem=ERRO | mao=OK
5969,CAÇULA,caculaSm_Prog001.mp4,caculaSm_Prog001.jpg,cg53a.jpg,OK,imagem=ERRO | mao=OK
1191,CADA1,cada1Sm_Prog001.mp4,cada1Sm_Prog001.jpg,cg14.jpg,OK,imagem=ERRO | mao=OK
1192,CADA2,cada2Sm_Prog001.mp4,cada2Sm_Prog001.jpg,cg33.jpg,OK,imagem=ERRO | mao=OK
1193,CADARÇO,cadarcoSm_Prog001.mp4,cadarcoSm_Prog001.jpg,cg05.jpg,OK,imagem=ERRO | mao=OK
6354,CADÁVER,cadaverSm_Prog001.mp4,cadaverSm_Prog001.jpg,cg18a.jpg,OK,imagem=ERRO | mao=OK
1194,CADÊ,cadeSm_Prog001.mp4,cadeSm_Prog001.jpg,cg64.jpg,OK,imagem=ERRO | mao=OK
1195,CADEADO,cadeadoSm_Prog001.mp4,cadeadoSm_Prog001.jpg,cg49.jpg,OK,imagem=ERRO | mao=OK
1198,CADEIA,cadeiaSm_Prog001.mp4,cadeiaSm_Prog001.jpg,cg32.jpg,OK,imagem=ERRO | mao=OK
1199,CADEIRA,cadeiraSm_Prog001.mp4,cadeiraSm_Prog001.jpg,cg31.jpg,OK,imagem=ERRO | mao=OK
1201,CADERNETA DE POUPANÇA,caderneta-de-poupancaSm_Prog001.mp4,caderneta-de-poupancaSm_Prog001.jpg,cg11.jpg,OK,imagem=ERRO | mao=OK
1200,CADERNETA ESCOLAR,caderneta-escolarSm_Prog001.mp4,caderneta-escolarSm_Prog001.jpg,cg63.jpg,OK,imagem=ERRO | mao=OK
1202,CADERNO,cadernoSm_Prog001.mp4,cadernoSm_Prog001.jpg,cg63.jpg,OK,imagem=ERRO | mao=OK
1205,CAFÉ,cafeSm_Prog001.mp4,cafeSm_Prog001.jpg,cg55.jpg,OK,imagem=OK | mao=OK
1207,CAFÉ DA MANHÃ,cafe-da-manhaSm_Prog001.mp4,cafe-da-manhaSm_Prog001.jpg,cg55.jpg,OK,imagem=ERRO | mao=OK
1206,CAFEZINHO,cafezinhoSm_Prog001.mp4,cafezinhoSm_Prog001.jpg,cg55.jpg,OK,imagem=ERRO | mao=OK
5972,CAFONA,cafonaSm_Prog001.mp4,cafonaSm_Prog001.jpg,cg15.jpg,OK,imagem=ERRO | mao=OK
7314,CAGAR,cagarSm_Prog001.mp4,cagarSm_Prog001.jpg,cg01.jpg,OK,imagem=ERRO | mao=OK
6355,CÃIBRA,caibraSm_Prog001.mp4,caibraSm_Prog001.jpg,cg02.jpg,OK,imagem=OK | mao=OK
1203,CAIPIRA,caipiraSm_Prog001.mp4,caipiraSm_Prog001.jpg,cg15.jpg,OK,imagem=ERRO | mao=OK
1204,CAIPIRINHA,caipirinhaSm_Prog001.mp4,caipirinhaSm_Prog001.jpg,cg37a.jpg,OK,imagem=ERRO | mao=OK
1208,CAIR1,cair1Sm_Prog001.mp4,cair1Sm_Prog001.jpg,cg32.jpg,OK,imagem=ERRO | mao=OK
4077,CAIR2,cair2Sm_Prog001.mp4,cair2Sm_Prog001.jpg,cg14.jpg,OK,imagem=ERRO | mao=OK
1211,CAIXA D´ÁGUA,caixa-guaSm_Prog001.mp4,caixa-guaSm_Prog001.jpg,cg08a.jpg,ERRO,video_download_falhou
1209,CAIXA1,caixaSm_Prog001.mp4,caixaSm_Prog001.jpg,cg63.jpg,OK,imagem=ERRO | mao=OK
1210,CAIXA2,caixa2Sm_Prog001.mp4,caixa2Sm_Prog001.jpg,cg53a.jpg,OK,imagem=ERRO | mao=OK
1212,CAIXÃO,caixaoSm_Prog001.mp4,caixaoSm_Prog001.jpg,cg62.jpg,OK,imagem=ERRO | mao=OK
5974,CAJADO,cajadoSm_Prog001.mp4,cajadoSm_Prog001.jpg,cg02.jpg,OK,imagem=ERRO | mao=OK
1214,CAJU,cajuSm_Prog001.mp4,cajuSm_Prog001.jpg,cg16.jpg,OK,imagem=OK | mao=OK
1215,CALADO,caladoSm_Prog001.mp4,caladoSm_Prog001.jpg,cg61.jpg,OK,imagem=ERRO | mao=OK
5975,CALAFRIO,calafrioSm_Prog001.mp4,calafrioSm_Prog001.jpg,cg16.jpg,OK,imagem=OK | mao=OK
1216,CALAR,calarSm_Prog001.mp4,calarSm_Prog001.jpg,cg61.jpg,OK,imagem=ERRO | mao=OK
1217,CALAR A BOCA,calar-a-bocaSm_Prog001.mp4,calar-a-bocaSm_Prog001.jpg,cg44.jpg,OK,imagem=ERRO | mao=OK
1218,CALÇA,calcaSm_Prog001.mp4,calcaSm_Prog001.jpg,cg63.jpg,OK,imagem=ERRO | mao=OK
1221,CALÇADA,calcadaSm_Prog001.mp4,calcadaSm_Prog001.jpg,cg63.jpg,OK,imagem=ERRO | mao=OK
1223,CALCANHAR,calcanharSm_Prog001.mp4,calcanharSm_Prog001.jpg,cg11.jpg,OK,imagem=ERRO | mao=OK
1224,CALÇÃO,calcaoSm_Prog001.mp4,calcaoSm_Prog001.jpg,cg53a.jpg,OK,imagem=ERRO | mao=OK
1222,CALÇAR,calcarSm_Prog001.mp4,calcarSm_Prog001.jpg,cg05.jpg,OK,imagem=ERRO | mao=OK
1225,CALCINHA,calcinhaSm_Prog001.mp4,calcinhaSm_Prog001.jpg,cg47.jpg,OK,imagem=ERRO | mao=OK
1226,CALCULADORA,calculadoraSm_Prog001.mp4,calculadoraSm_Prog001.jpg,cg47.jpg,OK,imagem=ERRO | mao=OK
1227,CALCULAR,calcularSm_Prog001.mp4,calcularSm_Prog001.jpg,cg51a.jpg,OK,imagem=ERRO | mao=OK
7546,CÁLCULO1,calculoSm_Prog001.mp4,calculoSm_Prog001.jpg,cg51a.jpg,OK,imagem=ERRO | mao=OK
6356,CÁLCULO2,calculoSm_Prog001.mp4,calculoSm_Prog001.jpg,cg51a.jpg,OK,imagem=ERRO | mao=OK
1228,CALDA,caldaSm_Prog001.mp4,caldaSm_Prog001.jpg,cg53a.jpg,OK,imagem=ERRO | mao=OK
1229,CALENDÁRIO,calendarioSm_Prog001.mp4,calendarioSm_Prog001.jpg,cg01.jpg,OK,imagem=ERRO | mao=OK
7315,CALMA1,calma1Sm_Prog001.mp4,calma1Sm_Prog001.jpg,cg64.jpg,ERRO,video_download_falhou
5977,CALMANTE,calmanteSm_Prog001.mp4,calmanteSm_Prog001.jpg,cg49.jpg,OK,imagem=ERRO | mao=OK
1230,CALMO1,calmo1Sm_Prog001.mp4,calmo1Sm_Prog001.jpg,cg64.jpg,OK,imagem=ERRO | mao=OK
1231,CALMO2,calmo2Sm_Prog001.mp4,calmo2Sm_Prog001.jpg,cg64.jpg,OK,imagem=ERRO | mao=OK
5978,CALO,caloSm_Prog001.mp4,caloSm_Prog001.jpg,cg44.jpg,OK,imagem=ERRO | mao=OK
1232,CALOR,calorSm_Prog001.mp4,calorSm_Prog001.jpg,cg63.jpg,OK,imagem=ERRO | mao=OK
1233,CALÚNIA,caluniaSm_Prog001.mp4,caluniaSm_Prog001.jpg,cg02.jpg,OK,imagem=ERRO | mao=OK
1234,CALVÁRIO,calvarioSm_Prog001.mp4,calvarioSm_Prog001.jpg,cg62.jpg,OK,imagem=ERRO | mao=OK
1235,CALVO,calvoSm_Prog001.mp4,calvoSm_Prog001.jpg,cg53b.jpg,OK,imagem=ERRO | mao=OK
1236,CAMA,camaSm_Prog001.mp4,camaSm_Prog001.jpg,cg37a.jpg,OK,imagem=ERRO | mao=OK
1237,CAMADA,camadaSm_Prog001.mp4,camadaSm_Prog001.jpg,cg62.jpg,OK,imagem=ERRO | mao=OK
1238,CAMARÃO,camaraoSm_Prog001.mp4,camaraoSm_Prog001.jpg,cg15.jpg,OK,imagem=OK | mao=OK
7317,CAMARÕES,camaroesSm_Prog001.mp4,camaroesSm_Prog001.jpg,cg15.jpg,OK,imagem=ERRO | mao=OK
7318,CAMARONÊS,camaronesSm_Prog001.mp4,camaronesSm_Prog001.jpg,cg15.jpg,ERRO,video_download_falhou
1240,CAMBALEAR,cambalearSm_Prog001.mp4,cambalearSm_Prog001.jpg,cg32.jpg,OK,imagem=ERRO | mao=OK
1241,CAMELO,cameloSm_Prog001.mp4,cameloSm_Prog001.jpg,cg62.jpg,OK,imagem=OK | mao=OK
1243,CAMELÔ,camelôSm_Prog001.mp4,camelôSm_Prog001.jpg,cg47.jpg,ERRO,video_download_falhou
5979,CÂMERA DE VIGILÂNCIA,camera_de_vigilanciaSm_Prog001.mp4,camera_de_vigilanciaSm_Prog001.jpg,cg50.jpg,OK,imagem=ERRO | mao=OK
5981,CÂMERA FOTOGRÁFICA,camera_fotograficaSm_Prog001.mp4,camera_fotograficaSm_Prog001.jpg,cg18b.jpg,ERRO,video_download_falhou
1244,CAMINHADA,caminhadaSm_Prog001.mp4,caminhadaSm_Prog001.jpg,cg27.jpg,OK,imagem=OK | mao=OK
1246,CAMINHÃO,caminhaoSm_Prog001.mp4,caminhaoSm_Prog001.jpg,cg64.jpg,OK,imagem=ERRO | mao=OK
1245,CAMINHAR,caminharSm_Prog001.mp4,caminharSm_Prog001.jpg,cg27.jpg,OK,imagem=ERRO | mao=OK
1247,CAMINHO,caminhoSm_Prog001.mp4,caminhoSm_Prog001.jpg,cg63.jpg,OK,imagem=ERRO | mao=OK
1248,CAMINHONETE,caminhoneteSm_Prog001.mp4,caminhoneteSm_Prog001.jpg,cg64.jpg,OK,imagem=ERRO | mao=OK
1249,CAMISA,camisaSm_Prog001.mp4,camisaSm_Prog001.jpg,cg55.jpg,OK,imagem=ERRO | mao=OK
1250,CAMISETA,camisetaSm_Prog001.mp4,camisetaSm_Prog001.jpg,cg07.jpg,OK,imagem=ERRO | mao=OK
1251,CAMISINHA,camisinhaSm_Prog001.mp4,camisinhaSm_Prog001.jpg,cg21.jpg,OK,imagem=OK | mao=OK
1252,CAMISOLA,camisolaSm_Prog001.mp4,camisolaSm_Prog001.jpg,cg64.jpg,OK,imagem=ERRO | mao=OK
1253,CAMPAINHA,campainhaSm_Prog001.mp4,campainhaSm_Prog001.jpg,cg14.jpg,OK,imagem=ERRO | mao=OK
7319,CAMPANHA,campanhaSm_Prog001.mp4,campanhaSm_Prog001.jpg,cg40.jpg,OK,imagem=OK | mao=OK
1254,CAMPEÃO,campeaoSm_Prog001.mp4,campeaoSm_Prog001.jpg,cg51b.jpg,OK,imagem=OK | mao=OK
1255,CAMPEONATO,campeonatoSm_Prog001.mp4,campeonatoSm_Prog001.jpg,cg14.jpg,OK,imagem=ERRO | mao=OK
6357,CAMPO DE BATALHA,campo-de-batalhaSm_Prog001.mp4,campo-de-batalhaSm_Prog001.jpg,cg63.jpg,OK,imagem=ERRO | mao=OK
1257,CAMPO1,campo1Sm_Prog001.mp4,campo1Sm_Prog001.jpg,cg18a.jpg,OK,imagem=ERRO | mao=OK
1258,CAMPO2,campo2Sm_Prog001.mp4,campo2Sm_Prog001.jpg,cg63.jpg,OK,imagem=ERRO | mao=OK
1259,CAMUFLAR,camuflarSm_Prog001.mp4,camuflarSm_Prog001.jpg,cg64.jpg,OK,imagem=ERRO | mao=OK
1260,CAMUNDONGO,camundongoSm_Prog001.mp4,camundongoSm_Prog001.jpg,cg20.jpg,OK,imagem=OK | mao=OK
1261,CANA DE AÇÚCAR,cana-de-acucarSm_Prog001.mp4,cana-de-acucarSm_Prog001.jpg,cg14.jpg,OK,imagem=OK | mao=OK
4079,CANADÁ,canadaSm_Prog001.mp4,canadaSm_Prog001.jpg,cg51a.jpg,OK,imagem=ERRO | mao=OK
7320,CANADENSE,canadenseSm_Prog001.mp4,canadenseSm_Prog001.jpg,cg51a.jpg,OK,imagem=ERRO | mao=OK
7321,CANAL,canalSm_Prog001.mp4,canalSm_Prog001.jpg,cg63.jpg,OK,imagem=OK | mao=OK
1263,CANAL DE TV,canal-de-tvSm_Prog001.mp4,canal-de-tvSm_Prog001.jpg,cg46a.jpg,OK,imagem=ERRO | mao=OK
1264,CANÁRIO,canarioSm_Prog001.mp4,canarioSm_Prog001.jpg,cg20.jpg,OK,imagem=OK | mao=OK
5983,CANÇÃO,cancaoSm_Prog001.mp4,cancaoSm_Prog001.jpg,cg14.jpg,OK,imagem=ERRO | mao=OK
1265,CANCELAR,cancelarSm_Prog001.mp4,cancelarSm_Prog001.jpg,cg14.jpg,OK,imagem=ERRO | mao=OK
7322,CANCELAR2,cancelar2Sm_Prog001.mp4,cancelar2Sm_Prog001.jpg,cg07.jpg,OK,imagem=ERRO | mao=OK
1269,CÂNCER,cancerSm_Prog001.mp4,cancerSm_Prog001.jpg,cg29a.jpg,OK,imagem=OK | mao=OK
1271,CANECA,canecaSm_Prog001.mp4,canecaSm_Prog001.jpg,cg62.jpg,OK,imagem=ERRO | mao=OK
1272,CANETA,canetaSm_Prog001.mp4,canetaSm_Prog001.jpg,cg14.jpg,OK,imagem=ERRO | mao=OK
1273,CANGURU,canguruSm_Prog001.mp4,canguruSm_Prog001.jpg,cg52.jpg,OK,imagem=OK | mao=OK
1274,CANHÃO,canhaoSm_Prog001.mp4,canhaoSm_Prog001.jpg,cg02.jpg,OK,imagem=ERRO | mao=OK
1275,CANHOTO1,canhoto1Sm_Prog001.mp4,canhoto1Sm_Prog001.jpg,cg18a.jpg,OK,imagem=ERRO | mao=OK
1276,CANHOTO2,canhoto2Sm_Prog001.mp4,canhoto2Sm_Prog001.jpg,cg08b.jpg,OK,imagem=ERRO | mao=OK
1277,CANJICA,canjicaSm_Prog001.mp4,canjicaSm_Prog001.jpg,cg26.jpg,OK,imagem=ERRO | mao=OK
1278,CANO,canoSm_Prog001.mp4,canoSm_Prog001.jpg,cg49.jpg,OK,imagem=ERRO | mao=OK
1279,CANOA,canoaSm_Prog001.mp4,canoaSm_Prog001.jpg,cg51b.jpg,ERRO,video_download_falhou
1280,CANSAÇO,cansacoSm_Prog001.mp4,cansacoSm_Prog001.jpg,cg47.jpg,OK,imagem=ERRO | mao=OK
1281,CANSADO,cansadoSm_Prog001.mp4,cansadoSm_Prog001.jpg,cg47.jpg,OK,imagem=ERRO | mao=OK
1282,CANSAR,cansarSm_Prog001.mp4,cansarSm_Prog001.jpg,cg47.jpg,OK,imagem=ERRO | mao=OK
1283,CANTAR,cantar1Sm_Prog001.mp4,cantar1Sm_Prog001.jpg,cg47.jpg,ERRO,video_download_falhou
4309,CANTO1,canto1Sm_Prog001.mp4,canto1Sm_Prog001.jpg,cg47.jpg,OK,imagem=ERRO | mao=OK
4310,CANTO2,canto2Sm_Prog001.mp4,canto2Sm_Prog001.jpg,cg61.jpg,OK,imagem=ERRO | mao=OK
1285,CANTOR,cantorSm_Prog001.mp4,cantorSm_Prog001.jpg,cg02.jpg,OK,imagem=ERRO | mao=OK
1286,CANUDO,canudoSm_Prog001.mp4,canudoSm_Prog001.jpg,cg55.jpg,OK,imagem=ERRO | mao=OK
1288,CAPA DE CHUVA,capa-de-chuvaSm_Prog001.mp4,capa-de-chuvaSm_Prog001.jpg,cg05.jpg,OK,imagem=ERRO | mao=OK
1289,CAPA1,capa1Sm_Prog001.mp4,capa1Sm_Prog001.jpg,cg63.jpg,OK,imagem=ERRO | mao=OK
1290,CAPA2,capaSm_Prog001.mp4,capaSm_Prog001.jpg,cg05.jpg,ERRO,video_download_falhou
1291,CAPACETE,capaceteSm_Prog001.mp4,capaceteSm_Prog001.jpg,cg47.jpg,OK,imagem=ERRO | mao=OK
1292,CAPACIDADE,capacidadeSm_Prog001.mp4,capacidadeSm_Prog001.jpg,cg05.jpg,OK,imagem=ERRO | mao=OK
1294,CAPAZ,capazSm_Prog001.mp4,capazSm_Prog001.jpg,cg05.jpg,OK,imagem=ERRO | mao=OK
1295,CAPELA,capelaSm_Prog001.mp4,capelaSm_Prog001.jpg,cg01.jpg,OK,imagem=ERRO | mao=OK
6359,CAPENGAR,capengarSm_Prog001.mp4,capengarSm_Prog001.jpg,cg32.jpg,OK,imagem=ERRO | mao=OK
1296,CAPIM1,capim1Sm_Prog001.mp4,capim1Sm_Prog001.jpg,cg46a.jpg,OK,imagem=OK | mao=OK
1297,CAPIM2,capim2Sm_Prog001.mp4,capim2Sm_Prog001.jpg,cg46a.jpg,OK,imagem=OK | mao=OK
1299,CAPITAL,capitalSm_Prog001.mp4,capitalSm_Prog001.jpg,cg39.jpg,OK,imagem=ERRO | mao=OK
7323,CAPITAL2,capital2Sm_Prog001.mp4,capital2Sm_Prog001.jpg,cg08b.jpg,OK,imagem=ERRO | mao=OK
6360,CAPITÃO,capitao2Sm_Prog001.mp4,capitao2Sm_Prog001.jpg,cg32.jpg,OK,imagem=ERRO | mao=OK
6361,CAPÍTULO,capitulo2Sm_Prog001.mp4,capitulo2Sm_Prog001.jpg,cg18a.jpg,ERRO,video_download_falhou
1302,CAPOEIRA,capoeiraSm_Prog001.mp4,capoeiraSm_Prog001.jpg,cg31.jpg,OK,imagem=ERRO | mao=OK
1303,CAPOTAR,capotarSm_Prog001.mp4,capotarSm_Prog001.jpg,cg31.jpg,OK,imagem=ERRO | mao=OK
1304,CAPRICHAR,capricharSm_Prog001.mp4,capricharSm_Prog001.jpg,cg49.jpg,OK,imagem=ERRO | mao=OK
1306,CAPTAR,captarSm_Prog001.mp4,captarSm_Prog001.jpg,cg57.jpg,OK,imagem=ERRO | mao=OK
1310,CARA,caraSm_Prog001.mp4,caraSm_Prog001.jpg,cg14.jpg,OK,imagem=ERRO | mao=OK
1308,CARA FEIA1,cara-feiaSm_Prog001.mp4,cara-feiaSm_Prog001.jpg,cg14.jpg,OK,imagem=ERRO | mao=OK
1309,CARA FEIA2,cara-feia2Sm_Prog001.mp4,cara-feia2Sm_Prog001.jpg,cg47.jpg,OK,imagem=ERRO | mao=OK
4080,CARANGUEJO,caranguejoSm_Prog001.mp4,caranguejoSm_Prog001.jpg,cg26.jpg,ERRO,video_download_falhou
5990,CARATÊ,carateSm_Prog001.mp4,carateSm_Prog001.jpg,cg61.jpg,OK,imagem=ERRO | mao=OK
5991,CARBURADOR,carburadorSm_Prog001.mp4,carburadorSm_Prog001.jpg,cg64.jpg,OK,imagem=ERRO | mao=OK
5992,CARECA,carecaSm_Prog001.mp4,carecaSm_Prog001.jpg,cg62.jpg,OK,imagem=ERRO | mao=OK
6369,CÁRIE,carieSm_Prog001.mp4,carieSm_Prog001.jpg,cg51a.jpg,OK,imagem=ERRO | mao=OK
1313,CARIMBAR1,carimbar1Sm_Prog001.mp4,carimbar1Sm_Prog001.jpg,cg44.jpg,OK,imagem=ERRO | mao=OK
1314,CARIMBAR2,carimbar2Sm_Prog001.mp4,carimbar2Sm_Prog001.jpg,cg02.jpg,OK,imagem=ERRO | mao=OK
1316,CARNAVAL,carnavalSm_Prog001.mp4,carnavalSm_Prog001.jpg,cg64.jpg,OK,imagem=ERRO | mao=OK
1319,CARNÊ,carnêSm_Prog001.mp4,carnêSm_Prog001.jpg,cg01.jpg,ERRO,video_download_falhou
1318,CARNE,carneSm_Prog001.mp4,carneSm_Prog001.jpg,cg34.jpg,OK,imagem=ERRO | mao=OK
1320,CARNE ASSADA,carne-assadaSm_Prog001.mp4,carne-assadaSm_Prog001.jpg,cg34.jpg,OK,imagem=ERRO | mao=OK
5994,CARNE MOÍDA,carne-moidaSm_Prog001.mp4,carne-moidaSm_Prog001.jpg,cg34.jpg,OK,imagem=ERRO | mao=OK
1321,CARNEIRO,carneiroSm_Prog001.mp4,carneiroSm_Prog001.jpg,cg24.jpg,OK,imagem=OK | mao=OK
1323,CARO1,caro2Sm_Prog001.mp4,caro2Sm_Prog001.jpg,cg51a.jpg,OK,imagem=ERRO | mao=OK
1324,CARO2,caro3Sm_Prog001.mp4,caro3Sm_Prog001.jpg,cg64.jpg,ERRO,video_download_falhou
1335,CARONA,caronaSm_Prog001.mp4,caronaSm_Prog001.jpg,cg07.jpg,OK,imagem=ERRO | mao=OK
1325,CARPINTARIA,carpintariaSm_Prog001.mp4,carpintariaSm_Prog001.jpg,cg02.jpg,OK,imagem=ERRO | mao=OK
1326,CARPINTEIRO,carpinteiroSm_Prog001.mp4,carpinteiroSm_Prog001.jpg,cg02.jpg,OK,imagem=ERRO | mao=OK
1327,CARREGAR,carregarSm_Prog001.mp4,carregarSm_Prog001.jpg,cg47.jpg,OK,imagem=ERRO | mao=OK
1328,CARRINHO1,carrinho1Sm_Prog001.mp4,carrinho1Sm_Prog001.jpg,cg02.jpg,OK,imagem=ERRO | mao=OK
1329,CARRINHO2,carrinho2Sm_Prog001.mp4,carrinho2Sm_Prog001.jpg,cg02.jpg,OK,imagem=ERRO | mao=OK
1330,CARRO,carroSm_Prog001.mp4,carroSm_Prog001.jpg,cg02.jpg,OK,imagem=ERRO | mao=OK
1331,CARROÇA,carrocaSm_Prog001.mp4,carrocaSm_Prog001.jpg,cg05.jpg,OK,imagem=ERRO | mao=OK
1332,CARTA1,carta1Sm_Prog001.mp4,carta1Sm_Prog001.jpg,cg07.jpg,OK,imagem=ERRO | mao=OK
1333,CARTA2,carta2Sm_Prog001.mp4,carta2Sm_Prog001.jpg,cg24.jpg,OK,imagem=ERRO | mao=OK
6372,CARTÃO DE PONTO,cartao-de-pontoSm_Prog001.mp4,cartao-de-pontoSm_Prog001.jpg,cg53b.jpg,OK,imagem=ERRO | mao=OK
6370,CARTÃO1,cartaoSm_Prog001.mp4,cartaoSm_Prog001.jpg,cg18a.jpg,OK,imagem=ERRO | mao=OK
6994,CARTÃO2,cartao-de-creditoSm_Prog001.mp4,cartao-de-creditoSm_Prog001.jpg,cg18a.jpg,OK,imagem=ERRO | mao=OK
1334,CARTAZ,cartazSm_Prog001.mp4,cartazSm_Prog001.jpg,cg40.jpg,OK,imagem=ERRO | mao=OK
1336,CARTEIRA DE BOLSO1,carteira-de-bolso1Sm_Prog001.mp4,carteira-de-bolso1Sm_Prog001.jpg,cg63.jpg,ERRO,video_download_falhou
1337,CARTEIRA DE BOLSO2,carteira-de-bolso2Sm_Prog001.mp4,carteira-de-bolso2Sm_Prog001.jpg,cg01.jpg,OK,imagem=ERRO | mao=OK
1339,CARTEIRA DE HABILITAÇÃO,carteira-de-habilitacaoSm_Prog001.mp4,carteira-de-habilitacaoSm_Prog001.jpg,cg02.jpg,OK,imagem=ERRO | mao=OK
1341,CARTEIRA DE IDENTIDADE,carteira-de-identidadeSm_Prog001.mp4,carteira-de-identidadeSm_Prog001.jpg,cg07.jpg,OK,imagem=ERRO | mao=OK
1338,CARTEIRA DE TRABALHO,carteira-trabalhistaSm_Prog001.mp4,carteira-trabalhistaSm_Prog001.jpg,cg63.jpg,ERRO,video_download_falhou
1343,CARTOLA,cartolaSm_Prog001.mp4,cartolaSm_Prog001.jpg,cg44.jpg,OK,imagem=ERRO | mao=OK
1344,CARTÓRIO,cartorioSm_Prog001.mp4,cartorioSm_Prog001.jpg,cg62.jpg,OK,imagem=ERRO | mao=OK
1346,CASA,casaSm_Prog001.mp4,casaSm_Prog001.jpg,cg62.jpg,OK,imagem=ERRO | mao=OK
1347,CASACO,casacoSm_Prog001.mp4,casacoSm_Prog001.jpg,cg01.jpg,OK,imagem=ERRO | mao=OK
1348,CASADO,casadoSm_Prog001.mp4,casadoSm_Prog001.jpg,cg52.jpg,OK,imagem=ERRO | mao=OK
1351,CASAL1,casal1Sm_Prog001.mp4,casal1Sm_Prog001.jpg,cg07.jpg,OK,imagem=ERRO | mao=OK
1352,CASAL2,casal2Sm_Prog001.mp4,casal2Sm_Prog001.jpg,cg01.jpg,OK,imagem=ERRO | mao=OK
1349,CASAMENTO,casamentoSm_Prog001.mp4,casamentoSm_Prog001.jpg,cg52.jpg,OK,imagem=ERRO | mao=OK
1354,CASAR,casarSm_Prog001.mp4,casarSm_Prog001.jpg,cg52.jpg,OK,imagem=ERRO | mao=OK
1355,CASTIGAR,castigarSm_Prog001.mp4,castigarSm_Prog001.jpg,cg31.jpg,OK,imagem=ERRO | mao=OK
1356,CASTIGO,castigoSm_Prog001.mp4,castigoSm_Prog001.jpg,cg31.jpg,OK,imagem=ERRO | mao=OK
6000,CASTRAR,castrarSm_Prog001.mp4,castrarSm_Prog001.jpg,cg32.jpg,OK,imagem=ERRO | mao=OK
6380,CATÁLOGO,catalogoSm_Prog001.mp4,catalogoSm_Prog001.jpg,cg63.jpg,OK,imagem=ERRO | mao=OK
1357,CATAPORA,cataporaSm_Prog001.mp4,cataporaSm_Prog001.jpg,cg49.jpg,OK,imagem=OK | mao=OK
6381,CATARRO,catarroSm_Prog001.mp4,catarroSm_Prog001.jpg,cg52.jpg,OK,imagem=OK | mao=OK
1358,CATEGORIA,categoriaSm_Prog001.mp4,categoriaSm_Prog001.jpg,cg47.jpg,OK,imagem=ERRO | mao=OK
1359,CATOLICISMO,catolicismoSm_Prog001.mp4,catolicismoSm_Prog001.jpg,cg51a.jpg,OK,imagem=ERRO | mao=OK
1360,CATÓLICO,catolicoSm_Prog001.mp4,catolicoSm_Prog001.jpg,cg51a.jpg,OK,imagem=ERRO | mao=OK
7324,CATORZE,catorzeSm_Prog001.mp4,catorzeSm_Prog001.jpg,cg07.jpg,OK,imagem=ERRO | mao=OK
6383,CATRACA1,catracaSm_Prog001.mp4,catracaSm_Prog001.jpg,cg32.jpg,OK,imagem=ERRO | mao=OK
6384,CATRACA2,catraca2Sm_Prog001.mp4,catraca2Sm_Prog001.jpg,cg14.jpg,OK,imagem=ERRO | mao=OK
6385,CAUDA1,caudaSm_Prog001.mp4,caudaSm_Prog001.jpg,cg49.jpg,ERRO,video_download_falhou
7325,CAUDA2,cauda1Sm_Prog001.mp4,cauda1Sm_Prog001.jpg,cg08b.jpg,OK,imagem=OK | mao=OK
6386,CAULE,cauleSm_Prog001.mp4,cauleSm_Prog001.jpg,cg55.jpg,OK,imagem=OK | mao=OK
1362,CAVALGAR,cavalgarSm_Prog001.mp4,cavalgarSm_Prog001.jpg,cg28.jpg,OK,imagem=ERRO | mao=OK
1363,CAVALO,cavaloSm_Prog001.mp4,cavaloSm_Prog001.jpg,cg27.jpg,OK,imagem=OK | mao=OK
6387,CAVALO-MARINHO,cavalo marinhoSm_Prog001.mp4,cavalo marinhoSm_Prog001.jpg,cg15.jpg,OK,imagem=OK | mao=OK
6388,CAVANHAQUE,cavanhaqueSm_Prog001.mp4,cavanhaqueSm_Prog001.jpg,cg20.jpg,OK,imagem=ERRO | mao=OK
6389,CAVEIRA,caveiraSm_Prog001.mp4,caveiraSm_Prog001.jpg,cg47.jpg,OK,imagem=ERRO | mao=OK
6390,CAVIDADE NASAL,cavidade-nasalSm_Prog001.mp4,cavidade-nasalSm_Prog001.jpg,cg14.jpg,ERRO,video_download_falhou
1364,CD-ROM,cd-romSm_Prog001.mp4,cd-romSm_Prog001.jpg,cg51a.jpg,OK,imagem=ERRO | mao=OK
1366,CEBOLA,cebolaSm_Prog001.mp4,cebolaSm_Prog001.jpg,cg53a.jpg,OK,imagem=OK | mao=OK
1367,CEDO1,cedoSm_Prog001.mp4,cedoSm_Prog001.jpg,cg51a.jpg,ERRO,video_download_falhou
7326,CEDO2,cedo2Sm_Prog001.mp4,cedo2Sm_Prog001.jpg,cg31.jpg,OK,imagem=OK | mao=OK
1368,CEGO,cegoSm_Prog001.mp4,cegoSm_Prog001.jpg,cg32.jpg,OK,imagem=ERRO | mao=OK
1369,CEIA,ceiaSm_Prog001.mp4,ceiaSm_Prog001.jpg,cg53a.jpg,OK,imagem=ERRO | mao=OK
1370,CEIFAR,ceifarSm_Prog001.mp4,ceifarSm_Prog001.jpg,cg63.jpg,OK,imagem=ERRO | mao=OK
6003,CELA,celaSm_Prog001.mp4,celaSm_Prog001.jpg,cg32.jpg,OK,imagem=ERRO | mao=OK
1371,CELEBRAR,celebrarSm_Prog001.mp4,celebrarSm_Prog001.jpg,cg63.jpg,OK,imagem=ERRO | mao=OK
6392,CÉLEBRE,celebreSm_Prog001.mp4,celebreSm_Prog001.jpg,cg52.jpg,OK,imagem=ERRO | mao=OK
1372,CELIBATO,celibatoSm_Prog001.mp4,celibatoSm_Prog001.jpg,cg02.jpg,OK,imagem=ERRO | mao=OK
1373,CELULAR1,celular1Sm_Prog001.mp4,celular1Sm_Prog001.jpg,cg51a.jpg,OK,imagem=ERRO | mao=OK
1375,CELULAR2,celular2Sm_Prog001.mp4,celular2Sm_Prog001.jpg,cg46b.jpg,OK,imagem=ERRO | mao=OK
1376,CEM,cemSm_Prog001.mp4,cemSm_Prog001.jpg,cg07.jpg,OK,imagem=ERRO | mao=OK
1377,CEMITÉRIO,cemiterioSm_Prog001.mp4,cemiterioSm_Prog001.jpg,cg62.jpg,OK,imagem=ERRO | mao=OK
1378,CENOURA,cenoura1Sm_Prog001.mp4,cenoura1Sm_Prog001.jpg,cg27.jpg,OK,imagem=OK | mao=OK
1380,CENSURAR,censurarSm_Prog001.mp4,censurarSm_Prog001.jpg,cg14.jpg,OK,imagem=ERRO | mao=OK
1383,CENTÍMETRO,centimetroSm_Prog001.mp4,centimetroSm_Prog001.jpg,cg49.jpg,OK,imagem=ERRO | mao=OK
1385,CENTRO1,centro1Sm_Prog001.mp4,centro1Sm_Prog001.jpg,cg64.jpg,OK,imagem=ERRO | mao=OK
1384,CENTRO2,centro2Sm_Prog001.mp4,centro2Sm_Prog001.jpg,cg39.jpg,OK,imagem=ERRO | mao=OK
7327,CENTRO3,centro3Sm_Prog001.mp4,centro3Sm_Prog001.jpg,cg47.jpg,OK,imagem=ERRO | mao=OK
1386,CERCA,cercaSm_Prog001.mp4,cercaSm_Prog001.jpg,cg58.jpg,OK,imagem=ERRO | mao=OK
1387,CERCAR,cercarSm_Prog001.mp4,cercarSm_Prog001.jpg,cg58.jpg,OK,imagem=ERRO | mao=OK
6393,CERÉBRO,cerebroSm_Prog001.mp4,cerebroSm_Prog001.jpg,cg47.jpg,OK,imagem=ERRO | mao=OK
6394,CEREJA,cerejaSm_Prog001.mp4,cerejaSm_Prog001.jpg,cg49.jpg,OK,imagem=OK | mao=OK
6395,CERRAÇÃO,cerracaoSm_Prog001.mp4,cerracaoSm_Prog001.jpg,cg64.jpg,OK,imagem=OK | mao=OK
1390,CERTIFICAR,certificarSm_Prog001.mp4,certificarSm_Prog001.jpg,cg14.jpg,OK,imagem=ERRO | mao=OK
1391,CERTO1,certoSm_Prog001.mp4,certoSm_Prog001.jpg,cg49.jpg,ERRO,video_download_falhou
6932,CERTO2,certo2Sm_Prog001.mp4,certo2Sm_Prog001.jpg,cg49.jpg,OK,imagem=ERRO | mao=OK
1392,CERVEJA,cervejaSm_Prog001.mp4,cervejaSm_Prog001.jpg,cg51a.jpg,OK,imagem=ERRO | mao=OK
6397,CESARIANA,cesarianaSm_Prog001.mp4,cesarianaSm_Prog001.jpg,cg53a.jpg,OK,imagem=OK | mao=OK
6398,CESTA,cestaSm_Prog001.mp4,cestaSm_Prog001.jpg,cg47.jpg,OK,imagem=ERRO | mao=OK
1393,CESTA DE LIXO,cesto-de-lixoSm_Prog001.mp4,cesto-de-lixoSm_Prog001.jpg,cg16.jpg,ERRO,video_download_falhou
1395,CÉU1,ceu1Sm_Prog001.mp4,ceu1Sm_Prog001.jpg,cg51a.jpg,OK,imagem=OK | mao=OK
1396,CÉU2,ceu2Sm_Prog001.mp4,ceu2Sm_Prog001.jpg,cg51b.jpg,OK,imagem=ERRO | mao=OK
1397,CHÁ1,cha1Sm_Prog001.mp4,cha1Sm_Prog001.jpg,cg02.jpg,OK,imagem=ERRO | mao=OK
1398,CHÁ2,chaSm_Prog001.mp4,chaSm_Prog001.jpg,cg55.jpg,ERRO,video_download_falhou
6005,CHAFARIZ,chafarizSm_Prog001.mp4,chafarizSm_Prog001.jpg,cg44.jpg,OK,imagem=ERRO | mao=OK
1400,CHAMAR1,chamar1Sm_Prog001.mp4,chamar1Sm_Prog001.jpg,cg53b.jpg,OK,imagem=ERRO | mao=OK
1402,CHAMAR2,chamar2Sm_Prog001.mp4,chamar2Sm_Prog001.jpg,cg07.jpg,OK,imagem=ERRO | mao=OK
1401,CHAMAR3,chamar3Sm_Prog001.mp4,chamar3Sm_Prog001.jpg,cg52.jpg,OK,imagem=ERRO | mao=OK
6399,CHAMINÉ,chamineSm_Prog001.mp4,chamineSm_Prog001.jpg,cg18a.jpg,OK,imagem=ERRO | mao=OK
1404,CHAMPANHE,champagneSm_Prog001.mp4,champagneSm_Prog001.jpg,cg07.jpg,ERRO,video_download_falhou
6006,CHANCE,chanceSm_Prog001.mp4,chanceSm_Prog001.jpg,cg44.jpg,OK,imagem=ERRO | mao=OK
1405,CHANTILY,chantilySm_Prog001.mp4,chantilySm_Prog001.jpg,cg57.jpg,OK,imagem=ERRO | mao=OK
1407,CHÃO,chaoSm_Prog001.mp4,chaoSm_Prog001.jpg,cg63.jpg,OK,imagem=ERRO | mao=OK
1406,CHAPÉU1,chapeuSm_Prog001.mp4,chapeuSm_Prog001.jpg,cg51b.jpg,OK,imagem=ERRO | mao=OK
7329,CHAPÉU2,chapeu2Sm_Prog001.mp4,chapeu2Sm_Prog001.jpg,cg05.jpg,OK,imagem=ERRO | mao=OK
1408,CHARUTO,charutoSm_Prog001.mp4,charutoSm_Prog001.jpg,cg17.jpg,OK,imagem=ERRO | mao=OK
1409,CHATEADO,chateadoSm_Prog001.mp4,chateadoSm_Prog001.jpg,cg46a.jpg,OK,imagem=ERRO | mao=OK
1410,CHATEAR,chatearSm_Prog001.mp4,chatearSm_Prog001.jpg,cg46a.jpg,OK,imagem=ERRO | mao=OK
1411,CHATO1,chato1Sm_Prog001.mp4,chato1Sm_Prog001.jpg,cg51a.jpg,OK,imagem=ERRO | mao=OK
1412,CHATO2,chato2Sm_Prog001.mp4,chato2Sm_Prog001.jpg,cg47.jpg,OK,imagem=ERRO | mao=OK
7330,CHATO3,chato3Sm_Prog001.mp4,chato3Sm_Prog001.jpg,cg08a.jpg,OK,imagem=ERRO | mao=OK
7331,CHATO4,chato4Sm_Prog001.mp4,chato4Sm_Prog001.jpg,cg63.jpg,OK,imagem=ERRO | mao=OK
1413,CHAVE,chaveSm_Prog001.mp4,chaveSm_Prog001.jpg,cg05.jpg,OK,imagem=ERRO | mao=OK
1414,CHAVE DE FENDA,chave_de_fendaSm_Prog001.mp4,chave_de_fendaSm_Prog001.jpg,cg24.jpg,OK,imagem=ERRO | mao=OK
5006,CHAVE PHILIPS,chave-philipsSm_Prog001.mp4,chave-philipsSm_Prog001.jpg,cg25.jpg,ERRO,video_download_falhou
1416,CHEFE,chefeSm_Prog001.mp4,chefeSm_Prog001.jpg,cg25.jpg,OK,imagem=ERRO | mao=OK
6402,CHEFIAR,chefiarSm_Prog001.mp4,chefiarSm_Prog001.jpg,cg40.jpg,OK,imagem=ERRO | mao=OK
1417,CHEGA ! (BASTA),chegaSm_Prog001.mp4,chegaSm_Prog001.jpg,cg63.jpg,OK,imagem=ERRO | mao=OK
1418,CHEGAR1,chegar1Sm_Prog001.mp4,chegar1Sm_Prog001.jpg,cg63.jpg,OK,imagem=ERRO | mao=OK
1419,CHEGAR2,chegar2Sm_Prog001.mp4,chegar2Sm_Prog001.jpg,cg63.jpg,OK,imagem=ERRO | mao=OK
7332,CHEGAR3,chegar3Sm_Prog001.mp4,chegar3Sm_Prog001.jpg,cg14.jpg,OK,imagem=ERRO | mao=OK
6007,CHEIO,cheiaSm_Prog001.mp4,cheiaSm_Prog001.jpg,cg47.jpg,OK,imagem=ERRO | mao=OK
1421,CHEIO1,cheio1Sm_Prog001.mp4,cheio1Sm_Prog001.jpg,cg47.jpg,OK,imagem=ERRO | mao=OK
1422,CHEIO2,cheio2Sm_Prog001.mp4,cheio2Sm_Prog001.jpg,cg63.jpg,OK,imagem=ERRO | mao=OK
1423,CHEIO3,cheio3Sm_Prog001.mp4,cheio3Sm_Prog001.jpg,cg02.jpg,OK,imagem=ERRO | mao=OK
1424,CHEIO4,cheio4Sm_Prog001.mp4,cheio4Sm_Prog001.jpg,cg64.jpg,OK,imagem=ERRO | mao=OK
1425,CHEIO5,cheio5Sm_Prog001.mp4,cheio5Sm_Prog001.jpg,cg64.jpg,OK,imagem=ERRO | mao=OK
7333,CHEIO6,cheio6Sm_Prog001.mp4,cheio6Sm_Prog001.jpg,cg17.jpg,OK,imagem=ERRO | mao=OK
1426,CHEIRAR,cheirarSm_Prog001.mp4,cheirarSm_Prog001.jpg,cg57.jpg,OK,imagem=ERRO | mao=OK
1427,CHEIRO1,cheirarSm_Prog001.mp4,cheirarSm_Prog001.jpg,cg57.jpg,OK,imagem=ERRO | mao=OK
1428,CHEIRO2,cheiro2Sm_Prog001.mp4,cheiro2Sm_Prog001.jpg,cg16.jpg,OK,imagem=ERRO | mao=OK
1429,CHEIRO3,cheiro3Sm_Prog001.mp4,cheiro3Sm_Prog001.jpg,cg63.jpg,OK,imagem=ERRO | mao=OK
1430,CHEIROSO,cheirosoSm_Prog001.mp4,cheirosoSm_Prog001.jpg,cg57.jpg,OK,imagem=ERRO | mao=OK
1431,CHEQUE,chequeSm_Prog001.mp4,chequeSm_Prog001.jpg,cg37a.jpg,OK,imagem=ERRO | mao=OK
1432,CHICLETE1,chiclete1Sm_Prog001.mp4,chiclete1Sm_Prog001.jpg,cg52.jpg,OK,imagem=ERRO | mao=OK
1433,CHICLETE2,chiclete2Sm_Prog001.mp4,chiclete2Sm_Prog001.jpg,cg01.jpg,OK,imagem=ERRO | mao=OK
6009,CHICOTE,chicoteSm_Prog001.mp4,chicoteSm_Prog001.jpg,cg49.jpg,OK,imagem=ERRO | mao=OK
1434,CHICOTEAR,chicotearSm_Prog001.mp4,chicotearSm_Prog001.jpg,cg11.jpg,OK,imagem=ERRO | mao=OK
1435,CHIFRE,chifreSm_Prog001.mp4,chifreSm_Prog001.jpg,cg48.jpg,OK,imagem=OK | mao=OK
1436,CHILE,chileSm_Prog001.mp4,chileSm_Prog001.jpg,cg14.jpg,OK,imagem=ERRO | mao=OK
7334,CHILENO,chilenoSm_Prog001.mp4,chilenoSm_Prog001.jpg,cg14.jpg,OK,imagem=ERRO | mao=OK
1437,CHINA,chinaSm_Prog001.mp4,chinaSm_Prog001.jpg,cg51a.jpg,OK,imagem=ERRO | mao=OK
1438,CHINELO,chineloSm_Prog001.mp4,chineloSm_Prog001.jpg,cg08a.jpg,OK,imagem=ERRO | mao=OK
1438,CHINELO,chilenoSm_Prog001.mp4,chilenoSm_Prog001.jpg,cg08a.jpg,OK,imagem=ERRO | mao=OK
7335,CHINÊS,chinesSm_Prog001.mp4,chinesSm_Prog001.jpg,cg51a.jpg,OK,imagem=ERRO | mao=OK
1439,CHOCALHO,chocalhoSm_Prog001.mp4,chocalhoSm_Prog001.jpg,cg05.jpg,OK,imagem=ERRO | mao=OK
1441,CHOCAR1,chocar1Sm_Prog001.mp4,chocar1Sm_Prog001.jpg,cg40.jpg,OK,imagem=ERRO | mao=OK
1440,CHOCAR2,chocar2Sm_Prog001.mp4,chocar2Sm_Prog001.jpg,cg29b.jpg,OK,imagem=ERRO | mao=OK
1442,CHOCAR3,chocar3Sm_Prog001.mp4,chocar3Sm_Prog001.jpg,cg02.jpg,OK,imagem=ERRO | mao=OK
1443,CHOCOLATE,chocolateSm_Prog001.mp4,chocolateSm_Prog001.jpg,cg24.jpg,OK,imagem=ERRO | mao=OK
6403,CHOFER,choferSm_Prog001.mp4,choferSm_Prog001.jpg,cg22b.jpg,OK,imagem=ERRO | mao=OK
1444,CHOPP,choppSm_Prog001.mp4,choppSm_Prog001.jpg,cg02.jpg,OK,imagem=ERRO | mao=OK
1445,CHOQUE1,choque1Sm_Prog001.mp4,choque1Sm_Prog001.jpg,cg31.jpg,OK,imagem=ERRO | mao=OK
1446,CHOQUE2,choque2Sm_Prog001.mp4,choque2Sm_Prog001.jpg,cg40.jpg,OK,imagem=ERRO | mao=OK
1447,CHORAR,chorarSm_Prog001.mp4,chorarSm_Prog001.jpg,cg13.jpg,OK,imagem=ERRO | mao=OK
5007,CHORO,choroSm_Prog001.mp4,choroSm_Prog001.jpg,cg13.jpg,OK,imagem=ERRO | mao=OK
1448,CHOVER,choverSm_Prog001.mp4,choverSm_Prog001.jpg,cg57.jpg,OK,imagem=ERRO | mao=OK
5008,CHUCHU,chuchuSm_Prog001.mp4,chuchuSm_Prog001.jpg,cg21.jpg,OK,imagem=OK | mao=OK
1454,CHUPAR LARANJA,chupar3Sm_Prog001.mp4,chupar3Sm_Prog001.jpg,cg46a.jpg,OK,imagem=ERRO | mao=OK
1452,CHUPAR PIRULITO,chupar1Sm_Prog001.mp4,chupar1Sm_Prog001.jpg,cg05.jpg,OK,imagem=ERRO | mao=OK
1455,CHUPETA,chupetaSm_Prog001.mp4,chupetaSm_Prog001.jpg,cg20.jpg,OK,imagem=ERRO | mao=OK
1456,CHURRASCARIA,churrascariaSm_Prog001.mp4,churrascariaSm_Prog001.jpg,cg62.jpg,OK,imagem=ERRO | mao=OK
1457,CHURRASCO,churrascoSm_Prog001.mp4,churrascoSm_Prog001.jpg,cg14.jpg,OK,imagem=ERRO | mao=OK
1458,CHURRASQUEIRA,churrasqueiraSm_Prog001.mp4,churrasqueiraSm_Prog001.jpg,cg14.jpg,OK,imagem=ERRO | mao=OK
7336,CHURRASQUINHO,churrasquinhoSm_Prog001.mp4,churrasquinhoSm_Prog001.jpg,cg14.jpg,OK,imagem=ERRO | mao=OK
1459,CHUTAR1,chutar1Sm_Prog001.mp4,chutar1Sm_Prog001.jpg,cg63.jpg,OK,imagem=ERRO | mao=OK
1460,CHUTAR2,chutar2Sm_Prog001.mp4,chutar2Sm_Prog001.jpg,cg62.jpg,OK,imagem=ERRO | mao=OK
1449,CHUVA,chuvaSm_Prog001.mp4,chuvaSm_Prog001.jpg,cg47.jpg,OK,imagem=OK | mao=OK
1450,CHUVEIRO,chuveiroSm_Prog001.mp4,chuveiroSm_Prog001.jpg,cg57.jpg,OK,imagem=OK | mao=OK
1462,CICLISMO,ciclismoSm_Prog001.mp4,ciclismoSm_Prog001.jpg,cg02.jpg,OK,imagem=ERRO | mao=OK
1463,CIDADE,cidadeSm_Prog001.mp4,cidadeSm_Prog001.jpg,cg64.jpg,OK,imagem=ERRO | mao=OK
1465,CIÊNCIA,cienciasSm_Prog001.mp4,cienciasSm_Prog001.jpg,cg51a.jpg,ERRO,video_download_falhou
6404,CIGARRA,cigarraSm_Prog001.mp4,cigarraSm_Prog001.jpg,cg22b.jpg,OK,imagem=OK | mao=OK
1469,CIGARRO,cigarroSm_Prog001.mp4,cigarroSm_Prog001.jpg,cg24.jpg,OK,imagem=ERRO | mao=OK
1471,CILINDRO,cilindroSm_Prog001.mp4,cilindroSm_Prog001.jpg,cg51a.jpg,OK,imagem=ERRO | mao=OK
1470,CÍLIOS,ciliosSm_Prog001.mp4,ciliosSm_Prog001.jpg,cg58.jpg,OK,imagem=ERRO | mao=OK
1472,CIMENTO,cimentoSm_Prog001.mp4,cimentoSm_Prog001.jpg,cg45.jpg,OK,imagem=ERRO | mao=OK
6341,CINCO,cincoSm_Prog001.mp4,cincoSm_Prog001.jpg,cg31.jpg,OK,imagem=ERRO | mao=OK
6342,CINCO MIL,cinco milSm_Prog001.mp4,cinco milSm_Prog001.jpg,cg31.jpg,ERRO,video_download_falhou
1473,CINEMA,cinemaSm_Prog001.mp4,cinemaSm_Prog001.jpg,cg64.jpg,OK,imagem=ERRO | mao=OK
6343,CINQUENTA,cinquentaSm_Prog001.mp4,cinquentaSm_Prog001.jpg,cg31.jpg,OK,imagem=ERRO | mao=OK
1474,CINTO1,cinto1Sm_Prog001.mp4,cinto1Sm_Prog001.jpg,cg18a.jpg,OK,imagem=ERRO | mao=OK
1475,CINTO2,cinto2Sm_Prog001.mp4,cinto2Sm_Prog001.jpg,cg18a.jpg,OK,imagem=ERRO | mao=OK
1476,CINTURA,cinturaSm_Prog001.mp4,cinturaSm_Prog001.jpg,cg63.jpg,OK,imagem=ERRO | mao=OK
1477,CINZA1,cinza1Sm_Prog001.mp4,cinza1Sm_Prog001.jpg,cg51a.jpg,OK,imagem=ERRO | mao=OK
1478,CINZA2,cinza2Sm_Prog001.mp4,cinza2Sm_Prog001.jpg,cg45.jpg,OK,imagem=ERRO | mao=OK
1479,CINZEIRO,cinzeiroSm_Prog001.mp4,cinzeiroSm_Prog001.jpg,cg22a.jpg,OK,imagem=ERRO | mao=OK
1480,CIRCO,circoSm_Prog001.mp4,circoSm_Prog001.jpg,cg47.jpg,OK,imagem=ERRO | mao=OK
4311,CIRCULAR,circularSm_Prog001.mp4,circularSm_Prog001.jpg,cg14.jpg,OK,imagem=ERRO | mao=OK
1482,CÍRCULO,circuloSm_Prog001.mp4,circuloSm_Prog001.jpg,cg18b.jpg,OK,imagem=ERRO | mao=OK
6010,CIRCUNCIDAR,circuncidarSm_Prog001.mp4,circuncidarSm_Prog001.jpg,cg32.jpg,OK,imagem=ERRO | mao=OK
1483,CIRCUNCISÃO,circuncisaoSm_Prog001.mp4,circuncisaoSm_Prog001.jpg,cg14.jpg,OK,imagem=ERRO | mao=OK
6339,CIRURGIA,cirurgiaSm_Prog001.mp4,cirurgiaSm_Prog001.jpg,cg24.jpg,OK,imagem=OK | mao=OK
6340,CIRURGIA PLÁSTICA,cirurgia-plasticaSm_Prog001.mp4,cirurgia-plasticaSm_Prog001.jpg,cg24.jpg,OK,imagem=ERRO | mao=OK
6405,CISCAR,ciscarSm_Prog001.mp4,ciscarSm_Prog001.jpg,cg20.jpg,OK,imagem=ERRO | mao=OK
1485,CLARO1,claro1Sm_Prog001.mp4,claro1Sm_Prog001.jpg,cg64.jpg,OK,imagem=ERRO | mao=OK
1486,CLARO2,claro2Sm_Prog001.mp4,claro2Sm_Prog001.jpg,cg64.jpg,OK,imagem=ERRO | mao=OK
1487,CLARO3,claro3Sm_Prog001.mp4,claro3Sm_Prog001.jpg,cg51a.jpg,OK,imagem=ERRO | mao=OK
4315,CLASSE,classeSm_Prog001.mp4,classeSm_Prog001.jpg,cg47.jpg,OK,imagem=ERRO | mao=OK
4312,CLASSIFICAR,classificarSm_Prog001.mp4,classificarSm_Prog001.jpg,cg63.jpg,OK,imagem=ERRO | mao=OK
1491,CLIPS,clipsSm_Prog001.mp4,clipsSm_Prog001.jpg,cg22a.jpg,OK,imagem=ERRO | mao=OK
1492,CLORO,cloroSm_Prog001.mp4,cloroSm_Prog001.jpg,cg51a.jpg,OK,imagem=ERRO | mao=OK
1493,CLUBE,clubeSm_Prog001.mp4,clubeSm_Prog001.jpg,cg07.jpg,OK,imagem=ERRO | mao=OK
6406,COAGIR,coagirSm_Prog001.mp4,coagirSm_Prog001.jpg,cg02.jpg,OK,imagem=ERRO | mao=OK
1494,COAR,coarSm_Prog001.mp4,coarSm_Prog001.jpg,cg47.jpg,OK,imagem=ERRO | mao=OK
1496,COBERTA,cobertaSm_Prog001.mp4,cobertaSm_Prog001.jpg,cg01.jpg,OK,imagem=ERRO | mao=OK
7337,COBERTOR,cobertorSm_Prog001.mp4,cobertorSm_Prog001.jpg,cg50.jpg,OK,imagem=ERRO | mao=OK
1497,COBIÇAR,cobicarSm_Prog001.mp4,cobicarSm_Prog001.jpg,cg18a.jpg,OK,imagem=ERRO | mao=OK
1498,COBRA,cobraSm_Prog001.mp4,cobraSm_Prog001.jpg,cg32.jpg,OK,imagem=OK | mao=OK
1499,COBRADOR,cobradorSm_Prog001.mp4,cobradorSm_Prog001.jpg,cg63.jpg,OK,imagem=ERRO | mao=OK
1501,COBRAR1,cobrar1Sm_Prog001.mp4,cobrar1Sm_Prog001.jpg,cg15.jpg,OK,imagem=ERRO | mao=OK
1500,COBRAR2,cobrar2Sm_Prog001.mp4,cobrar2Sm_Prog001.jpg,cg53a.jpg,OK,imagem=ERRO | mao=OK
1502,COBRIR1,cobrirSm_Prog001.mp4,cobrirSm_Prog001.jpg,cg01.jpg,OK,imagem=ERRO | mao=OK
1503,COBRIR2,cobrir2Sm_Prog001.mp4,cobrir2Sm_Prog001.jpg,cg53a.jpg,OK,imagem=ERRO | mao=OK
1504,COBRIR3,cobrir3Sm_Prog001.mp4,cobrir3Sm_Prog001.jpg,cg53a.jpg,OK,imagem=ERRO | mao=OK
1507,COCAÍNA1,cocaina1Sm_Prog001.mp4,cocaina1Sm_Prog001.jpg,cg63.jpg,OK,imagem=ERRO | mao=OK
1508,COCAÍNA2,cocaina2Sm_Prog001.mp4,cocaina2Sm_Prog001.jpg,cg40.jpg,OK,imagem=ERRO | mao=OK
1506,COÇAR,coçarSm_Prog001.mp4,coçarSm_Prog001.jpg,cg46a.jpg,ERRO,video_download_falhou
6012,COCAR,cocarSm_Prog001.mp4,cocarSm_Prog001.jpg,cg53b.jpg,OK,imagem=ERRO | mao=OK
1509,CÓCEGAS,cocegasSm_Prog001.mp4,cocegasSm_Prog001.jpg,cg47.jpg,OK,imagem=ERRO | mao=OK
6013,COCEIRA,coceiraSm_Prog001.mp4,coceiraSm_Prog001.jpg,cg46a.jpg,OK,imagem=ERRO | mao=OK
1510,COCHICHAR,cochicharSm_Prog001.mp4,cochicharSm_Prog001.jpg,cg40.jpg,OK,imagem=ERRO | mao=OK
1511,COCHILAR,cochilarSm_Prog001.mp4,cochilarSm_Prog001.jpg,cg20.jpg,OK,imagem=ERRO | mao=OK
1512,CÔCO,cocoSm_Prog001.mp4,cocoSm_Prog001.jpg,cg51b.jpg,OK,imagem=OK | mao=OK
4081,COELHO,coelhoSm_Prog001.mp4,coelhoSm_Prog001.jpg,cg27.jpg,OK,imagem=OK | mao=OK
1514,COFRE,cofreSm_Prog001.mp4,cofreSm_Prog001.jpg,cg45.jpg,OK,imagem=ERRO | mao=OK
6407,COGUMELO,cogumeloSm_Prog001.mp4,cogumeloSm_Prog001.jpg,cg47.jpg,OK,imagem=OK | mao=OK
1515,COICE,coiceSm_Prog001.mp4,coiceSm_Prog001.jpg,cg02.jpg,OK,imagem=OK | mao=OK
1517,COINCIDÊNCIA1,coincidencia1Sm_Prog001.mp4,coincidencia1Sm_Prog001.jpg,cg18a.jpg,OK,imagem=ERRO | mao=OK
1518,COINCIDÊNCIA2,coincidencia2Sm_Prog001.mp4,coincidencia2Sm_Prog001.jpg,cg14.jpg,OK,imagem=ERRO | mao=OK
6408,COINCIDIR,coincidirSm_Prog001.mp4,coincidirSm_Prog001.jpg,cg63.jpg,OK,imagem=ERRO | mao=OK
1519,COISA,coisaSm_Prog001.mp4,coisaSm_Prog001.jpg,cg28.jpg,OK,imagem=ERRO | mao=OK
1516,COITADO,coitadoSm_Prog001.mp4,coitadoSm_Prog001.jpg,cg35a.jpg,OK,imagem=ERRO | mao=OK
6409,COITO,coitoSm_Prog001.mp4,coitoSm_Prog001.jpg,,ERRO,video_download_falhou
1520,COLA1,cola1Sm_Prog001.mp4,cola1Sm_Prog001.jpg,cg51b.jpg,OK,imagem=ERRO | mao=OK
1521,COLA2,cola2Sm_Prog001.mp4,cola2Sm_Prog001.jpg,cg34.jpg,OK,imagem=ERRO | mao=OK
1522,COLABORAR,colaborarSm_Prog001.mp4,colaborarSm_Prog001.jpg,cg07.jpg,OK,imagem=ERRO | mao=OK
4690,COLAR2,colar2Sm_Prog001.mp4,colar2Sm_Prog001.jpg,cg14.jpg,OK,imagem=ERRO | mao=OK
6410,COLARINHO,colarinhoSm_Prog001.mp4,colarinhoSm_Prog001.jpg,cg08b.jpg,OK,imagem=ERRO | mao=OK
1524,COLCHÃO1,colchao1Sm_Prog001.mp4,colchao1Sm_Prog001.jpg,cg51b.jpg,OK,imagem=ERRO | mao=OK
1525,COLCHÃO2,colchao2Sm_Prog001.mp4,colchao2Sm_Prog001.jpg,cg51b.jpg,OK,imagem=ERRO | mao=OK
7012,COLEGA,colegaSm_Prog001.mp4,colegaSm_Prog001.jpg,cg63.jpg,OK,imagem=ERRO | mao=OK
1526,COLÉGIO,colegioSm_Prog001.mp4,colegioSm_Prog001.jpg,cg63.jpg,OK,imagem=ERRO | mao=OK
1527,COLHER1,colher1Sm_Prog001.mp4,colher1Sm_Prog001.jpg,cg53a.jpg,OK,imagem=ERRO | mao=OK
1528,COLHER2,colher2Sm_Prog001.mp4,colher2Sm_Prog001.jpg,cg47.jpg,OK,imagem=ERRO | mao=OK
4314,COLHER3,colher3Sm_Prog001.mp4,colher3Sm_Prog001.jpg,cg61.jpg,OK,imagem=ERRO | mao=OK
1531,COLIDIR,colidirSm_Prog001.mp4,colidirSm_Prog001.jpg,cg02.jpg,OK,imagem=ERRO | mao=OK
1532,COLINA,colinaSm_Prog001.mp4,colinaSm_Prog001.jpg,cg63.jpg,OK,imagem=OK | mao=OK
1533,COLÍRIO,colirioSm_Prog001.mp4,colirioSm_Prog001.jpg,cg20.jpg,OK,imagem=OK | mao=OK
1536,COLOCAR1,colocarSm_Prog001.mp4,colocarSm_Prog001.jpg,cg44.jpg,OK,imagem=ERRO | mao=OK
6897,COLOCAR2,colocar-cintoSm_Prog001.mp4,colocar-cintoSm_Prog001.jpg,cg32.jpg,OK,imagem=ERRO | mao=OK
1534,COLÔMBIA,colombiaSm_Prog001.mp4,colombiaSm_Prog001.jpg,cg63.jpg,OK,imagem=ERRO | mao=OK
7338,COLOMBIANO,colombianoSm_Prog001.mp4,colombianoSm_Prog001.jpg,cg63.jpg,OK,imagem=ERRO | mao=OK
1535,COLORIDO,coloridoSm_Prog001.mp4,coloridoSm_Prog001.jpg,cg64.jpg,OK,imagem=ERRO | mao=OK
1537,COLORIR,colorirSm_Prog001.mp4,colorirSm_Prog001.jpg,cg20.jpg,OK,imagem=ERRO | mao=OK
1538,COLUNA,colunaSm_Prog001.mp4,colunaSm_Prog001.jpg,cg08b.jpg,OK,imagem=ERRO | mao=OK
6414,COM LICENÇA,com-licencaSm_Prog001.mp4,com-licencaSm_Prog001.jpg,cg63.jpg,OK,imagem=ERRO | mao=OK
1541,COMA,comaSm_Prog001.mp4,comaSm_Prog001.jpg,cg51a.jpg,OK,imagem=OK | mao=OK
6411,COMANDAR,comandarSm_Prog001.mp4,comandarSm_Prog001.jpg,cg14.jpg,OK,imagem=ERRO | mao=OK
1542,COMBATER,combaterSm_Prog001.mp4,combaterSm_Prog001.jpg,cg62.jpg,OK,imagem=ERRO | mao=OK
1544,COMBINAR1,combinar1Sm_Prog001.mp4,combinar1Sm_Prog001.jpg,cg14.jpg,OK,imagem=ERRO | mao=OK
1545,COMBINAR2,combinar2Sm_Prog001.mp4,combinar2Sm_Prog001.jpg,cg14.jpg,OK,imagem=ERRO | mao=OK
6014,COMBUSTÍVEL,combustivelSm_Prog001.mp4,combustivelSm_Prog001.jpg,cg11.jpg,OK,imagem=ERRO | mao=OK
1546,COMEÇAR1,comecar1Sm_Prog001.mp4,comecar1Sm_Prog001.jpg,cg53a.jpg,OK,imagem=ERRO | mao=OK
1547,COMEÇAR2,comecar2Sm_Prog001.mp4,comecar2Sm_Prog001.jpg,cg53a.jpg,OK,imagem=ERRO | mao=OK
1548,COMÉDIA,comediaSm_Prog001.mp4,comediaSm_Prog001.jpg,cg19.jpg,OK,imagem=ERRO | mao=OK
3000,COMEMORAÇÃO,comemoracaoSm_Prog001.mp4,comemoracaoSm_Prog001.jpg,cg40.jpg,OK,imagem=ERRO | mao=OK
1549,COMEMORAR,comemorarSm_Prog001.mp4,comemorarSm_Prog001.jpg,cg64.jpg,OK,imagem=ERRO | mao=OK
1550,COMENTAR,comentarSm_Prog001.mp4,comentarSm_Prog001.jpg,cg11.jpg,OK,imagem=ERRO | mao=OK
6412,COMENTARISTA,comentaristaSm_Prog001.mp4,comentaristaSm_Prog001.jpg,cg02.jpg,OK,imagem=ERRO | mao=OK
1551,COMER,comerSm_Prog001.mp4,comerSm_Prog001.jpg,cg53a.jpg,OK,imagem=ERRO | mao=OK
6015,COMERCIAL,comercialSm_Prog001.mp4,comercialSm_Prog001.jpg,cg40.jpg,OK,imagem=ERRO | mao=OK
1552,COMÉRCIO,comercioSm_Prog001.mp4,comercioSm_Prog001.jpg,cg05.jpg,OK,imagem=ERRO | mao=OK
1553,COMETA1,cometa1Sm_Prog001.mp4,cometa1Sm_Prog001.jpg,cg57.jpg,OK,imagem=OK | mao=OK
1554,COMETA2,cometa2Sm_Prog001.mp4,cometa2Sm_Prog001.jpg,cg51a.jpg,OK,imagem=ERRO | mao=OK
6413,CÔMICO,comicoSm_Prog001.mp4,comicoSm_Prog001.jpg,cg19.jpg,OK,imagem=ERRO | mao=OK
5082,COMIDA,comidaSm_Prog001.mp4,comidaSm_Prog001.jpg,cg53a.jpg,OK,imagem=ERRO | mao=OK
6894,COMIGO,comigoSm_Prog001.mp4,comigoSm_Prog001.jpg,cg08a.jpg,OK,imagem=ERRO | mao=OK
1555,COMISSÃO,comissaoSm_Prog001.mp4,comissaoSm_Prog001.jpg,cg47.jpg,OK,imagem=ERRO | mao=OK
1556,COMO1,como1Sm_Prog001.mp4,como1Sm_Prog001.jpg,cg51a.jpg,OK,imagem=ERRO | mao=OK
1557,COMO2,como2Sm_Prog001.mp4,como2Sm_Prog001.jpg,cg44.jpg,OK,imagem=ERRO | mao=OK
1558,CÔMODA,comodaSm_Prog001.mp4,comodaSm_Prog001.jpg,cg01.jpg,OK,imagem=ERRO | mao=OK
6415,COMODISMO,comodismoSm_Prog001.mp4,comodismoSm_Prog001.jpg,cg40.jpg,OK,imagem=ERRO | mao=OK
6016,COMOVER,comoverSm_Prog001.mp4,comoverSm_Prog001.jpg,cg42.jpg,OK,imagem=ERRO | mao=OK
1559,COMPADECER,compadecerSm_Prog001.mp4,compadecerSm_Prog001.jpg,cg35a.jpg,OK,imagem=ERRO | mao=OK
1560,COMPANHEIRO,companheiroSm_Prog001.mp4,companheiroSm_Prog001.jpg,cg01.jpg,OK,imagem=ERRO | mao=OK
6017,COMPANHIA1,companhia1Sm_Prog001.mp4,companhia1Sm_Prog001.jpg,cg07.jpg,OK,imagem=ERRO | mao=OK
6019,COMPANHIA2,companhia2Sm_Prog001.mp4,companhia2Sm_Prog001.jpg,cg02.jpg,OK,imagem=ERRO | mao=OK
1561,COMPARAR,compararSm_Prog001.mp4,compararSm_Prog001.jpg,cg63.jpg,OK,imagem=ERRO | mao=OK
1562,COMPARECER,comparecerSm_Prog001.mp4,comparecerSm_Prog001.jpg,cg32.jpg,OK,imagem=ERRO | mao=OK
1563,COMPASSO,compassoSm_Prog001.mp4,compassoSm_Prog001.jpg,cg32.jpg,OK,imagem=ERRO | mao=OK
7339,COMPENSAÇÃO,compensacaoSm_Prog001.mp4,compensacaoSm_Prog001.jpg,cg62.jpg,OK,imagem=ERRO | mao=OK
1564,COMPENSAR,compensarSm_Prog001.mp4,compensarSm_Prog001.jpg,cg61.jpg,OK,imagem=ERRO | mao=OK
6022,COMPETIÇÃO,competicaoSm_Prog001.mp4,competicaoSm_Prog001.jpg,cg14.jpg,OK,imagem=ERRO | mao=OK
1565,COMPETIR,competirSm_Prog001.mp4,competirSm_Prog001.jpg,cg14.jpg,OK,imagem=ERRO | mao=OK
1566,COMPLETAR,completarSm_Prog001.mp4,completarSm_Prog001.jpg,cg49.jpg,OK,imagem=ERRO | mao=OK
6023,COMPLETO,completoSm_Prog001.mp4,completoSm_Prog001.jpg,cg49.jpg,OK,imagem=ERRO | mao=OK
1567,COMPLICADO,complicadoSm_Prog001.mp4,complicadoSm_Prog001.jpg,cg64.jpg,OK,imagem=ERRO | mao=OK
1568,COMPORTAR,comportarSm_Prog001.mp4,comportarSm_Prog001.jpg,cg08a.jpg,OK,imagem=ERRO | mao=OK
1569,COMPRAR1,comprarSm_Prog001.mp4,comprarSm_Prog001.jpg,cg11.jpg,ERRO,video_download_falhou
1570,COMPREENDER,compreenderSm_Prog001.mp4,compreenderSm_Prog001.jpg,cg49.jpg,OK,imagem=ERRO | mao=OK
1571,COMPRIDO1,compridoSm_Prog001.mp4,compridoSm_Prog001.jpg,cg61.jpg,OK,imagem=ERRO | mao=OK
7340,COMPRIDO2,comprido3Sm_Prog001.mp4,comprido3Sm_Prog001.jpg,cg51b.jpg,OK,imagem=ERRO | mao=OK
1574,COMPRIMIDO1,comprimido1Sm_Prog001.mp4,comprimido1Sm_Prog001.jpg,cg07.jpg,OK,imagem=ERRO | mao=OK
1575,COMPRIMIDO2,comprimido2Sm_Prog001.mp4,comprimido2Sm_Prog001.jpg,cg49.jpg,OK,imagem=ERRO | mao=OK
1577,COMPROMISSO,compromissoSm_Prog001.mp4,compromissoSm_Prog001.jpg,cg14.jpg,OK,imagem=ERRO | mao=OK
1578,COMPUTADOR,computadorSm_Prog001.mp4,computadorSm_Prog001.jpg,cg15.jpg,OK,imagem=ERRO | mao=OK
1579,COMUM1,comum1Sm_Prog001.mp4,comum1Sm_Prog001.jpg,cg01.jpg,OK,imagem=ERRO | mao=OK
1580,COMUM2,comum2Sm_Prog001.mp4,comum2Sm_Prog001.jpg,cg28.jpg,OK,imagem=ERRO | mao=OK
1582,COMUNGAR,comungarSm_Prog001.mp4,comungarSm_Prog001.jpg,cg49.jpg,OK,imagem=ERRO | mao=OK
1581,COMUNHÃO,comungarSm_Prog001.mp4,comungarSm_Prog001.jpg,cg49.jpg,OK,imagem=ERRO | mao=OK
1583,COMUNICAÇÃO,comunicacaoSm_Prog001.mp4,comunicacaoSm_Prog001.jpg,cg51a.jpg,OK,imagem=ERRO | mao=OK
1585,COMUNICAR,comunicarSm_Prog001.mp4,comunicarSm_Prog001.jpg,cg51a.jpg,OK,imagem=ERRO | mao=OK
1586,COMUNIDADE,comunidadeSm_Prog001.mp4,comunidadeSm_Prog001.jpg,cg47.jpg,OK,imagem=ERRO | mao=OK
1587,COMUNISTA,comunistaSm_Prog001.mp4,comunistaSm_Prog001.jpg,cg02.jpg,OK,imagem=ERRO | mao=OK
1588,CONCENTRAR,concentrarSm_Prog001.mp4,concentrarSm_Prog001.jpg,cg63.jpg,OK,imagem=ERRO | mao=OK
6416,CONCHA,conchaSm_Prog001.mp4,conchaSm_Prog001.jpg,cg53b.jpg,OK,imagem=OK | mao=OK
1590,CONCLUIR,concluirSm_Prog001.mp4,concluirSm_Prog001.jpg,cg33.jpg,OK,imagem=ERRO | mao=OK
1591,CONCORDAR,concordarSm_Prog001.mp4,concordarSm_Prog001.jpg,cg14.jpg,OK,imagem=ERRO | mao=OK
6025,CONCORRÊNCIA,concorrenciaSm_Prog001.mp4,concorrenciaSm_Prog001.jpg,cg14.jpg,OK,imagem=ERRO | mao=OK
6026,CONCORRER,concorrerSm_Prog001.mp4,concorrerSm_Prog001.jpg,cg14.jpg,OK,imagem=ERRO | mao=OK
1592,CONCURSO1,concurso1Sm_Prog001.mp4,concurso1Sm_Prog001.jpg,cg62.jpg,OK,imagem=ERRO | mao=OK
4316,CONCURSO2,concurso2Sm_Prog001.mp4,concurso2Sm_Prog001.jpg,cg14.jpg,OK,imagem=ERRO | mao=OK
1595,CONDICIONADOR,condicionadorSm_Prog001.mp4,condicionadorSm_Prog001.jpg,cg51a.jpg,OK,imagem=ERRO | mao=OK
1594,CONDOMÍNIO,condominioSm_Prog001.mp4,condominioSm_Prog001.jpg,cg32.jpg,OK,imagem=ERRO | mao=OK
1596,CONDUTA,condutaSm_Prog001.mp4,condutaSm_Prog001.jpg,cg08a.jpg,OK,imagem=ERRO | mao=OK
6029,CONFECCIONAR,confeccionarSm_Prog001.mp4,confeccionarSm_Prog001.jpg,cg39.jpg,ERRO,video_download_falhou
6417,CONFEITAR,confeitarSm_Prog001.mp4,confeitarSm_Prog001.jpg,cg02.jpg,ERRO,video_download_falhou
1599,CONFERENCIAR,conferenciarSm_Prog001.mp4,conferenciarSm_Prog001.jpg,cg64.jpg,OK,imagem=ERRO | mao=OK
6030,CONFERIR,conferirSm_Prog001.mp4,conferirSm_Prog001.jpg,cg20.jpg,OK,imagem=ERRO | mao=OK
1600,CONFESSAR,confessarSm_Prog001.mp4,confessarSm_Prog001.jpg,cg58.jpg,OK,imagem=ERRO | mao=OK
6418,CONFETE,confeteSm_Prog001.mp4,confeteSm_Prog001.jpg,cg57.jpg,OK,imagem=ERRO | mao=OK
1601,CONFIAR,confiarSm_Prog001.mp4,confiarSm_Prog001.jpg,cg63.jpg,OK,imagem=ERRO | mao=OK
6419,CONFIDENCIAL,confidencialSm_Prog001.mp4,confidencialSm_Prog001.jpg,cg51a.jpg,OK,imagem=ERRO | mao=OK
7341,CONFIDENCIAL2,confidencial2Sm_Prog001.mp4,confidencial2Sm_Prog001.jpg,cg53a.jpg,OK,imagem=ERRO | mao=OK
1603,CONFIRMAR,confirmarSm_Prog001.mp4,confirmarSm_Prog001.jpg,cg49.jpg,OK,imagem=ERRO | mao=OK
6032,CONFISCAR,confiscarSm_Prog001.mp4,confiscarSm_Prog001.jpg,cg47.jpg,OK,imagem=ERRO | mao=OK
6036,CONFISSÃO,confissaoSm_Prog001.mp4,confissaoSm_Prog001.jpg,cg42.jpg,OK,imagem=ERRO | mao=OK
7342,CONFLITO2,conflito2Sm_Prog001.mp4,conflito2Sm_Prog001.jpg,cg14.jpg,OK,imagem=ERRO | mao=OK
1604,CONFORMAR,conformarSm_Prog001.mp4,conformarSm_Prog001.jpg,cg47.jpg,OK,imagem=ERRO | mao=OK
6420,CONFORTAR,confortarSm_Prog001.mp4,confortarSm_Prog001.jpg,cg53a.jpg,OK,imagem=ERRO | mao=OK
6038,CONFRONTAR,confrontarSm_Prog001.mp4,confrontarSm_Prog001.jpg,cg14.jpg,OK,imagem=ERRO | mao=OK
1606,CONFUNDIR,confundirSm_Prog001.mp4,confundirSm_Prog001.jpg,cg64.jpg,OK,imagem=ERRO | mao=OK
1607,CONFUSÃO1,confusao1Sm_Prog001.mp4,confusao1Sm_Prog001.jpg,cg57.jpg,OK,imagem=ERRO | mao=OK
1608,CONFUSÃO2,confusao2Sm_Prog001.mp4,confusao2Sm_Prog001.jpg,cg64.jpg,OK,imagem=ERRO | mao=OK
1609,CONGELAR,congelarSm_Prog001.mp4,congelarSm_Prog001.jpg,cg15.jpg,OK,imagem=ERRO | mao=OK
6421,CONGESTIONAMENTO,congestionamentoSm_Prog001.mp4,congestionamentoSm_Prog001.jpg,cg62.jpg,OK,imagem=ERRO | mao=OK
1610,CONGREGAÇÃO,congregacaoSm_Prog001.mp4,congregacaoSm_Prog001.jpg,cg47.jpg,OK,imagem=ERRO | mao=OK
4140,CONGRESSO,congressoSm_Prog001.mp4,congressoSm_Prog001.jpg,cg51a.jpg,OK,imagem=ERRO | mao=OK
1612,CONHECER,conhecerSm_Prog001.mp4,conhecerSm_Prog001.jpg,cg58.jpg,OK,imagem=ERRO | mao=OK
1613,CONHECIMENTO,conhecimentoSm_Prog001.mp4,conhecimentoSm_Prog001.jpg,cg58.jpg,OK,imagem=ERRO | mao=OK
6040,CÔNJUGE,conjugeSm_Prog001.mp4,conjugeSm_Prog001.jpg,cg52.jpg,OK,imagem=ERRO | mao=OK
6041,CONOSCO,conoscoSm_Prog001.mp4,conoscoSm_Prog001.jpg,cg57.jpg,OK,imagem=ERRO | mao=OK
6042,CONQUISTAR,conquistarSm_Prog001.mp4,conquistarSm_Prog001.jpg,cg51b.jpg,OK,imagem=ERRO | mao=OK
1614,CONSCIÊNCIA,conscienciaSm_Prog001.mp4,conscienciaSm_Prog001.jpg,cg35b.jpg,OK,imagem=ERRO | mao=OK
1615,CONSEGUIR,conseguirSm_Prog001.mp4,conseguirSm_Prog001.jpg,cg08a.jpg,OK,imagem=ERRO | mao=OK
1616,CONSELHEIRO,conselheiro1Sm_Prog001.mp4,conselheiro1Sm_Prog001.jpg,cg51a.jpg,ERRO,video_download_falhou
7343,CONSELHEIRO2,conselheiro2Sm_Prog001.mp4,conselheiro2Sm_Prog001.jpg,cg50.jpg,OK,imagem=ERRO | mao=OK
1617,CONSELHO,conselhoSm_Prog001.mp4,conselhoSm_Prog001.jpg,cg50.jpg,OK,imagem=ERRO | mao=OK
1618,CONSERTAR,consertarSm_Prog001.mp4,consertarSm_Prog001.jpg,cg14.jpg,OK,imagem=ERRO | mao=OK
1619,CONSERVAR,conservarSm_Prog001.mp4,conservarSm_Prog001.jpg,cg03.jpg,OK,imagem=ERRO | mao=OK
1620,CONSOLAR,consolarSm_Prog001.mp4,consolarSm_Prog001.jpg,cg63.jpg,OK,imagem=ERRO | mao=OK
1621,CONSTITUIÇÃO,constituicaoSm_Prog001.mp4,constituicaoSm_Prog001.jpg,cg51a.jpg,OK,imagem=ERRO | mao=OK
1622,CONSTRUÇÃO,construcaoSm_Prog001.mp4,construcaoSm_Prog001.jpg,cg02.jpg,OK,imagem=ERRO | mao=OK
4141,CONSTRUIR,construirSm_Prog001.mp4,construirSm_Prog001.jpg,cg02.jpg,OK,imagem=ERRO | mao=OK
1624,CONSULTAR,consultarSm_Prog001.mp4,consultarSm_Prog001.jpg,cg14.jpg,OK,imagem=ERRO | mao=OK
6043,CONTA,contaSm_Prog001.mp4,contaSm_Prog001.jpg,cg37a.jpg,OK,imagem=ERRO | mao=OK
1626,CONTA CORRENTE,conta correnteSm_Prog001.mp4,conta correnteSm_Prog001.jpg,cg51a.jpg,ERRO,video_download_falhou
6424,CONTA-GOTAS,conta-gotasSm_Prog001.mp4,conta-gotasSm_Prog001.jpg,cg20.jpg,OK,imagem=OK | mao=OK
6423,CONTABILIDADE,contabilidadeSm_Prog001.mp4,contabilidadeSm_Prog001.jpg,cg51a.jpg,OK,imagem=ERRO | mao=OK
1630,CONTADOR2,contador2Sm_Prog001.mp4,contador2Sm_Prog001.jpg,cg39.jpg,OK,imagem=ERRO | mao=OK
7344,CONTADOR3,contador3Sm_Prog001.mp4,contador3Sm_Prog001.jpg,cg49.jpg,OK,imagem=ERRO | mao=OK
1632,CONTAMINADO,contaminadoSm_Prog001.mp4,contaminadoSm_Prog001.jpg,cg05.jpg,OK,imagem=ERRO | mao=OK
1631,CONTAMINAR,contaminarSm_Prog001.mp4,contaminarSm_Prog001.jpg,cg64.jpg,OK,imagem=ERRO | mao=OK
1633,CONTAR1,contar1Sm_Prog001.mp4,contar1Sm_Prog001.jpg,cg02.jpg,OK,imagem=ERRO | mao=OK
1634,CONTAR2,contar2Sm_Prog001.mp4,contar2Sm_Prog001.jpg,cg39.jpg,OK,imagem=ERRO | mao=OK
7345,CONTAR3,contar3Sm_Prog001.mp4,contar3Sm_Prog001.jpg,cg02.jpg,OK,imagem=ERRO | mao=OK
6425,CONTATAR,contatarSm_Prog001.mp4,contatarSm_Prog001.jpg,cg35a.jpg,OK,imagem=ERRO | mao=OK
1635,CONTATO,contatoSm_Prog001.mp4,contatoSm_Prog001.jpg,cg14.jpg,OK,imagem=ERRO | mao=OK
1637,CONTENTE,contenteSm_Prog001.mp4,contenteSm_Prog001.jpg,cg32.jpg,OK,imagem=ERRO | mao=OK
1638,CONTEXTO1,contextoSm_Prog001.mp4,contextoSm_Prog001.jpg,cg14.jpg,ERRO,video_download_falhou
6045,CONTIGO,contigoSm_Prog001.mp4,contigoSm_Prog001.jpg,cg14.jpg,OK,imagem=ERRO | mao=OK
1639,CONTINÊNCIA1,continencia1Sm_Prog001.mp4,continencia1Sm_Prog001.jpg,cg07.jpg,OK,imagem=ERRO | mao=OK
1640,CONTINÊNCIA2,continencia2Sm_Prog001.mp4,continencia2Sm_Prog001.jpg,cg61.jpg,OK,imagem=ERRO | mao=OK
1641,CONTINUAR,continuarSm_Prog001.mp4,continuarSm_Prog001.jpg,cg32.jpg,OK,imagem=ERRO | mao=OK
1642,CONTO,contoSm_Prog001.mp4,contoSm_Prog001.jpg,cg32.jpg,OK,imagem=ERRO | mao=OK
1643,CONTRA,contraSm_Prog001.mp4,contraSm_Prog001.jpg,cg14.jpg,OK,imagem=ERRO | mao=OK
1645,CONTRA-CHEQUE,contra-chequeSm_Prog001.mp4,contra-chequeSm_Prog001.jpg,cg44.jpg,OK,imagem=ERRO | mao=OK
1644,CONTRABANDO,contrabandoSm_Prog001.mp4,contrabandoSm_Prog001.jpg,cg14.jpg,OK,imagem=ERRO | mao=OK
4142,CONTRÁRIO,contrarioSm_Prog001.mp4,contrarioSm_Prog001.jpg,cg32.jpg,ERRO,video_download_falhou
1647,CONTRATAR1,contratar1Sm_Prog001.mp4,contratar1Sm_Prog001.jpg,cg55.jpg,OK,imagem=ERRO | mao=OK
1648,CONTRATAR2,contratar2Sm_Prog001.mp4,contratar2Sm_Prog001.jpg,cg02.jpg,OK,imagem=ERRO | mao=OK
4143,CONTRATO,contratoSm_Prog001.mp4,contratoSm_Prog001.jpg,cg55.jpg,OK,imagem=ERRO | mao=OK
1649,CONTRIBUIÇÃO,contribuicaoSm_Prog001.mp4,contribuicaoSm_Prog001.jpg,cg62.jpg,OK,imagem=ERRO | mao=OK
1650,CONTRIBUIR,contribuirSm_Prog001.mp4,contribuirSm_Prog001.jpg,cg05.jpg,OK,imagem=ERRO | mao=OK
6426,CONTROLE REMOTO,controle-remotoSm_Prog001.mp4,controle-remotoSm_Prog001.jpg,cg01.jpg,ERRO,video_download_falhou
1651,CONVENCER1,convencer1Sm_Prog001.mp4,convencer1Sm_Prog001.jpg,cg47.jpg,OK,imagem=ERRO | mao=OK
6427,CONVENCIDO,convencido1Sm_Prog001.mp4,convencido1Sm_Prog001.jpg,cg07.jpg,ERRO,video_download_falhou
1654,CONVÊNIO,convenioSm_Prog001.mp4,convenioSm_Prog001.jpg,cg15.jpg,OK,imagem=ERRO | mao=OK
6428,CONVENTO,conventoSm_Prog001.mp4,conventoSm_Prog001.jpg,cg62.jpg,OK,imagem=ERRO | mao=OK
7346,CONVERSAÇÃO,conversacaoSm_Prog001.mp4,conversacaoSm_Prog001.jpg,cg62.jpg,OK,imagem=ERRO | mao=OK
1655,CONVERSÃO,conversaoSm_Prog001.mp4,conversaoSm_Prog001.jpg,cg07.jpg,OK,imagem=ERRO | mao=OK
1656,CONVERSAR,conversarSm_Prog001.mp4,conversarSm_Prog001.jpg,cg62.jpg,OK,imagem=ERRO | mao=OK
6047,CONVERTER,converterSm_Prog001.mp4,converterSm_Prog001.jpg,cg07.jpg,OK,imagem=ERRO | mao=OK
1657,CONVIDAR,convidarSm_Prog001.mp4,convidarSm_Prog001.jpg,cg63.jpg,OK,imagem=ERRO | mao=OK
1658,CONVITE,conviteSm_Prog001.mp4,conviteSm_Prog001.jpg,cg63.jpg,OK,imagem=ERRO | mao=OK
1660,COORDENADOR,coordenadorSm_Prog001.mp4,coordenadorSm_Prog001.jpg,cg51a.jpg,OK,imagem=ERRO | mao=OK
1661,COPIAR,copiarSm_Prog001.mp4,copiarSm_Prog001.jpg,cg57.jpg,OK,imagem=ERRO | mao=OK
1662,COPO,copoSm_Prog001.mp4,copoSm_Prog001.jpg,cg51a.jpg,OK,imagem=ERRO | mao=OK
6429,COQUETEL,coquetelSm_Prog001.mp4,coquetelSm_Prog001.jpg,cg49.jpg,OK,imagem=ERRO | mao=OK
1663,COR,corSm_Prog001.mp4,corSm_Prog001.jpg,cg51a.jpg,OK,imagem=ERRO | mao=OK
1664,CORAÇÃO,coracaoSm_Prog001.mp4,coracaoSm_Prog001.jpg,cg62.jpg,OK,imagem=OK | mao=OK
7347,CORAJOSO,corajosoSm_Prog001.mp4,corajosoSm_Prog001.jpg,cg57.jpg,OK,imagem=ERRO | mao=OK
4144,CORAL,coralSm_Prog001.mp4,coralSm_Prog001.jpg,cg47.jpg,OK,imagem=ERRO | mao=OK
6048,CORCOVADO,corcovadoSm_Prog001.mp4,corcovadoSm_Prog001.jpg,cg63.jpg,OK,imagem=ERRO | mao=OK
1671,CORCUNDA,corcundaSm_Prog001.mp4,corcundaSm_Prog001.jpg,cg15.jpg,OK,imagem=ERRO | mao=OK
1673,CORDA1,corda1Sm_Prog001.mp4,corda1Sm_Prog001.jpg,cg55.jpg,OK,imagem=ERRO | mao=OK
6050,CORDEIRO,cordeiroSm_Prog001.mp4,cordeiroSm_Prog001.jpg,cg24.jpg,OK,imagem=OK | mao=OK
7348,COREANO,coreanoSm_Prog001.mp4,coreanoSm_Prog001.jpg,cg53a.jpg,OK,imagem=ERRO | mao=OK
1667,CORÉIA,coreiaSm_Prog001.mp4,coreiaSm_Prog001.jpg,cg53a.jpg,OK,imagem=ERRO | mao=OK
1668,CORNETA,cornetaSm_Prog001.mp4,cornetaSm_Prog001.jpg,cg57.jpg,OK,imagem=ERRO | mao=OK
1669,COROA,coroaSm_Prog001.mp4,coroaSm_Prog001.jpg,cg18b.jpg,OK,imagem=ERRO | mao=OK
1670,CORONEL,coronelSm_Prog001.mp4,coronelSm_Prog001.jpg,cg64.jpg,OK,imagem=ERRO | mao=OK
1675,CORPO,corpoSm_Prog001.mp4,corpoSm_Prog001.jpg,cg14.jpg,OK,imagem=ERRO | mao=OK
6051,CORREDOR,corredorSm_Prog001.mp4,corredorSm_Prog001.jpg,cg63.jpg,OK,imagem=ERRO | mao=OK
1677,CORREIO,correioSm_Prog001.mp4,correioSm_Prog001.jpg,cg24.jpg,OK,imagem=ERRO | mao=OK
1678,CORRENTE,correnteSm_Prog001.mp4,correnteSm_Prog001.jpg,cg49.jpg,OK,imagem=ERRO | mao=OK
6052,CORRENTEZA,correntezaSm_Prog001.mp4,correntezaSm_Prog001.jpg,cg64.jpg,OK,imagem=OK | mao=OK
1679,CORRER1,correr1Sm_Prog001.mp4,correr1Sm_Prog001.jpg,cg02.jpg,OK,imagem=ERRO | mao=OK
4146,CORRER2,correr2Sm_Prog001.mp4,correr2Sm_Prog001.jpg,cg02.jpg,OK,imagem=ERRO | mao=OK
4145,CORRER3,correr3Sm_Prog001.mp4,correr3Sm_Prog001.jpg,cg64.jpg,OK,imagem=ERRO | mao=OK
1680,CORRERIA,correriaSm_Prog001.mp4,correriaSm_Prog001.jpg,cg64.jpg,OK,imagem=ERRO | mao=OK
1682,CORRESPONDER1,corresponder1Sm_Prog001.mp4,corresponder1Sm_Prog001.jpg,cg14.jpg,OK,imagem=ERRO | mao=OK
5010,CORRESPONDER2,corresponder2Sm_Prog001.mp4,corresponder2Sm_Prog001.jpg,cg05.jpg,OK,imagem=ERRO | mao=OK
6430,CORRETOR,corretorSm_Prog001.mp4,corretorSm_Prog001.jpg,cg05.jpg,OK,imagem=ERRO | mao=OK
1683,CORRIDA,corridaSm_Prog001.mp4,corridaSm_Prog001.jpg,cg07.jpg,OK,imagem=ERRO | mao=OK
1684,CORRIGIR,corrigirSm_Prog001.mp4,corrigirSm_Prog001.jpg,cg20.jpg,OK,imagem=ERRO | mao=OK
1686,CORROMPER,corromperSm_Prog001.mp4,corromperSm_Prog001.jpg,cg14.jpg,OK,imagem=ERRO | mao=OK
1690,CORTAR1,cortar2Sm_Prog001.mp4,cortar2Sm_Prog001.jpg,cg32.jpg,OK,imagem=ERRO | mao=OK
1692,CORTAR2,cortar3Sm_Prog001.mp4,cortar3Sm_Prog001.jpg,cg14.jpg,OK,imagem=ERRO | mao=OK
1693,CORTAR3,cortar4Sm_Prog001.mp4,cortar4Sm_Prog001.jpg,cg44.jpg,ERRO,video_download_falhou
6053,CORTÊS,cortesSm_Prog001.mp4,cortesSm_Prog001.jpg,cg08a.jpg,OK,imagem=ERRO | mao=OK
1696,CORTINA,cortinaSm_Prog001.mp4,cortinaSm_Prog001.jpg,cg58.jpg,OK,imagem=ERRO | mao=OK
1698,CORUJA1,coruja1Sm_Prog001.mp4,coruja1Sm_Prog001.jpg,cg40.jpg,OK,imagem=ERRO | mao=OK
1697,CORUJA2,coruja2Sm_Prog001.mp4,coruja2Sm_Prog001.jpg,cg18a.jpg,OK,imagem=OK | mao=OK
6431,COSMÉTICOS,cosmeticosSm_Prog001.mp4,cosmeticosSm_Prog001.jpg,cg63.jpg,OK,imagem=ERRO | mao=OK
1700,COSTA1,costa1Sm_Prog001.mp4,costa1Sm_Prog001.jpg,cg63.jpg,OK,imagem=ERRO | mao=OK
1699,COSTA2,costa2Sm_Prog001.mp4,costa2Sm_Prog001.jpg,cg63.jpg,OK,imagem=OK | mao=OK
1701,COSTELA,costelaSm_Prog001.mp4,costelaSm_Prog001.jpg,cg58.jpg,OK,imagem=ERRO | mao=OK
7349,COSTELETA,costeletaSm_Prog001.mp4,costeletaSm_Prog001.jpg,cg21.jpg,OK,imagem=ERRO | mao=OK
1702,COSTUME,costumeSm_Prog001.mp4,costumeSm_Prog001.jpg,cg63.jpg,OK,imagem=ERRO | mao=OK
1703,COSTURAR1,costurar1Sm_Prog001.mp4,costurar1Sm_Prog001.jpg,cg55.jpg,OK,imagem=ERRO | mao=OK
1704,COSTURAR2,costurar2Sm_Prog001.mp4,costurar2Sm_Prog001.jpg,cg63.jpg,OK,imagem=ERRO | mao=OK
1705,COSTUREIRA,costureiraSm_Prog001.mp4,costureiraSm_Prog001.jpg,cg63.jpg,OK,imagem=ERRO | mao=OK
1706,COTONETE,cotoneteSm_Prog001.mp4,cotoneteSm_Prog001.jpg,cg14.jpg,OK,imagem=OK | mao=OK
1707,COTOVELADA,cotoveladaSm_Prog001.mp4,cotoveladaSm_Prog001.jpg,cg02.jpg,OK,imagem=ERRO | mao=OK
1709,COTOVELO1,cotoveloSm_Prog001.mp4,cotoveloSm_Prog001.jpg,cg14.jpg,OK,imagem=ERRO | mao=OK
1708,COTOVELO2,cotovelo2Sm_Prog001.mp4,cotovelo2Sm_Prog001.jpg,cg42.jpg,OK,imagem=ERRO | mao=OK
1710,COURO,couroSm_Prog001.mp4,couroSm_Prog001.jpg,cg01.jpg,OK,imagem=ERRO | mao=OK
1713,COVARDE,covardeSm_Prog001.mp4,covardeSm_Prog001.jpg,cg51a.jpg,OK,imagem=ERRO | mao=OK
1715,COXA,coxaSm_Prog001.mp4,coxaSm_Prog001.jpg,cg63.jpg,OK,imagem=ERRO | mao=OK
6432,COXEAR,coxearSm_Prog001.mp4,coxearSm_Prog001.jpg,cg32.jpg,OK,imagem=ERRO | mao=OK
5019,COXINHA DE GALINHA,coxinha_de_galinhaSm_Prog001.mp4,coxinha_de_galinhaSm_Prog001.jpg,cg44.jpg,OK,imagem=ERRO | mao=OK
1716,COZIDO,cozidoSm_Prog001.mp4,cozidoSm_Prog001.jpg,cg47.jpg,OK,imagem=ERRO | mao=OK
1717,COZINHA,cozinhaSm_Prog001.mp4,cozinhaSm_Prog001.jpg,cg05.jpg,OK,imagem=ERRO | mao=OK
1718,COZINHAR,cozinharSm_Prog001.mp4,cozinharSm_Prog001.jpg,cg05.jpg,OK,imagem=ERRO | mao=OK
4147,COZINHEIRA,cozinheiraSm_Prog001.mp4,cozinheiraSm_Prog001.jpg,cg05.jpg,OK,imagem=ERRO | mao=OK
1721,CRACHÁ,crachaSm_Prog001.mp4,crachaSm_Prog001.jpg,cg22b.jpg,OK,imagem=ERRO | mao=OK
1720,CRÂNIO,crânioSm_Prog001.mp4,crânioSm_Prog001.jpg,cg47.jpg,ERRO,video_download_falhou
6433,CRAVAR,cravarSm_Prog001.mp4,cravarSm_Prog001.jpg,cg02.jpg,OK,imagem=ERRO | mao=OK
1722,CRECHE,crecheSm_Prog001.mp4,crecheSm_Prog001.jpg,cg51a.jpg,OK,imagem=ERRO | mao=OK
1723,CREME,cremeSm_Prog001.mp4,cremeSm_Prog001.jpg,cg51a.jpg,OK,imagem=ERRO | mao=OK
1724,CREME DENTAL,creme-dentalSm_Prog001.mp4,creme-dentalSm_Prog001.jpg,cg05.jpg,ERRO,video_download_falhou
1726,CRENTE,crenteSm_Prog001.mp4,crenteSm_Prog001.jpg,cg63.jpg,OK,imagem=ERRO | mao=OK
6434,CREPÚSCULO,crepusculoSm_Prog001.mp4,crepusculoSm_Prog001.jpg,cg19.jpg,OK,imagem=OK | mao=OK
1727,CRER,crerSm_Prog001.mp4,crerSm_Prog001.jpg,cg63.jpg,OK,imagem=ERRO | mao=OK
1728,CRESCER1,crescer1Sm_Prog001.mp4,crescer1Sm_Prog001.jpg,cg63.jpg,OK,imagem=ERRO | mao=OK
5018,CRESCER2,crescer2Sm_Prog001.mp4,crescer2Sm_Prog001.jpg,cg64.jpg,OK,imagem=ERRO | mao=OK
6054,CRESPO,crespoSm_Prog001.mp4,crespoSm_Prog001.jpg,cg46a.jpg,OK,imagem=ERRO | mao=OK
1731,CRIAR1,criar1Sm_Prog001.mp4,criar1Sm_Prog001.jpg,cg01.jpg,OK,imagem=ERRO | mao=OK
1732,CRIAR2,criar2Sm_Prog001.mp4,criar2Sm_Prog001.jpg,cg44.jpg,OK,imagem=ERRO | mao=OK
1733,CRIAR3,criar3Sm_Prog001.mp4,criar3Sm_Prog001.jpg,cg14.jpg,OK,imagem=ERRO | mao=OK
1734,CRIAR4,criar4Sm_Prog001.mp4,criar4Sm_Prog001.jpg,cg44.jpg,OK,imagem=ERRO | mao=OK
1735,CRIME,crimeSm_Prog001.mp4,crimeSm_Prog001.jpg,cg51a.jpg,OK,imagem=ERRO | mao=OK
6435,CRITICAR,criticarSm_Prog001.mp4,criticarSm_Prog001.jpg,cg11.jpg,OK,imagem=ERRO | mao=OK
1740,CROÁCIA,croaciaSm_Prog001.mp4,croaciaSm_Prog001.jpg,cg51a.jpg,ERRO,video_download_falhou
1743,CRUCIFICAÇÃO,crucificacaoSm_Prog001.mp4,crucificacaoSm_Prog001.jpg,cg63.jpg,OK,imagem=ERRO | mao=OK
1742,CRUCIFICAR,crucificarSm_Prog001.mp4,crucificarSm_Prog001.jpg,cg63.jpg,ERRO,video_download_falhou
1744,CRUZ,cruz1Sm_Prog001.mp4,cruz1Sm_Prog001.jpg,cg14.jpg,ERRO,video_download_falhou
1746,CRUZAR1,cruzarSm_Prog001.mp4,cruzarSm_Prog001.jpg,cg15.jpg,ERRO,video_download_falhou
7350,CRUZAR2,cruzar2Sm_Prog001.mp4,cruzar2Sm_Prog001.jpg,cg32.jpg,OK,imagem=ERRO | mao=OK
1747,CUBA,cubaSm_Prog001.mp4,cubaSm_Prog001.jpg,cg51a.jpg,OK,imagem=ERRO | mao=OK
7351,CUBA2,cuba2Sm_Prog001.mp4,cuba2Sm_Prog001.jpg,cg61.jpg,OK,imagem=ERRO | mao=OK
7352,CUBANO,cubanoSm_Prog001.mp4,cubanoSm_Prog001.jpg,cg61.jpg,OK,imagem=ERRO | mao=OK
1748,CUBO,cuboSm_Prog001.mp4,cuboSm_Prog001.jpg,cg15.jpg,OK,imagem=ERRO | mao=OK
1749,CUECA,cuecaSm_Prog001.mp4,cuecaSm_Prog001.jpg,cg18a.jpg,OK,imagem=ERRO | mao=OK
1751,CUIDADO,cuidadoSm_Prog001.mp4,cuidadoSm_Prog001.jpg,cg64.jpg,OK,imagem=ERRO | mao=OK
1752,CUIDADOSO,cuidadosoSm_Prog001.mp4,cuidadosoSm_Prog001.jpg,cg64.jpg,ERRO,video_download_falhou
1754,CUIDAR1,cuidar1Sm_Prog001.mp4,cuidar1Sm_Prog001.jpg,cg63.jpg,OK,imagem=ERRO | mao=OK
1755,CUIDAR2,cuidar2Sm_Prog001.mp4,cuidar2Sm_Prog001.jpg,cg32.jpg,OK,imagem=ERRO | mao=OK
6056,CULPADO,culpadoSm_Prog001.mp4,culpadoSm_Prog001.jpg,cg45.jpg,OK,imagem=ERRO | mao=OK
1757,CULTO1,culto1Sm_Prog001.mp4,culto1Sm_Prog001.jpg,cg51a.jpg,OK,imagem=ERRO | mao=OK
1758,CULTO2,culto2Sm_Prog001.mp4,culto2Sm_Prog001.jpg,cg31.jpg,OK,imagem=ERRO | mao=OK
1759,CULTURA1,culturaSm_Prog001.mp4,culturaSm_Prog001.jpg,cg51a.jpg,OK,imagem=ERRO | mao=OK
7353,CULTURA2,cultura2Sm_Prog001.mp4,cultura2Sm_Prog001.jpg,cg31.jpg,OK,imagem=ERRO | mao=OK
4149,CUMPRIMENTAR,cumprimentarSm_Prog001.mp4,cumprimentarSm_Prog001.jpg,cg63.jpg,OK,imagem=ERRO | mao=OK
1753,CUNHADO,cunhadoSm_Prog001.mp4,cunhadoSm_Prog001.jpg,cg51a.jpg,OK,imagem=ERRO | mao=OK
1761,CUPIDO,cupidoSm_Prog001.mp4,cupidoSm_Prog001.jpg,cg63.jpg,OK,imagem=ERRO | mao=OK
6990,CUPIM,cupim2Sm_Prog001.mp4,cupim2Sm_Prog001.jpg,cg49.jpg,ERRO,video_download_falhou
7354,CUPUAÇU,cupuacuSm_Prog001.mp4,cupuacuSm_Prog001.jpg,cg32.jpg,OK,imagem=OK | mao=OK
6062,CURA,curaSm_Prog001.mp4,curaSm_Prog001.jpg,cg02.jpg,OK,imagem=OK | mao=OK
1763,CURAR,curarSm_Prog001.mp4,curarSm_Prog001.jpg,cg02.jpg,OK,imagem=ERRO | mao=OK
1765,CURIOSO,curiosoSm_Prog001.mp4,curiosoSm_Prog001.jpg,cg63.jpg,OK,imagem=ERRO | mao=OK
6437,CURITIBA,curitibaSm_Prog001.mp4,curitibaSm_Prog001.jpg,cg51a.jpg,OK,imagem=ERRO | mao=OK
1766,CURRÍCULO VITAE,curriculo-vitaeSm_Prog001.mp4,curriculo-vitaeSm_Prog001.jpg,cg32.jpg,OK,imagem=ERRO | mao=OK
1767,CURSO,cursoSm_Prog001.mp4,cursoSm_Prog001.jpg,cg51a.jpg,OK,imagem=ERRO | mao=OK
1768,CURTO,curtoSm_Prog001.mp4,curtoSm_Prog001.jpg,cg14.jpg,OK,imagem=ERRO | mao=OK
1770,CURTO-CIRCUITO,curto-circuitoSm_Prog001.mp4,curto-circuitoSm_Prog001.jpg,cg40.jpg,OK,imagem=ERRO | mao=OK
6063,CURVA,curvaSm_Prog001.mp4,curvaSm_Prog001.jpg,cg53b.jpg,OK,imagem=ERRO | mao=OK
7355,CURVAR1,curvarSm_Prog001.mp4,curvarSm_Prog001.jpg,,ERRO,video_download_falhou
1772,CURVAR2,curvar-se2Sm_Prog001.mp4,curvar-se2Sm_Prog001.jpg,cg62.jpg,ERRO,video_download_falhou
1774,CUSPIR,cuspirSm_Prog001.mp4,cuspirSm_Prog001.jpg,cg04.jpg,OK,imagem=ERRO | mao=OK
6065,CUSTAR,custarSm_Prog001.mp4,custarSm_Prog001.jpg,cg20.jpg,OK,imagem=ERRO | mao=OK
1775,CUTUCAR,cutucarSm_Prog001.mp4,cutucarSm_Prog001.jpg,,ERRO,video_download_falhou
7052,D,dSm_Prog001.mp4,dSm_Prog001.jpg,cg12.jpg,OK,imagem=ERRO | mao=OK
2189,DADO,dadoSm_Prog001.mp4,dadoSm_Prog001.jpg,cg01.jpg,OK,imagem=ERRO | mao=OK
2190,DAMA,damaSm_Prog001.mp4,damaSm_Prog001.jpg,cg07.jpg,OK,imagem=ERRO | mao=OK
4258,DAMAS,damasSm_Prog001.mp4,damasSm_Prog001.jpg,cg63.jpg,OK,imagem=ERRO | mao=OK
2191,DANADO,danadoSm_Prog001.mp4,danadoSm_Prog001.jpg,cg63.jpg,OK,imagem=ERRO | mao=OK
2192,DANÇA,dancaSm_Prog001.mp4,dancaSm_Prog001.jpg,cg64.jpg,OK,imagem=ERRO | mao=OK
6818,DANÇAR1,dancar1Sm_Prog001.mp4,dancar1Sm_Prog001.jpg,cg32.jpg,OK,imagem=ERRO | mao=OK
2193,DANÇAR2,dancar2Sm_Prog001.mp4,dancar2Sm_Prog001.jpg,cg64.jpg,OK,imagem=ERRO | mao=OK
2194,DANÇARINA,dancarinaSm_Prog001.mp4,dancarinaSm_Prog001.jpg,cg07.jpg,OK,imagem=ERRO | mao=OK
2195,DANIFICAR,danificarSm_Prog001.mp4,danificarSm_Prog001.jpg,cg02.jpg,OK,imagem=ERRO | mao=OK
2197,DANO,danoSm_Prog001.mp4,danoSm_Prog001.jpg,cg05.jpg,OK,imagem=ERRO | mao=OK
2198,DAR,darSm_Prog001.mp4,darSm_Prog001.jpg,cg64.jpg,OK,imagem=ERRO | mao=OK
6651,DAR-NÃO,dar_naoSm_Prog001.mp4,dar_naoSm_Prog001.jpg,cg32.jpg,ERRO,video_download_falhou
7356,DAR2,dar2Sm_Prog001.mp4,dar2Sm_Prog001.jpg,cg05.jpg,OK,imagem=ERRO | mao=OK
2199,DARDO,dardoSm_Prog001.mp4,dardoSm_Prog001.jpg,cg18a.jpg,OK,imagem=ERRO | mao=OK
2201,DATA,dataSm_Prog001.mp4,dataSm_Prog001.jpg,cg12.jpg,OK,imagem=ERRO | mao=OK
2200,DATAR,datarSm_Prog001.mp4,datarSm_Prog001.jpg,cg44.jpg,OK,imagem=ERRO | mao=OK
2202,DATILOGRAFAR,datilografarSm_Prog001.mp4,datilografarSm_Prog001.jpg,cg47.jpg,OK,imagem=ERRO | mao=OK
2203,DATILOGRAFIA,datilografiaSm_Prog001.mp4,datilografiaSm_Prog001.jpg,cg47.jpg,OK,imagem=ERRO | mao=OK
2204,DATILOLOGIA,datilologiaSm_Prog001.mp4,datilologiaSm_Prog001.jpg,cg47.jpg,ERRO,video_download_falhou
6961,DE REPENTE,de-repenteSm_Prog001.mp4,de-repenteSm_Prog001.jpg,cg40.jpg,OK,imagem=ERRO | mao=OK
2205,DEBAIXO,debaixoSm_Prog001.mp4,debaixoSm_Prog001.jpg,cg63.jpg,OK,imagem=ERRO | mao=OK
2206,DEBATE,debateSm_Prog001.mp4,debateSm_Prog001.jpg,cg14.jpg,OK,imagem=ERRO | mao=OK
2207,DEBATER,debaterSm_Prog001.mp4,debaterSm_Prog001.jpg,cg14.jpg,ERRO,video_download_falhou
2210,DEBILITADA,debilitarSm_Prog001.mp4,debilitarSm_Prog001.jpg,cg44.jpg,ERRO,video_download_falhou
2211,DEBITAR,debitarSm_Prog001.mp4,debitarSm_Prog001.jpg,cg53a.jpg,OK,imagem=ERRO | mao=OK
2212,DÉBITO,debitoSm_Prog001.mp4,debitoSm_Prog001.jpg,cg53a.jpg,OK,imagem=ERRO | mao=OK
2213,DEBOCHAR,debocharSm_Prog001.mp4,debocharSm_Prog001.jpg,cg08a.jpg,OK,imagem=ERRO | mao=OK
4265,DEBRUÇAR,debrucarSm_Prog001.mp4,debrucarSm_Prog001.jpg,cg01.jpg,OK,imagem=ERRO | mao=OK
2218,DECAIR,decairSm_Prog001.mp4,decairSm_Prog001.jpg,cg64.jpg,OK,imagem=ERRO | mao=OK
2221,DECÁLOGO,decalogoSm_Prog001.mp4,decalogoSm_Prog001.jpg,cg07.jpg,OK,imagem=ERRO | mao=OK
2220,DECAPITAR,decapitarSm_Prog001.mp4,decapitarSm_Prog001.jpg,cg63.jpg,OK,imagem=ERRO | mao=OK
2222,DECENTE,decenteSm_Prog001.mp4,decenteSm_Prog001.jpg,cg49.jpg,OK,imagem=ERRO | mao=OK
2223,DECEPAR,deceparSm_Prog001.mp4,deceparSm_Prog001.jpg,cg62.jpg,OK,imagem=ERRO | mao=OK
2225,DECEPCIONADO1,decepcionadoSm_Prog001.mp4,decepcionadoSm_Prog001.jpg,cg02.jpg,OK,imagem=ERRO | mao=OK
7357,DECEPCIONADO2,decepcionado2Sm_Prog001.mp4,decepcionado2Sm_Prog001.jpg,cg33.jpg,OK,imagem=ERRO | mao=OK
2224,DECEPCIONAR,decepcionarSm_Prog001.mp4,decepcionarSm_Prog001.jpg,cg02.jpg,OK,imagem=ERRO | mao=OK
2230,DECIDIR,decidirSm_Prog001.mp4,decidirSm_Prog001.jpg,cg47.jpg,OK,imagem=ERRO | mao=OK
2232,DECIFRAR,decifrarSm_Prog001.mp4,decifrarSm_Prog001.jpg,cg32.jpg,OK,imagem=ERRO | mao=OK
2229,DECISÃO,decisaoSm_Prog001.mp4,decisaoSm_Prog001.jpg,cg47.jpg,OK,imagem=ERRO | mao=OK
2235,DECLARAÇÃO1,declaracao1Sm_Prog001.mp4,declaracao1Sm_Prog001.jpg,cg37a.jpg,OK,imagem=ERRO | mao=OK
4267,DECLARAÇAO2,declaracao2Sm_Prog001.mp4,declaracao2Sm_Prog001.jpg,cg12.jpg,OK,imagem=ERRO | mao=OK
2234,DECLARAR,declararSm_Prog001.mp4,declararSm_Prog001.jpg,cg40.jpg,OK,imagem=ERRO | mao=OK
2236,DECLINAÇÃO,declinacaoSm_Prog001.mp4,declinacaoSm_Prog001.jpg,cg62.jpg,OK,imagem=OK | mao=OK
2237,DECOLAR,decolarSm_Prog001.mp4,decolarSm_Prog001.jpg,cg40.jpg,OK,imagem=ERRO | mao=OK
2238,DECOMPOR,decomporSm_Prog001.mp4,decomporSm_Prog001.jpg,cg01.jpg,OK,imagem=ERRO | mao=OK
2227,DECORAR1,decorar1Sm_Prog001.mp4,decorar1Sm_Prog001.jpg,cg35a.jpg,OK,imagem=ERRO | mao=OK
2228,DECORAR2,decorar2Sm_Prog001.mp4,decorar2Sm_Prog001.jpg,cg47.jpg,OK,imagem=ERRO | mao=OK
2241,DECRETAR,decretarSm_Prog001.mp4,decretarSm_Prog001.jpg,cg63.jpg,OK,imagem=ERRO | mao=OK
2242,DECRETO,decretoSm_Prog001.mp4,decretoSm_Prog001.jpg,cg06.jpg,OK,imagem=ERRO | mao=OK
2243,DECURSO,decursoSm_Prog001.mp4,decursoSm_Prog001.jpg,cg14.jpg,OK,imagem=ERRO | mao=OK
2244,DEDAL,dedalSm_Prog001.mp4,dedalSm_Prog001.jpg,cg14.jpg,OK,imagem=ERRO | mao=OK
2245,DEDETIZAÇÃO,dedetizacaoSm_Prog001.mp4,dedetizacaoSm_Prog001.jpg,cg05.jpg,OK,imagem=OK | mao=OK
2246,DEDICAR,dedicarSm_Prog001.mp4,dedicarSm_Prog001.jpg,cg63.jpg,OK,imagem=ERRO | mao=OK
6691,DEDILHAR,dedilharSm_Prog001.mp4,dedilharSm_Prog001.jpg,cg47.jpg,OK,imagem=ERRO | mao=OK
2252,DEDO,dedoSm_Prog001.mp4,dedoSm_Prog001.jpg,cg14.jpg,OK,imagem=ERRO | mao=OK
2249,DEDURAR,dedurarSm_Prog001.mp4,dedurarSm_Prog001.jpg,cg40.jpg,OK,imagem=ERRO | mao=OK
2250,DEDUZIR,deduzirSm_Prog001.mp4,deduzirSm_Prog001.jpg,cg14.jpg,OK,imagem=ERRO | mao=OK
2253,DEFECAR,defecarSm_Prog001.mp4,defecarSm_Prog001.jpg,cg01.jpg,OK,imagem=ERRO | mao=OK
2254,DEFEITO,defeitoSm_Prog001.mp4,defeitoSm_Prog001.jpg,cg53a.jpg,OK,imagem=ERRO | mao=OK
2255,DEFENDER1,defender1Sm_Prog001.mp4,defender1Sm_Prog001.jpg,cg63.jpg,OK,imagem=ERRO | mao=OK
2256,DEFENDER2,defender2Sm_Prog001.mp4,defender2Sm_Prog001.jpg,cg02.jpg,OK,imagem=ERRO | mao=OK
2259,DEFESA,defesaSm_Prog001.mp4,defesaSm_Prog001.jpg,cg02.jpg,OK,imagem=ERRO | mao=OK
2261,DEFICIENTE AUDITIVO,deficiente-auditivoSm_Prog001.mp4,deficiente-auditivoSm_Prog001.jpg,cg12.jpg,OK,imagem=ERRO | mao=OK
6311,DEFICIENTE FISICO,deficiente_fisicoSm_Prog001.mp4,deficiente_fisicoSm_Prog001.jpg,cg01.jpg,ERRO,video_download_falhou
2262,DEFICIENTE MENTAL,deficiente-mentalSm_Prog001.mp4,deficiente-mentalSm_Prog001.jpg,cg60.jpg,OK,imagem=ERRO | mao=OK
2263,DEFICIENTE VISUAL,deficiente-visualSm_Prog001.mp4,deficiente-visualSm_Prog001.jpg,cg32.jpg,OK,imagem=ERRO | mao=OK
2260,DEFICIENTE1,direito1Sm_Prog001.mp4,direito1Sm_Prog001.jpg,cg12.jpg,OK,imagem=ERRO | mao=OK
7358,DEFICIENTE2,deficiente3Sm_Prog001.mp4,deficiente3Sm_Prog001.jpg,cg62.jpg,ERRO,video_download_falhou
6819,DEFINHAR,definharSm_Prog001.mp4,definharSm_Prog001.jpg,cg02.jpg,OK,imagem=ERRO | mao=OK
2264,DEFINIR,definirSm_Prog001.mp4,definirSm_Prog001.jpg,cg47.jpg,OK,imagem=ERRO | mao=OK
2267,DEFORMAR,deformarSm_Prog001.mp4,deformarSm_Prog001.jpg,cg47.jpg,OK,imagem=ERRO | mao=OK
6951,DEFRONTE,defronte-deSm_Prog001.mp4,defronte-deSm_Prog001.jpg,cg62.jpg,ERRO,video_download_falhou
2271,DEFUNTO,defuntoSm_Prog001.mp4,defuntoSm_Prog001.jpg,cg18a.jpg,OK,imagem=ERRO | mao=OK
6821,DEGLUTIR,deglutirSm_Prog001.mp4,deglutirSm_Prog001.jpg,cg14.jpg,OK,imagem=ERRO | mao=OK
2274,DEGOLAR,degolarSm_Prog001.mp4,degolarSm_Prog001.jpg,cg63.jpg,OK,imagem=ERRO | mao=OK
2275,DEGRAU,degrauSm_Prog001.mp4,degrauSm_Prog001.jpg,cg64.jpg,OK,imagem=ERRO | mao=OK
2276,DEGUSTAR,degustarSm_Prog001.mp4,degustarSm_Prog001.jpg,cg44.jpg,OK,imagem=ERRO | mao=OK
2277,DEITAR1,deitar1Sm_Prog001.mp4,deitar1Sm_Prog001.jpg,cg32.jpg,OK,imagem=ERRO | mao=OK
6822,DEITAR2,deitar2Sm_Prog001.mp4,deitar2Sm_Prog001.jpg,cg32.jpg,OK,imagem=ERRO | mao=OK
2281,DEIXAR1,deixar2Sm_Prog001.mp4,deixar2Sm_Prog001.jpg,cg44.jpg,OK,imagem=ERRO | mao=OK
2280,DEIXAR2,deixar3Sm_Prog001.mp4,deixar3Sm_Prog001.jpg,cg33.jpg,OK,imagem=ERRO | mao=OK
2278,DEIXAR3,deixar4Sm_Prog001.mp4,deixar4Sm_Prog001.jpg,cg33.jpg,OK,imagem=ERRO | mao=OK
6823,DELATAR,delatarSm_Prog001.mp4,delatarSm_Prog001.jpg,cg40.jpg,OK,imagem=ERRO | mao=OK
2282,DELE,deleSm_Prog001.mp4,deleSm_Prog001.jpg,cg11.jpg,OK,imagem=ERRO | mao=OK
2284,DELEGACIA DE POLÍCIA,delegacia-de-policiaSm_Prog001.mp4,delegacia-de-policiaSm_Prog001.jpg,cg49.jpg,OK,imagem=ERRO | mao=OK
2283,DELEGADO,delegadoSm_Prog001.mp4,delegadoSm_Prog001.jpg,cg49.jpg,OK,imagem=ERRO | mao=OK
4270,DELETAR,deletarSm_Prog001.mp4,deletarSm_Prog001.jpg,cg01.jpg,OK,imagem=ERRO | mao=OK
2286,DELICADO,delicado1Sm_Prog001.mp4,delicado1Sm_Prog001.jpg,cg54.jpg,ERRO,video_download_falhou
2287,DELÍCIA,deliciaSm_Prog001.mp4,deliciaSm_Prog001.jpg,cg35a.jpg,OK,imagem=ERRO | mao=OK
2289,DELINEADOR,delineadorSm_Prog001.mp4,delineadorSm_Prog001.jpg,cg20.jpg,OK,imagem=ERRO | mao=OK
2291,DELÍRIO,delirioSm_Prog001.mp4,delirioSm_Prog001.jpg,cg64.jpg,OK,imagem=ERRO | mao=OK
2296,DEMITIR,demitirSm_Prog001.mp4,demitirSm_Prog001.jpg,cg52.jpg,OK,imagem=ERRO | mao=OK
2297,DEMOCRACIA,democraciaSm_Prog001.mp4,democraciaSm_Prog001.jpg,cg33.jpg,OK,imagem=ERRO | mao=OK
2299,DEMOLIR,demolirSm_Prog001.mp4,demolirSm_Prog001.jpg,cg15.jpg,OK,imagem=ERRO | mao=OK
2301,DEMÔNIO,demonioSm_Prog001.mp4,demonioSm_Prog001.jpg,cg18a.jpg,OK,imagem=ERRO | mao=OK
2300,DEMONSTRAR,demonstrarSm_Prog001.mp4,demonstrarSm_Prog001.jpg,cg14.jpg,OK,imagem=ERRO | mao=OK
2302,DEMORAR,demorarSm_Prog001.mp4,demorarSm_Prog001.jpg,cg07.jpg,OK,imagem=ERRO | mao=OK
2305,DENGOSO,dengosoSm_Prog001.mp4,dengosoSm_Prog001.jpg,cg07.jpg,OK,imagem=ERRO | mao=OK
6313,DENGUE,dengueSm_Prog001.mp4,dengueSm_Prog001.jpg,cg49.jpg,OK,imagem=OK | mao=OK
2306,DENODAR,denodarSm_Prog001.mp4,denodarSm_Prog001.jpg,cg05.jpg,OK,imagem=ERRO | mao=OK
2309,DENOMINAR,denominarSm_Prog001.mp4,denominarSm_Prog001.jpg,cg05.jpg,OK,imagem=ERRO | mao=OK
6314,DENTADA,dentadaSm_Prog001.mp4,dentadaSm_Prog001.jpg,cg47.jpg,OK,imagem=ERRO | mao=OK
2310,DENTADURA,dentaduraSm_Prog001.mp4,dentaduraSm_Prog001.jpg,cg18a.jpg,OK,imagem=ERRO | mao=OK
2311,DENTE,denteSm_Prog001.mp4,denteSm_Prog001.jpg,cg15.jpg,OK,imagem=ERRO | mao=OK
4271,DENTIÇAO,denticaoSm_Prog001.mp4,denticaoSm_Prog001.jpg,cg61.jpg,OK,imagem=ERRO | mao=OK
2319,DENTISTA,dentistaSm_Prog001.mp4,dentistaSm_Prog001.jpg,cg40.jpg,OK,imagem=ERRO | mao=OK
4272,DENTRO1,dentroSm_Prog001.mp4,dentroSm_Prog001.jpg,cg44.jpg,OK,imagem=ERRO | mao=OK
7008,DENTRO2,dentro2Sm_Prog001.mp4,dentro2Sm_Prog001.jpg,cg53a.jpg,OK,imagem=ERRO | mao=OK
7018,DENTRO3,dentro3Sm_Prog001.mp4,dentro3Sm_Prog001.jpg,cg64.jpg,OK,imagem=ERRO | mao=OK
2313,DENTUÇO,dentucoSm_Prog001.mp4,dentucoSm_Prog001.jpg,cg31.jpg,OK,imagem=ERRO | mao=OK
2314,DENUNCIAR,denunciarSm_Prog001.mp4,denunciarSm_Prog001.jpg,cg40.jpg,OK,imagem=ERRO | mao=OK
2316,DEPENAR,depenarSm_Prog001.mp4,depenarSm_Prog001.jpg,cg01.jpg,OK,imagem=ERRO | mao=OK
2318,DEPENDENTE,dependenteSm_Prog001.mp4,dependenteSm_Prog001.jpg,cg34.jpg,OK,imagem=ERRO | mao=OK
2320,DEPENDER,dependerSm_Prog001.mp4,dependerSm_Prog001.jpg,cg63.jpg,OK,imagem=ERRO | mao=OK
4274,DEPILAÇAO,depilacaoSm_Prog001.mp4,depilacaoSm_Prog001.jpg,cg63.jpg,OK,imagem=OK | mao=OK
2321,DEPILAR,depilarSm_Prog001.mp4,depilarSm_Prog001.jpg,cg63.jpg,OK,imagem=ERRO | mao=OK
2324,DEPOIMENTO,depoimentoSm_Prog001.mp4,depoimentoSm_Prog001.jpg,cg40.jpg,OK,imagem=ERRO | mao=OK
2326,DEPOIS,depoisSm_Prog001.mp4,depoisSm_Prog001.jpg,cg14.jpg,OK,imagem=ERRO | mao=OK
2327,DEPOSITAR,depositarSm_Prog001.mp4,depositarSm_Prog001.jpg,cg02.jpg,OK,imagem=ERRO | mao=OK
2328,DEPRESSA,depressaSm_Prog001.mp4,depressaSm_Prog001.jpg,cg51a.jpg,OK,imagem=ERRO | mao=OK
2331,DEPRIMIDO,deprimidoSm_Prog001.mp4,deprimidoSm_Prog001.jpg,cg02.jpg,OK,imagem=ERRO | mao=OK
2332,DEPUTADO,deputadoSm_Prog001.mp4,deputadoSm_Prog001.jpg,cg12.jpg,OK,imagem=ERRO | mao=OK
2338,DERRAMAR,derramarSm_Prog001.mp4,derramarSm_Prog001.jpg,cg01.jpg,OK,imagem=ERRO | mao=OK
2339,DERRAME,derrameSm_Prog001.mp4,derrameSm_Prog001.jpg,cg53a.jpg,OK,imagem=OK | mao=OK
2337,DERRAPAR,derraparSm_Prog001.mp4,derraparSm_Prog001.jpg,cg31.jpg,OK,imagem=ERRO | mao=OK
4275,DERRETER,derreterSm_Prog001.mp4,derreterSm_Prog001.jpg,cg07.jpg,OK,imagem=ERRO | mao=OK
6825,DERROTAR1,derrotar1Sm_Prog001.mp4,derrotar1Sm_Prog001.jpg,cg23.jpg,OK,imagem=ERRO | mao=OK
2344,DERROTAR2,derrotar2Sm_Prog001.mp4,derrotar2Sm_Prog001.jpg,cg62.jpg,OK,imagem=ERRO | mao=OK
2345,DERRUBAR,derrubarSm_Prog001.mp4,derrubarSm_Prog001.jpg,cg64.jpg,OK,imagem=ERRO | mao=OK
2340,DESABAFAR,desabafarSm_Prog001.mp4,desabafarSm_Prog001.jpg,cg42.jpg,OK,imagem=ERRO | mao=OK
2346,DESABAR,desabarSm_Prog001.mp4,desabarSm_Prog001.jpg,cg64.jpg,OK,imagem=ERRO | mao=OK
2347,DESABOTOAR,desabotoarSm_Prog001.mp4,desabotoarSm_Prog001.jpg,cg05.jpg,OK,imagem=ERRO | mao=OK
2342,DESABROCHAR,desabrocharSm_Prog001.mp4,desabrocharSm_Prog001.jpg,cg42.jpg,OK,imagem=ERRO | mao=OK
2343,DESAFIAR,desafiarSm_Prog001.mp4,desafiarSm_Prog001.jpg,cg14.jpg,OK,imagem=ERRO | mao=OK
4276,DESAFIO,desafioSm_Prog001.mp4,desafioSm_Prog001.jpg,cg14.jpg,OK,imagem=ERRO | mao=OK
2348,DESANIMADO,desanimadoSm_Prog001.mp4,desanimadoSm_Prog001.jpg,cg64.jpg,OK,imagem=ERRO | mao=OK
2349,DESAPARECER,desaparecerSm_Prog001.mp4,desaparecerSm_Prog001.jpg,cg47.jpg,OK,imagem=ERRO | mao=OK
2351,DESCALÇO,descalcoSm_Prog001.mp4,descalcoSm_Prog001.jpg,cg35a.jpg,OK,imagem=ERRO | mao=OK
6826,DESCAMAR,descamarSm_Prog001.mp4,descamarSm_Prog001.jpg,cg55.jpg,OK,imagem=ERRO | mao=OK
2352,DESCANSAR,descansarSm_Prog001.mp4,descansarSm_Prog001.jpg,cg63.jpg,OK,imagem=ERRO | mao=OK
2353,DESCARGA,descargaSm_Prog001.mp4,descargaSm_Prog001.jpg,cg47.jpg,OK,imagem=OK | mao=OK
4278,DESCASCAR,descascarSm_Prog001.mp4,descascarSm_Prog001.jpg,cg52.jpg,OK,imagem=ERRO | mao=OK
2354,DESCENDENTE,descendenteSm_Prog001.mp4,descendenteSm_Prog001.jpg,cg14.jpg,OK,imagem=ERRO | mao=OK
2355,DESCER,descerSm_Prog001.mp4,descerSm_Prog001.jpg,cg32.jpg,OK,imagem=ERRO | mao=OK
2356,DESCOBRIR,descobrirSm_Prog001.mp4,descobrirSm_Prog001.jpg,cg14.jpg,OK,imagem=ERRO | mao=OK
2357,DESCONFIAR,desconfiarSm_Prog001.mp4,desconfiarSm_Prog001.jpg,cg53a.jpg,OK,imagem=ERRO | mao=OK
6317,DESCONGELAR,descongelarSm_Prog001.mp4,descongelarSm_Prog001.jpg,cg01.jpg,OK,imagem=ERRO | mao=OK
2359,DESCONHECIDO,desconhecidoSm_Prog001.mp4,desconhecidoSm_Prog001.jpg,cg07.jpg,OK,imagem=ERRO | mao=OK
2360,DESCONTAR,descontarSm_Prog001.mp4,descontarSm_Prog001.jpg,cg53a.jpg,OK,imagem=ERRO | mao=OK
2362,DESCULPAR,desculparSm_Prog001.mp4,desculparSm_Prog001.jpg,cg40.jpg,OK,imagem=ERRO | mao=OK
6827,DESDENHAR,desdenharSm_Prog001.mp4,desdenharSm_Prog001.jpg,cg44.jpg,OK,imagem=ERRO | mao=OK
2364,DESEJAR1,desejar1Sm_Prog001.mp4,desejar1Sm_Prog001.jpg,cg47.jpg,OK,imagem=ERRO | mao=OK
2365,DESEJAR2,desejar2Sm_Prog001.mp4,desejar2Sm_Prog001.jpg,cg14.jpg,OK,imagem=ERRO | mao=OK
2366,DESEMPENHO,desempenhoSm_Prog001.mp4,desempenhoSm_Prog001.jpg,cg63.jpg,OK,imagem=ERRO | mao=OK
2367,DESEMPREGADO,desempregadoSm_Prog001.mp4,desempregadoSm_Prog001.jpg,cg08a.jpg,OK,imagem=ERRO | mao=OK
4279,DESEMPREGO,desempregoSm_Prog001.mp4,desempregoSm_Prog001.jpg,cg08a.jpg,OK,imagem=ERRO | mao=OK
2368,DESENCAMINHAR,desencaminharSm_Prog001.mp4,desencaminharSm_Prog001.jpg,cg61.jpg,ERRO,video_download_falhou
2369,DESENCONTRAR,desencontrarSm_Prog001.mp4,desencontrarSm_Prog001.jpg,cg14.jpg,OK,imagem=ERRO | mao=OK
2370,DESENHAR,desenharSm_Prog001.mp4,desenharSm_Prog001.jpg,cg27.jpg,OK,imagem=ERRO | mao=OK
2372,DESENHISTA,desenhistaSm_Prog001.mp4,desenhistaSm_Prog001.jpg,cg27.jpg,OK,imagem=ERRO | mao=OK
2371,DESENHO,desenhoSm_Prog001.mp4,desenhoSm_Prog001.jpg,cg27.jpg,OK,imagem=ERRO | mao=OK
2375,DESENTUPIDOR,desentupidorSm_Prog001.mp4,desentupidorSm_Prog001.jpg,cg02.jpg,OK,imagem=ERRO | mao=OK
2374,DESENTUPIR,desentupirSm_Prog001.mp4,desentupirSm_Prog001.jpg,cg02.jpg,OK,imagem=ERRO | mao=OK
2373,DESENVOLVER,desenvolverSm_Prog001.mp4,desenvolverSm_Prog001.jpg,cg53a.jpg,OK,imagem=ERRO | mao=OK
2377,DESERTO,desertoSm_Prog001.mp4,desertoSm_Prog001.jpg,cg08a.jpg,OK,imagem=OK | mao=OK
6906,DESESPERADO,desesperadoSm_Prog001.mp4,desesperadoSm_Prog001.jpg,cg64.jpg,OK,imagem=ERRO | mao=OK
2378,DESESPERAR,desesperarSm_Prog001.mp4,desesperarSm_Prog001.jpg,cg64.jpg,OK,imagem=ERRO | mao=OK
2379,DESFALECER,desfalecerSm_Prog001.mp4,desfalecerSm_Prog001.jpg,cg61.jpg,OK,imagem=ERRO | mao=OK
2380,DESFIAR,desfiarSm_Prog001.mp4,desfiarSm_Prog001.jpg,cg42.jpg,OK,imagem=ERRO | mao=OK
2381,DESFILAR,desfilarSm_Prog001.mp4,desfilarSm_Prog001.jpg,cg27.jpg,OK,imagem=ERRO | mao=OK
2382,DESFILE,desfileSm_Prog001.mp4,desfileSm_Prog001.jpg,cg27.jpg,ERRO,video_download_falhou
2383,DESGASTAR,desgastarSm_Prog001.mp4,desgastarSm_Prog001.jpg,cg35a.jpg,OK,imagem=ERRO | mao=OK
2385,DESIGNAR,designarSm_Prog001.mp4,designarSm_Prog001.jpg,cg20.jpg,OK,imagem=ERRO | mao=OK
6627,DESINIBIDO,desinibidoSm_Prog001.mp4,desinibidoSm_Prog001.jpg,cg27.jpg,OK,imagem=ERRO | mao=OK
2386,DESISTIR,desistirSm_Prog001.mp4,desistirSm_Prog001.jpg,cg44.jpg,OK,imagem=ERRO | mao=OK
2387,DESLIGAR,desligarSm_Prog001.mp4,desligarSm_Prog001.jpg,cg05.jpg,OK,imagem=ERRO | mao=OK
2388,DESLIZAR,deslizarSm_Prog001.mp4,deslizarSm_Prog001.jpg,cg11.jpg,OK,imagem=ERRO | mao=OK
2389,DESMAIAR,desmaiarSm_Prog001.mp4,desmaiarSm_Prog001.jpg,cg61.jpg,OK,imagem=ERRO | mao=OK
2390,DESMONTAR,desmontarSm_Prog001.mp4,desmontarSm_Prog001.jpg,cg52.jpg,OK,imagem=ERRO | mao=OK
2391,DESOBEDECER,desobedecerSm_Prog001.mp4,desobedecerSm_Prog001.jpg,cg07.jpg,OK,imagem=ERRO | mao=OK
2392,DESODORANTE,desodoranteSm_Prog001.mp4,desodoranteSm_Prog001.jpg,cg02.jpg,OK,imagem=OK | mao=OK
6829,DESORDEM,desordemSm_Prog001.mp4,desordemSm_Prog001.jpg,cg64.jpg,OK,imagem=ERRO | mao=OK
2393,DESPEDIR1,despedirSm_Prog001.mp4,despedirSm_Prog001.jpg,cg64.jpg,OK,imagem=ERRO | mao=OK
6323,DESPEDIR2,despedir2Sm_Prog001.mp4,despedir2Sm_Prog001.jpg,cg53a.jpg,OK,imagem=ERRO | mao=OK
6319,DESPEJO,despejoSm_Prog001.mp4,despejoSm_Prog001.jpg,cg53a.jpg,OK,imagem=ERRO | mao=OK
6322,DESPERTADOR,despertadorSm_Prog001.mp4,despertadorSm_Prog001.jpg,cg47.jpg,OK,imagem=ERRO | mao=OK
6953,DESPERTAR,despertarSm_Prog001.mp4,despertarSm_Prog001.jpg,cg02.jpg,OK,imagem=ERRO | mao=OK
2394,DESPIDO,despidoSm_Prog001.mp4,despidoSm_Prog001.jpg,cg14.jpg,OK,imagem=ERRO | mao=OK
6956,DESPORTO,desportoSm_Prog001.mp4,desportoSm_Prog001.jpg,cg07.jpg,OK,imagem=ERRO | mao=OK
6320,DESPREOCUPADO,despreocupadoSm_Prog001.mp4,despreocupadoSm_Prog001.jpg,cg27.jpg,OK,imagem=ERRO | mao=OK
2395,DESPREZAR,desprezarSm_Prog001.mp4,desprezarSm_Prog001.jpg,cg44.jpg,OK,imagem=ERRO | mao=OK
2396,DESQUITAR,desquitarSm_Prog001.mp4,desquitarSm_Prog001.jpg,cg53a.jpg,OK,imagem=ERRO | mao=OK
2397,DESTINO,destinoSm_Prog001.mp4,destinoSm_Prog001.jpg,cg63.jpg,OK,imagem=ERRO | mao=OK
6321,DESTRO,destroSm_Prog001.mp4,destroSm_Prog001.jpg,cg63.jpg,OK,imagem=ERRO | mao=OK
2398,DESTRUIR1,destruir1Sm_Prog001.mp4,destruir1Sm_Prog001.jpg,cg02.jpg,OK,imagem=ERRO | mao=OK
4282,DESTRUIR2,destruir2Sm_Prog001.mp4,destruir2Sm_Prog001.jpg,cg63.jpg,OK,imagem=ERRO | mao=OK
2399,DESVALORIZAR,desvalorizarSm_Prog001.mp4,desvalorizarSm_Prog001.jpg,cg64.jpg,OK,imagem=ERRO | mao=OK
2400,DESVIAR,desviarSm_Prog001.mp4,desviarSm_Prog001.jpg,cg61.jpg,OK,imagem=ERRO | mao=OK
2401,DETALHE,detalheSm_Prog001.mp4,detalheSm_Prog001.jpg,cg14.jpg,OK,imagem=ERRO | mao=OK
2402,DETER,deterSm_Prog001.mp4,deterSm_Prog001.jpg,cg64.jpg,OK,imagem=ERRO | mao=OK
2403,DETERGENTE,detergenteSm_Prog001.mp4,detergenteSm_Prog001.jpg,cg02.jpg,OK,imagem=OK | mao=OK
2406,DETESTAR1,detestar2Sm_Prog001.mp4,detestar2Sm_Prog001.jpg,cg34.jpg,OK,imagem=ERRO | mao=OK
6831,DETESTAR2,detestar1Sm_Prog001.mp4,detestar1Sm_Prog001.jpg,cg63.jpg,OK,imagem=ERRO | mao=OK
2407,DETETIVE,detetiveSm_Prog001.mp4,detetiveSm_Prog001.jpg,cg49.jpg,OK,imagem=ERRO | mao=OK
6832,DETONAR,detonarSm_Prog001.mp4,detonarSm_Prog001.jpg,cg02.jpg,OK,imagem=ERRO | mao=OK
6833,DETRÁS,detrasSm_Prog001.mp4,detrasSm_Prog001.jpg,cg07.jpg,OK,imagem=ERRO | mao=OK
2408,DEUS,deusSm_Prog001.mp4,deusSm_Prog001.jpg,cg12.jpg,OK,imagem=ERRO | mao=OK
2410,DEVAGAR,devagarSm_Prog001.mp4,devagarSm_Prog001.jpg,cg64.jpg,OK,imagem=ERRO | mao=OK
2412,DEVER1,dever1Sm_Prog001.mp4,dever1Sm_Prog001.jpg,cg05.jpg,OK,imagem=ERRO | mao=OK
2411,DEVER2,dever2Sm_Prog001.mp4,dever2Sm_Prog001.jpg,cg05.jpg,OK,imagem=ERRO | mao=OK
4283,DEVER3,dever3Sm_Prog001.mp4,dever3Sm_Prog001.jpg,cg15.jpg,OK,imagem=ERRO | mao=OK
6834,DEVIDO A,devido aSm_Prog001.mp4,devido aSm_Prog001.jpg,cg24.jpg,ERRO,video_download_falhou
6835,DEVOLVER1,devolver1Sm_Prog001.mp4,devolver1Sm_Prog001.jpg,cg57.jpg,OK,imagem=ERRO | mao=OK
2413,DEVOLVER2,devolver2Sm_Prog001.mp4,devolver2Sm_Prog001.jpg,cg15.jpg,OK,imagem=ERRO | mao=OK
6836,DEVORAR,devorarSm_Prog001.mp4,devorarSm_Prog001.jpg,cg53a.jpg,OK,imagem=ERRO | mao=OK
2414,DEZ,dezSm_Prog001.mp4,dezSm_Prog001.jpg,cg07.jpg,OK,imagem=ERRO | mao=OK
2416,DEZEMBRO,dezembroSm_Prog001.mp4,dezembroSm_Prog001.jpg,cg47.jpg,OK,imagem=ERRO | mao=OK
2415,DEZESSEIS,dezesseisSm_Prog001.mp4,dezesseisSm_Prog001.jpg,cg07.jpg,OK,imagem=ERRO | mao=OK
6628,DEZESSETE,dezesseteSm_Prog001.mp4,dezesseteSm_Prog001.jpg,cg07.jpg,OK,imagem=ERRO | mao=OK
6954,DIA 1,dia1Sm_Prog001.mp4,dia1Sm_Prog001.jpg,cg34.jpg,OK,imagem=ERRO | mao=OK
2417,DIA 2,dia2Sm_Prog001.mp4,dia2Sm_Prog001.jpg,cg02.jpg,OK,imagem=ERRO | mao=OK
2418,DIA 3,dia3Sm_Prog001.mp4,dia3Sm_Prog001.jpg,cg12.jpg,OK,imagem=ERRO | mao=OK
6955,DIA 4,dia4Sm_Prog001.mp4,dia4Sm_Prog001.jpg,cg62.jpg,OK,imagem=ERRO | mao=OK
4284,DIA DA SEMANA,dia-da-semanaSm_Prog001.mp4,dia-da-semanaSm_Prog001.jpg,cg32.jpg,OK,imagem=ERRO | mao=OK
4295,DIA-1,dois3Sm_Prog001.mp4,dois3Sm_Prog001.jpg,cg32.jpg,ERRO,video_download_falhou
2419,DIABETE,diabeteSm_Prog001.mp4,diabeteSm_Prog001.jpg,cg14.jpg,OK,imagem=OK | mao=OK
2420,DIABO,diaboSm_Prog001.mp4,diaboSm_Prog001.jpg,cg18a.jpg,OK,imagem=ERRO | mao=OK
2421,DIAGNOSTICAR,diagnosticarSm_Prog001.mp4,diagnosticarSm_Prog001.jpg,cg14.jpg,OK,imagem=ERRO | mao=OK
2423,DIALOGAR,dialogarSm_Prog001.mp4,dialogarSm_Prog001.jpg,cg14.jpg,OK,imagem=ERRO | mao=OK
2422,DIÁLOGO,dialogoSm_Prog001.mp4,dialogoSm_Prog001.jpg,cg14.jpg,OK,imagem=ERRO | mao=OK
6839,DIAMANTE,diamanteSm_Prog001.mp4,diamanteSm_Prog001.jpg,cg64.jpg,OK,imagem=OK | mao=OK
4285,DIANTE,diante deSm_Prog001.mp4,diante deSm_Prog001.jpg,cg62.jpg,ERRO,video_download_falhou
6326,DIÁRIA,diariaSm_Prog001.mp4,diariaSm_Prog001.jpg,cg20.jpg,OK,imagem=ERRO | mao=OK
2424,DIARIAMENTE1,diariamente1Sm_Prog001.mp4,diariamente1Sm_Prog001.jpg,cg14.jpg,OK,imagem=ERRO | mao=OK
4286,DIARIAMENTE2,diariamente2Sm_Prog001.mp4,diariamente2Sm_Prog001.jpg,cg35a.jpg,OK,imagem=ERRO | mao=OK
2425,DIARRÉIA,diarreiaSm_Prog001.mp4,diarreiaSm_Prog001.jpg,cg07.jpg,OK,imagem=OK | mao=OK
2431,DICIONÁRIO,dicionarioSm_Prog001.mp4,dicionarioSm_Prog001.jpg,cg12.jpg,OK,imagem=ERRO | mao=OK
2426,DIDÁTICA,didaticaSm_Prog001.mp4,didaticaSm_Prog001.jpg,cg12.jpg,OK,imagem=ERRO | mao=OK
2427,DIETA,dietaSm_Prog001.mp4,dietaSm_Prog001.jpg,cg40.jpg,OK,imagem=OK | mao=OK
2428,DIFAMAR,difamarSm_Prog001.mp4,difamarSm_Prog001.jpg,cg05.jpg,OK,imagem=ERRO | mao=OK
6327,DIFERENÇA,diferencaSm_Prog001.mp4,diferencaSm_Prog001.jpg,cg14.jpg,OK,imagem=ERRO | mao=OK
2429,DIFERENTE1,diferenteSm_Prog001.mp4,diferenteSm_Prog001.jpg,cg08a.jpg,ERRO,video_download_falhou
2430,DIFÍCIL,dificilSm_Prog001.mp4,dificilSm_Prog001.jpg,cg15.jpg,OK,imagem=ERRO | mao=OK
4287,DIFICULDADE,dificuldadeSm_Prog001.mp4,dificuldadeSm_Prog001.jpg,cg15.jpg,OK,imagem=ERRO | mao=OK
2432,DIGITADOR,digitadorSm_Prog001.mp4,digitadorSm_Prog001.jpg,cg47.jpg,OK,imagem=ERRO | mao=OK
6840,DIGITAR,digitarSm_Prog001.mp4,digitarSm_Prog001.jpg,cg47.jpg,OK,imagem=ERRO | mao=OK
2433,DILÚVIO,dilivioSm_Prog001.mp4,dilivioSm_Prog001.jpg,cg64.jpg,ERRO,video_download_falhou
2434,DIMINUIR1,diminuir1Sm_Prog001.mp4,diminuir1Sm_Prog001.jpg,cg18a.jpg,OK,imagem=ERRO | mao=OK
6841,DIMINUIR2,diminuir2Sm_Prog001.mp4,diminuir2Sm_Prog001.jpg,cg18a.jpg,OK,imagem=ERRO | mao=OK
6842,DIMINUIR3,diminuir3Sm_Prog001.mp4,diminuir3Sm_Prog001.jpg,cg52.jpg,OK,imagem=ERRO | mao=OK
2435,DINAMARCA,dinamarcaSm_Prog001.mp4,dinamarcaSm_Prog001.jpg,cg28.jpg,OK,imagem=ERRO | mao=OK
7359,DINAMARQUÊS,dinamarquesSm_Prog001.mp4,dinamarquesSm_Prog001.jpg,cg28.jpg,OK,imagem=ERRO | mao=OK
2436,DINHEIRO,dinheiroSm_Prog001.mp4,dinheiroSm_Prog001.jpg,cg20.jpg,OK,imagem=ERRO | mao=OK
2437,DINOSSAURO,dinossauroSm_Prog001.mp4,dinossauroSm_Prog001.jpg,cg42.jpg,OK,imagem=OK | mao=OK
2438,DIPLOMA,diplomaSm_Prog001.mp4,diplomaSm_Prog001.jpg,cg02.jpg,OK,imagem=ERRO | mao=OK
6709,DIREITO1,direito1Sm_Prog001.mp4,direito1Sm_Prog001.jpg,cg12.jpg,OK,imagem=ERRO | mao=OK
2439,DIREITO2,direito2Sm_Prog001.mp4,direito2Sm_Prog001.jpg,cg63.jpg,OK,imagem=ERRO | mao=OK
6844,DIREITO3,direito3Sm_Prog001.mp4,direito3Sm_Prog001.jpg,cg12.jpg,OK,imagem=ERRO | mao=OK
6913,DIREITO4,direitoSm_Prog001.mp4,direitoSm_Prog001.jpg,cg49.jpg,ERRO,video_download_falhou
6328,DIRETO,diretoSm_Prog001.mp4,diretoSm_Prog001.jpg,cg61.jpg,OK,imagem=ERRO | mao=OK
2440,DIRETOR,diretorSm_Prog001.mp4,diretorSm_Prog001.jpg,cg12.jpg,OK,imagem=ERRO | mao=OK
2441,DIRETORIA1,diretoria1Sm_Prog001.mp4,diretoria1Sm_Prog001.jpg,cg12.jpg,ERRO,video_download_falhou
6864,DIRETORIA2,diretoria2Sm_Prog001.mp4,diretoria2Sm_Prog001.jpg,cg07.jpg,ERRO,video_download_falhou
2442,DIRIGIR,dirigirSm_Prog001.mp4,dirigirSm_Prog001.jpg,cg02.jpg,OK,imagem=ERRO | mao=OK
2444,DISCIPLINA1,disciplina1Sm_Prog001.mp4,disciplina1Sm_Prog001.jpg,cg47.jpg,OK,imagem=ERRO | mao=OK
4290,DISCIPLINA2,disciplina2Sm_Prog001.mp4,disciplina2Sm_Prog001.jpg,cg08a.jpg,OK,imagem=ERRO | mao=OK
2445,DISCO,discoSm_Prog001.mp4,discoSm_Prog001.jpg,cg15.jpg,OK,imagem=ERRO | mao=OK
2446,DISCORDAR,discordarSm_Prog001.mp4,discordarSm_Prog001.jpg,cg14.jpg,OK,imagem=ERRO | mao=OK
2447,DISCOTECA,discotecaSm_Prog001.mp4,discotecaSm_Prog001.jpg,cg05.jpg,OK,imagem=ERRO | mao=OK
6330,DISCRETO,discretoSm_Prog001.mp4,discretoSm_Prog001.jpg,cg49.jpg,OK,imagem=ERRO | mao=OK
2448,DISCRIMINAÇÃO,discriminacaoSm_Prog001.mp4,discriminacaoSm_Prog001.jpg,cg64.jpg,OK,imagem=ERRO | mao=OK
2449,DISCURSO,discursoSm_Prog001.mp4,discursoSm_Prog001.jpg,cg64.jpg,OK,imagem=ERRO | mao=OK
2450,DISCUTIR,discutirSm_Prog001.mp4,discutirSm_Prog001.jpg,cg14.jpg,OK,imagem=ERRO | mao=OK
2451,DISFARÇAR,disfarcarSm_Prog001.mp4,disfarcarSm_Prog001.jpg,cg27.jpg,OK,imagem=ERRO | mao=OK
6845,DISPARAR,dispararSm_Prog001.mp4,dispararSm_Prog001.jpg,cg15.jpg,OK,imagem=ERRO | mao=OK
6331,DISPENSAR,dispensarSm_Prog001.mp4,dispensarSm_Prog001.jpg,cg33.jpg,OK,imagem=ERRO | mao=OK
6846,DISPERSAR,dispersarSm_Prog001.mp4,dispersarSm_Prog001.jpg,cg02.jpg,OK,imagem=ERRO | mao=OK
2452,DISPONÍVEL,disponivelSm_Prog001.mp4,disponivelSm_Prog001.jpg,cg33.jpg,OK,imagem=ERRO | mao=OK
6865,DISPOSITIVO INTRA-UTERINO DIU,disp-ultraSm_Prog001.mp4,disp-ultraSm_Prog001.jpg,cg20.jpg,ERRO,video_download_falhou
6847,DISPUTAR,disputarSm_Prog001.mp4,disputarSm_Prog001.jpg,cg14.jpg,OK,imagem=ERRO | mao=OK
2453,DISQUETE,disqueteSm_Prog001.mp4,disqueteSm_Prog001.jpg,cg18a.jpg,OK,imagem=ERRO | mao=OK
6332,DISSOLVER,dissolverSm_Prog001.mp4,dissolverSm_Prog001.jpg,cg07.jpg,OK,imagem=ERRO | mao=OK
2454,DISTÂNCIA,distanciaSm_Prog001.mp4,distanciaSm_Prog001.jpg,cg49.jpg,OK,imagem=ERRO | mao=OK
4291,DISTENDER,distenderSm_Prog001.mp4,distenderSm_Prog001.jpg,cg02.jpg,OK,imagem=ERRO | mao=OK
2455,DISTENSÃO,distensaoSm_Prog001.mp4,distensaoSm_Prog001.jpg,cg02.jpg,OK,imagem=ERRO | mao=OK
2457,DISTRAIR,distrairSm_Prog001.mp4,distrairSm_Prog001.jpg,cg58.jpg,OK,imagem=ERRO | mao=OK
2458,DISTRIBUIR,distribuirSm_Prog001.mp4,distribuirSm_Prog001.jpg,cg42.jpg,OK,imagem=ERRO | mao=OK
2459,DISTRITO FEDERAL,distrito-federalSm_Prog001.mp4,distrito-federalSm_Prog001.jpg,cg12.jpg,ERRO,video_download_falhou
6848,DITADURA,ditaduraSm_Prog001.mp4,ditaduraSm_Prog001.jpg,cg01.jpg,OK,imagem=ERRO | mao=OK
2461,DIVERSO,diversoSm_Prog001.mp4,diversoSm_Prog001.jpg,cg27.jpg,OK,imagem=ERRO | mao=OK
2462,DIVERTIDO,divertidoSm_Prog001.mp4,divertidoSm_Prog001.jpg,cg28.jpg,OK,imagem=ERRO | mao=OK
2464,DÍVIDA,dividaSm_Prog001.mp4,dividaSm_Prog001.jpg,cg15.jpg,OK,imagem=ERRO | mao=OK
2466,DIVIDIR1,dividir1Sm_Prog001.mp4,dividir1Sm_Prog001.jpg,cg63.jpg,OK,imagem=ERRO | mao=OK
2465,DIVIDIR2,dividir2Sm_Prog001.mp4,dividir2Sm_Prog001.jpg,cg14.jpg,OK,imagem=ERRO | mao=OK
7360,DIVIDIR3,dividir3Sm_Prog001.mp4,dividir3Sm_Prog001.jpg,cg63.jpg,OK,imagem=ERRO | mao=OK
6849,DIVISÃO,dividir3Sm_Prog001.mp4,dividir3Sm_Prog001.jpg,cg14.jpg,OK,imagem=ERRO | mao=OK
2467,DIVÓRCIO,divorcioSm_Prog001.mp4,divorcioSm_Prog001.jpg,cg20.jpg,OK,imagem=ERRO | mao=OK
2469,DIVULGAR,divulgarSm_Prog001.mp4,divulgarSm_Prog001.jpg,cg40.jpg,OK,imagem=ERRO | mao=OK
2470,DIZER1,dizer1Sm_Prog001.mp4,dizer1Sm_Prog001.jpg,cg11.jpg,OK,imagem=ERRO | mao=OK
6333,DIZER2,dizer2Sm_Prog001.mp4,dizer2Sm_Prog001.jpg,cg53a.jpg,OK,imagem=ERRO | mao=OK
2471,DÍZIMO,dizimoSm_Prog001.mp4,dizimoSm_Prog001.jpg,cg12.jpg,OK,imagem=ERRO | mao=OK
6960,DO QUE,do queSm_Prog001.mp4,do queSm_Prog001.jpg,cg07.jpg,ERRO,video_download_falhou
2472,DOAÇÃO,doacaoSm_Prog001.mp4,doacaoSm_Prog001.jpg,cg47.jpg,OK,imagem=ERRO | mao=OK
7361,DOAR1,doar1Sm_Prog001.mp4,doar1Sm_Prog001.jpg,cg44.jpg,OK,imagem=ERRO | mao=OK
7362,DOAR2,doar2Sm_Prog001.mp4,doar2Sm_Prog001.jpg,cg04.jpg,OK,imagem=ERRO | mao=OK
6850,DOBRAR,dobrarSm_Prog001.mp4,dobrarSm_Prog001.jpg,cg63.jpg,OK,imagem=ERRO | mao=OK
2473,DOBRO,dobroSm_Prog001.mp4,dobroSm_Prog001.jpg,cg32.jpg,OK,imagem=ERRO | mao=OK
2474,DOCE,doceSm_Prog001.mp4,doceSm_Prog001.jpg,cg63.jpg,OK,imagem=ERRO | mao=OK
2476,DOCUMENTO,documentoSm_Prog001.mp4,documentoSm_Prog001.jpg,cg37a.jpg,OK,imagem=ERRO | mao=OK
2478,DOENÇA,doencaSm_Prog001.mp4,doencaSm_Prog001.jpg,cg63.jpg,OK,imagem=OK | mao=OK
2480,DOENTE1,doente1Sm_Prog001.mp4,doente1Sm_Prog001.jpg,cg63.jpg,OK,imagem=OK | mao=OK
4294,DOENTE2,doente2Sm_Prog001.mp4,doente2Sm_Prog001.jpg,cg63.jpg,OK,imagem=ERRO | mao=OK
2481,DOER,doerSm_Prog001.mp4,doerSm_Prog001.jpg,cg54.jpg,OK,imagem=ERRO | mao=OK
2482,DOIDO,doidoSm_Prog001.mp4,doidoSm_Prog001.jpg,cg14.jpg,OK,imagem=ERRO | mao=OK
2483,DOIS1,dois1Sm_Prog001.mp4,dois1Sm_Prog001.jpg,cg08a.jpg,OK,imagem=ERRO | mao=OK
2484,DOIS2,doar2Sm_Prog001.mp4,doar2Sm_Prog001.jpg,cg32.jpg,OK,imagem=ERRO | mao=OK
2484,DOIS2,dois2Sm_Prog001.mp4,dois2Sm_Prog001.jpg,cg32.jpg,OK,imagem=ERRO | mao=OK
2485,DÓLAR,dolarSm_Prog001.mp4,dolarSm_Prog001.jpg,cg12.jpg,OK,imagem=ERRO | mao=OK
6851,DOMICÍLIO,domicilioSm_Prog001.mp4,domicilioSm_Prog001.jpg,cg63.jpg,OK,imagem=ERRO | mao=OK
2486,DOMINAR,dominarSm_Prog001.mp4,dominarSm_Prog001.jpg,cg14.jpg,OK,imagem=ERRO | mao=OK
2487,DOMINGO,domingoSm_Prog001.mp4,domingoSm_Prog001.jpg,cg12.jpg,OK,imagem=ERRO | mao=OK
2488,DOMINÓ,dominoSm_Prog001.mp4,dominoSm_Prog001.jpg,cg24.jpg,OK,imagem=ERRO | mao=OK
2489,DONO,donoSm_Prog001.mp4,donoSm_Prog001.jpg,cg25.jpg,OK,imagem=ERRO | mao=OK
2491,DOR DE CABEÇA,dor-de-cabecaSm_Prog001.mp4,dor-de-cabecaSm_Prog001.jpg,cg15.jpg,ERRO,video_download_falhou
6852,DORMIR,dormir2Sm_Prog001.mp4,dormir2Sm_Prog001.jpg,cg62.jpg,ERRO,video_download_falhou
2493,DOURADO,douradoSm_Prog001.mp4,douradoSm_Prog001.jpg,cg42.jpg,OK,imagem=ERRO | mao=OK
2494,DOUTOR,doutorSm_Prog001.mp4,doutorSm_Prog001.jpg,cg12.jpg,OK,imagem=ERRO | mao=OK
2495,DOZE,dozeSm_Prog001.mp4,dozeSm_Prog001.jpg,cg07.jpg,OK,imagem=ERRO | mao=OK
2496,DRAGÃO,dragaoSm_Prog001.mp4,dragaoSm_Prog001.jpg,cg42.jpg,OK,imagem=OK | mao=OK
6625,DRAMATIZAÇÃO,dramatizacaoSm_Prog001.mp4,dramatizacaoSm_Prog001.jpg,cg35a.jpg,OK,imagem=ERRO | mao=OK
6962,DRIBLAR,driblarSm_Prog001.mp4,driblarSm_Prog001.jpg,cg63.jpg,OK,imagem=ERRO | mao=OK
4299,DRIBLE,dribleSm_Prog001.mp4,dribleSm_Prog001.jpg,cg63.jpg,OK,imagem=ERRO | mao=OK
2497,DROGA1,droga1Sm_Prog001.mp4,droga1Sm_Prog001.jpg,cg28.jpg,OK,imagem=ERRO | mao=OK
4297,DROGA2,droga2Sm_Prog001.mp4,droga2Sm_Prog001.jpg,cg05.jpg,OK,imagem=OK | mao=OK
6854,DUCHA,duchaSm_Prog001.mp4,duchaSm_Prog001.jpg,cg64.jpg,OK,imagem=OK | mao=OK
6336,DUELO,dueloSm_Prog001.mp4,dueloSm_Prog001.jpg,cg14.jpg,OK,imagem=ERRO | mao=OK
2499,DUENDE,duendeSm_Prog001.mp4,duendeSm_Prog001.jpg,cg18a.jpg,OK,imagem=ERRO | mao=OK
6337,DUNA,dunaSm_Prog001.mp4,dunaSm_Prog001.jpg,cg44.jpg,OK,imagem=OK | mao=OK
6855,DUPLA,duplaSm_Prog001.mp4,duplaSm_Prog001.jpg,cg32.jpg,OK,imagem=ERRO | mao=OK
6338,DURAÇÃO,duracaoSm_Prog001.mp4,duracaoSm_Prog001.jpg,cg14.jpg,OK,imagem=ERRO | mao=OK
2501,DURAR,durarSm_Prog001.mp4,durarSm_Prog001.jpg,cg13.jpg,OK,imagem=ERRO | mao=OK
2500,DUREX,durexSm_Prog001.mp4,durexSm_Prog001.jpg,cg07.jpg,OK,imagem=ERRO | mao=OK
2502,DURO,duroSm_Prog001.mp4,duroSm_Prog001.jpg,cg16.jpg,OK,imagem=ERRO | mao=OK
2503,DUVIDAR,duvidarSm_Prog001.mp4,duvidarSm_Prog001.jpg,cg14.jpg,OK,imagem=ERRO | mao=OK
2506,DUZENTOS,duzentosSm_Prog001.mp4,duzentosSm_Prog001.jpg,cg19.jpg,OK,imagem=ERRO | mao=OK
2505,DÚZIA,duziaSm_Prog001.mp4,duziaSm_Prog001.jpg,cg07.jpg,OK,imagem=ERRO | mao=OK
7363,DVD,dvdSm_Prog001.mp4,dvdSm_Prog001.jpg,cg12.jpg,OK,imagem=ERRO | mao=OK
7053,E,eSm_Prog001.mp4,eSm_Prog001.jpg,cg06.jpg,OK,imagem=ERRO | mao=OK
6153,EBULIÇÃO,ebulicaoSm_Prog001.mp4,ebulicaoSm_Prog001.jpg,cg47.jpg,OK,imagem=ERRO | mao=OK
6438,ECLIPSE,eclipseSm_Prog001.mp4,eclipseSm_Prog001.jpg,cg49.jpg,OK,imagem=OK | mao=OK
2687,ECONOMIA,economiaSm_Prog001.mp4,economiaSm_Prog001.jpg,cg05.jpg,OK,imagem=ERRO | mao=OK
2688,ECONOMIZAR,economizarSm_Prog001.mp4,economizarSm_Prog001.jpg,cg03.jpg,OK,imagem=ERRO | mao=OK
4151,EDIFICAR,edificarSm_Prog001.mp4,edificarSm_Prog001.jpg,cg02.jpg,OK,imagem=ERRO | mao=OK
2690,EDIFÍCIO,edificiioSm_Prog001.mp4,edificiioSm_Prog001.jpg,cg63.jpg,ERRO,video_download_falhou
6439,EDITAR,editarSm_Prog001.mp4,editarSm_Prog001.jpg,cg02.jpg,OK,imagem=ERRO | mao=OK
2693,EDUCAÇÃO FÍSICA,educacao-fisicaSm_Prog001.mp4,educacao-fisicaSm_Prog001.jpg,cg02.jpg,ERRO,video_download_falhou
2691,EDUCAÇÃO1,educacao1Sm_Prog001.mp4,educacao1Sm_Prog001.jpg,cg08a.jpg,OK,imagem=ERRO | mao=OK
2692,EDUCAÇÃO2,educacao2Sm_Prog001.mp4,educacao2Sm_Prog001.jpg,cg57.jpg,OK,imagem=ERRO | mao=OK
2694,EDUCADO,educadoSm_Prog001.mp4,educadoSm_Prog001.jpg,cg08a.jpg,OK,imagem=ERRO | mao=OK
2695,EDUCAR,educarSm_Prog001.mp4,educarSm_Prog001.jpg,cg42.jpg,OK,imagem=ERRO | mao=OK
2696,EFERVESCENTE,efervescenteSm_Prog001.mp4,efervescenteSm_Prog001.jpg,cg44.jpg,OK,imagem=ERRO | mao=OK
6154,EFETIVO,efetivoSm_Prog001.mp4,efetivoSm_Prog001.jpg,cg64.jpg,OK,imagem=ERRO | mao=OK
2697,EGITO,egitoSm_Prog001.mp4,egitoSm_Prog001.jpg,cg31.jpg,OK,imagem=ERRO | mao=OK
2698,EGOÍSTA,egoistaSm_Prog001.mp4,egoistaSm_Prog001.jpg,cg11.jpg,OK,imagem=ERRO | mao=OK
2699,EJACULAÇÃO,ejaculacaoSm_Prog001.mp4,ejaculacaoSm_Prog001.jpg,cg14.jpg,OK,imagem=ERRO | mao=OK
6440,EJACULAR,ejacularSm_Prog001.mp4,ejacularSm_Prog001.jpg,cg14.jpg,OK,imagem=ERRO | mao=OK
6441,ELÁSTICO,elasticoSm_Prog001.mp4,elasticoSm_Prog001.jpg,cg31.jpg,OK,imagem=ERRO | mao=OK
2700,ELE,eleSm_Prog001.mp4,eleSm_Prog001.jpg,cg14.jpg,OK,imagem=ERRO | mao=OK
7041,ELE MESMO,ele_mesmoSm_Prog001.mp4,ele_mesmoSm_Prog001.jpg,cg14.jpg,OK,imagem=ERRO | mao=OK
2701,ELEFANTE,elefanteSm_Prog001.mp4,elefanteSm_Prog001.jpg,cg61.jpg,OK,imagem=OK | mao=OK
2702,ELEGANTE,eleganteSm_Prog001.mp4,eleganteSm_Prog001.jpg,cg49.jpg,OK,imagem=ERRO | mao=OK
2703,ELEGER,elegerSm_Prog001.mp4,elegerSm_Prog001.jpg,cg20.jpg,OK,imagem=ERRO | mao=OK
2704,ELEIÇÃO,eleicaoSm_Prog001.mp4,eleicaoSm_Prog001.jpg,cg52.jpg,OK,imagem=ERRO | mao=OK
2707,ELETRICIDADE,eletricidadeSm_Prog001.mp4,eletricidadeSm_Prog001.jpg,cg39.jpg,OK,imagem=ERRO | mao=OK
2708,ELETRICISTA,eletricistaSm_Prog001.mp4,eletricistaSm_Prog001.jpg,cg39.jpg,OK,imagem=ERRO | mao=OK
2709,ELÉTRICO,eletricoSm_Prog001.mp4,eletricoSm_Prog001.jpg,cg39.jpg,OK,imagem=ERRO | mao=OK
2710,ELETRODOMÉSTICOS,eletrodomesticosSm_Prog001.mp4,eletrodomesticosSm_Prog001.jpg,cg27.jpg,OK,imagem=ERRO | mao=OK
2711,ELEVADOR,elevadorSm_Prog001.mp4,elevadorSm_Prog001.jpg,cg52.jpg,OK,imagem=ERRO | mao=OK
6155,ELIMINAR,eliminarSm_Prog001.mp4,eliminarSm_Prog001.jpg,cg02.jpg,OK,imagem=ERRO | mao=OK
2714,EM CIMA,em-cimaSm_Prog001.mp4,em-cimaSm_Prog001.jpg,cg39.jpg,ERRO,video_download_falhou
6448,EM PÉ,em-peSm_Prog001.mp4,em-peSm_Prog001.jpg,cg32.jpg,ERRO,video_download_falhou
6450,EM VOLTA,em-voltaSm_Prog001.mp4,em-voltaSm_Prog001.jpg,cg14.jpg,ERRO,video_download_falhou
2717,EMA,emaSm_Prog001.mp4,emaSm_Prog001.jpg,cg01.jpg,OK,imagem=OK | mao=OK
2719,EMAGRECER,emagrecerSm_Prog001.mp4,emagrecerSm_Prog001.jpg,cg38.jpg,OK,imagem=ERRO | mao=OK
2720,EMAGRECIMENTO,emagrecimentoSm_Prog001.mp4,emagrecimentoSm_Prog001.jpg,cg38.jpg,OK,imagem=ERRO | mao=OK
6157,EMBAÇAR,embacarSm_Prog001.mp4,embacarSm_Prog001.jpg,cg64.jpg,OK,imagem=ERRO | mao=OK
2722,EMBAIXADA1,embaixada1Sm_Prog001.mp4,embaixada1Sm_Prog001.jpg,cg02.jpg,OK,imagem=ERRO | mao=OK
2723,EMBAIXADA2,embaixada2Sm_Prog001.mp4,embaixada2Sm_Prog001.jpg,cg02.jpg,OK,imagem=ERRO | mao=OK
2715,EMBAIXO1,embaixo1Sm_Prog001.mp4,embaixo1Sm_Prog001.jpg,cg62.jpg,OK,imagem=ERRO | mao=OK
2716,EMBAIXO2,embaixo2Sm_Prog001.mp4,embaixo2Sm_Prog001.jpg,cg14.jpg,OK,imagem=ERRO | mao=OK
2721,EMBALAR,embalarSm_Prog001.mp4,embalarSm_Prog001.jpg,cg53a.jpg,OK,imagem=ERRO | mao=OK
6158,EMBARCAÇÃO,embarcacaoSm_Prog001.mp4,embarcacaoSm_Prog001.jpg,cg63.jpg,OK,imagem=ERRO | mao=OK
6443,EMBLEMA,emblemaSm_Prog001.mp4,emblemaSm_Prog001.jpg,cg47.jpg,OK,imagem=ERRO | mao=OK
2724,EMBORA,emboraSm_Prog001.mp4,emboraSm_Prog001.jpg,cg13.jpg,OK,imagem=ERRO | mao=OK
6444,EMBRIAGADO,embriagadoSm_Prog001.mp4,embriagadoSm_Prog001.jpg,cg24.jpg,OK,imagem=ERRO | mao=OK
2725,EMBRIAGAR,embriagarSm_Prog001.mp4,embriagarSm_Prog001.jpg,cg07.jpg,OK,imagem=ERRO | mao=OK
6159,EMBRULHAR,embrulharSm_Prog001.mp4,embrulharSm_Prog001.jpg,cg62.jpg,OK,imagem=ERRO | mao=OK
6445,EMERGIR,emergirSm_Prog001.mp4,emergirSm_Prog001.jpg,cg08a.jpg,OK,imagem=ERRO | mao=OK
2727,EMOCIONAR,emocionarSm_Prog001.mp4,emocionarSm_Prog001.jpg,cg42.jpg,OK,imagem=ERRO | mao=OK
6447,EMOLDURAR,emoldurarSm_Prog001.mp4,emoldurarSm_Prog001.jpg,cg21.jpg,OK,imagem=ERRO | mao=OK
2728,EMPADA,empadaSm_Prog001.mp4,empadaSm_Prog001.jpg,cg42.jpg,OK,imagem=ERRO | mao=OK
2729,EMPATAR,empatarSm_Prog001.mp4,empatarSm_Prog001.jpg,cg61.jpg,OK,imagem=ERRO | mao=OK
5194,EMPENHAR,empenharSm_Prog001.mp4,empenharSm_Prog001.jpg,cg08a.jpg,OK,imagem=ERRO | mao=OK
2730,EMPREGADA DOMESTICA,empregadaSm_Prog001.mp4,empregadaSm_Prog001.jpg,cg63.jpg,ERRO,video_download_falhou
6449,EMPREGADO,empregadoSm_Prog001.mp4,empregadoSm_Prog001.jpg,cg63.jpg,OK,imagem=ERRO | mao=OK
2732,EMPREGAR,empregarSm_Prog001.mp4,empregarSm_Prog001.jpg,cg08a.jpg,OK,imagem=ERRO | mao=OK
4152,EMPREGO,empregoSm_Prog001.mp4,empregoSm_Prog001.jpg,cg08a.jpg,OK,imagem=ERRO | mao=OK
2733,EMPRESÁRIO,empresarioSm_Prog001.mp4,empresarioSm_Prog001.jpg,cg05.jpg,OK,imagem=ERRO | mao=OK
2734,EMPRESTAR,emprestarSm_Prog001.mp4,emprestarSm_Prog001.jpg,cg47.jpg,OK,imagem=ERRO | mao=OK
6160,EMPRÉSTIMO,emprestimoSm_Prog001.mp4,emprestimoSm_Prog001.jpg,cg47.jpg,OK,imagem=ERRO | mao=OK
2735,EMPURRAR,empurrarSm_Prog001.mp4,empurrarSm_Prog001.jpg,cg63.jpg,OK,imagem=ERRO | mao=OK
6161,ENCABULAR,encabularSm_Prog001.mp4,encabularSm_Prog001.jpg,cg31.jpg,OK,imagem=ERRO | mao=OK
6967,ENCADERNAÇÃO,encardenacaoSm_Prog001.mp4,encardenacaoSm_Prog001.jpg,cg63.jpg,ERRO,video_download_falhou
2738,ENCADERNAR,encardenarSm_Prog001.mp4,encardenarSm_Prog001.jpg,cg63.jpg,ERRO,video_download_falhou
6451,ENCARAR,encararSm_Prog001.mp4,encararSm_Prog001.jpg,cg32.jpg,OK,imagem=ERRO | mao=OK
6162,ENCARCERAR,encarcerarSm_Prog001.mp4,encarcerarSm_Prog001.jpg,cg32.jpg,OK,imagem=ERRO | mao=OK
6163,ENCARDIDO,encardidoSm_Prog001.mp4,encardidoSm_Prog001.jpg,cg02.jpg,OK,imagem=ERRO | mao=OK
2739,ENCERADEIRA,enceradeiraSm_Prog001.mp4,enceradeiraSm_Prog001.jpg,cg02.jpg,OK,imagem=ERRO | mao=OK
6452,ENCERRAR1,encerrarSm_Prog001.mp4,encerrarSm_Prog001.jpg,cg63.jpg,ERRO,video_download_falhou
7364,ENCERRAR2,encerrar2Sm_Prog001.mp4,encerrar2Sm_Prog001.jpg,cg61.jpg,OK,imagem=ERRO | mao=OK
2740,ENCHENTE,enchenteSm_Prog001.mp4,enchenteSm_Prog001.jpg,cg64.jpg,OK,imagem=OK | mao=OK
2741,ENCHER1,encher1Sm_Prog001.mp4,encher1Sm_Prog001.jpg,cg53a.jpg,OK,imagem=ERRO | mao=OK
2742,ENCHER2,encher2Sm_Prog001.mp4,encher2Sm_Prog001.jpg,cg02.jpg,OK,imagem=ERRO | mao=OK
4153,ENCHER3,encher3Sm_Prog001.mp4,encher3Sm_Prog001.jpg,cg02.jpg,OK,imagem=ERRO | mao=OK
6902,ENCHER4,encher4Sm_Prog001.mp4,encher4Sm_Prog001.jpg,cg64.jpg,OK,imagem=ERRO | mao=OK
6453,ENCOBERTO,encobertoSm_Prog001.mp4,encobertoSm_Prog001.jpg,cg64.jpg,OK,imagem=OK | mao=OK
6164,ENCOBRIR,encobrirSm_Prog001.mp4,encobrirSm_Prog001.jpg,cg02.jpg,OK,imagem=ERRO | mao=OK
4155,ENCOLHER,encolherSm_Prog001.mp4,encolherSm_Prog001.jpg,cg63.jpg,OK,imagem=ERRO | mao=OK
2743,ENCONTRAR,encontrarSm_Prog001.mp4,encontrarSm_Prog001.jpg,cg14.jpg,OK,imagem=ERRO | mao=OK
2745,ENCORAJAMENTO,encorajamentoSm_Prog001.mp4,encorajamentoSm_Prog001.jpg,cg57.jpg,OK,imagem=ERRO | mao=OK
2744,ENCORAJAR,encorajarSm_Prog001.mp4,encorajarSm_Prog001.jpg,cg57.jpg,OK,imagem=ERRO | mao=OK
6165,ENCRENCA,encrencaSm_Prog001.mp4,encrencaSm_Prog001.jpg,cg64.jpg,OK,imagem=ERRO | mao=OK
4156,ENCRESPAR,encresparSm_Prog001.mp4,encresparSm_Prog001.jpg,cg47.jpg,OK,imagem=ERRO | mao=OK
2746,ENDEREÇO,enderecoSm_Prog001.mp4,enderecoSm_Prog001.jpg,cg53a.jpg,OK,imagem=ERRO | mao=OK
2747,ENFEITAR,enfeitarSm_Prog001.mp4,enfeitarSm_Prog001.jpg,cg47.jpg,OK,imagem=ERRO | mao=OK
2748,ENFERMEIRO,enfermeiroSm_Prog001.mp4,enfermeiroSm_Prog001.jpg,cg14.jpg,OK,imagem=ERRO | mao=OK
6166,ENFERMIDADE,enfermidadeSm_Prog001.mp4,enfermidadeSm_Prog001.jpg,cg35a.jpg,OK,imagem=OK | mao=OK
6167,ENFERRUJAR,enferrujarSm_Prog001.mp4,enferrujarSm_Prog001.jpg,cg02.jpg,OK,imagem=ERRO | mao=OK
2750,ENFORCADO,enforcadoSm_Prog001.mp4,enforcadoSm_Prog001.jpg,cg51a.jpg,OK,imagem=ERRO | mao=OK
2749,ENFORCAR,enforcarSm_Prog001.mp4,enforcarSm_Prog001.jpg,cg51a.jpg,OK,imagem=ERRO | mao=OK
2751,ENFRAQUECER,enfraquecerSm_Prog001.mp4,enfraquecerSm_Prog001.jpg,cg44.jpg,OK,imagem=ERRO | mao=OK
6168,ENFRENTAR,enfrentarSm_Prog001.mp4,enfrentarSm_Prog001.jpg,cg14.jpg,OK,imagem=ERRO | mao=OK
2752,ENGANAR1,enganar1Sm_Prog001.mp4,enganar1Sm_Prog001.jpg,cg02.jpg,OK,imagem=ERRO | mao=OK
2753,ENGANAR2,enganar2Sm_Prog001.mp4,enganar2Sm_Prog001.jpg,cg25.jpg,OK,imagem=ERRO | mao=OK
2754,ENGARRAFAR,engarrafarSm_Prog001.mp4,engarrafarSm_Prog001.jpg,cg64.jpg,OK,imagem=ERRO | mao=OK
2755,ENGASGAR,engasgarSm_Prog001.mp4,engasgarSm_Prog001.jpg,cg64.jpg,OK,imagem=ERRO | mao=OK
6454,ENGATINHAR,engatinharSm_Prog001.mp4,engatinharSm_Prog001.jpg,cg64.jpg,OK,imagem=ERRO | mao=OK
2756,ENGENHARIA,engenhariaSm_Prog001.mp4,engenhariaSm_Prog001.jpg,cg51a.jpg,OK,imagem=ERRO | mao=OK
2761,ENGENHEIRO,engenheiroSm_Prog001.mp4,engenheiroSm_Prog001.jpg,cg51a.jpg,OK,imagem=ERRO | mao=OK
2762,ENGOLIR,engolirSm_Prog001.mp4,engolirSm_Prog001.jpg,cg52.jpg,OK,imagem=ERRO | mao=OK
6455,ENGORDAR,engordarSm_Prog001.mp4,engordarSm_Prog001.jpg,cg02.jpg,OK,imagem=ERRO | mao=OK
6456,ENGRAÇADO,engracadoSm_Prog001.mp4,engracadoSm_Prog001.jpg,cg19.jpg,OK,imagem=ERRO | mao=OK
6457,ENGRAVATAR-SE,engravatarSm_Prog001.mp4,engravatarSm_Prog001.jpg,cg18a.jpg,ERRO,video_download_falhou
2763,ENGRAXAR,engraxarSm_Prog001.mp4,engraxarSm_Prog001.jpg,cg01.jpg,OK,imagem=ERRO | mao=OK
2764,ENJOADO,enjoadoSm_Prog001.mp4,enjoadoSm_Prog001.jpg,cg64.jpg,OK,imagem=ERRO | mao=OK
2765,ENJÔO,enjooSm_Prog001.mp4,enjooSm_Prog001.jpg,cg64.jpg,OK,imagem=OK | mao=OK
6156,ENLOUQUECER,enlouquecerSm_Prog001.mp4,enlouquecerSm_Prog001.jpg,cg14.jpg,OK,imagem=ERRO | mao=OK
2766,ENORME,enormeSm_Prog001.mp4,enormeSm_Prog001.jpg,cg02.jpg,OK,imagem=ERRO | mao=OK
2767,ENROLAR1,enrolar1Sm_Prog001.mp4,enrolar1Sm_Prog001.jpg,cg14.jpg,OK,imagem=ERRO | mao=OK
4157,ENROLAR2,enrolar2Sm_Prog001.mp4,enrolar2Sm_Prog001.jpg,cg62.jpg,OK,imagem=ERRO | mao=OK
4160,ENROSCAR,enroscarSm_Prog001.mp4,enroscarSm_Prog001.jpg,cg47.jpg,OK,imagem=ERRO | mao=OK
2768,ENSAIAR,ensaiarSm_Prog001.mp4,ensaiarSm_Prog001.jpg,cg63.jpg,OK,imagem=ERRO | mao=OK
7365,ENSANGUENTADO,ensanguentadoSm_Prog001.mp4,ensanguentadoSm_Prog001.jpg,cg02.jpg,OK,imagem=ERRO | mao=OK
2769,ENSINAR,ensinarSm_Prog001.mp4,ensinarSm_Prog001.jpg,cg57.jpg,OK,imagem=ERRO | mao=OK
2771,ENSOLARADO,ensolaradoSm_Prog001.mp4,ensolaradoSm_Prog001.jpg,cg02.jpg,OK,imagem=OK | mao=OK
2773,ENSURDECER,ensurdecerSm_Prog001.mp4,ensurdecerSm_Prog001.jpg,cg20.jpg,OK,imagem=ERRO | mao=OK
2774,ENSURDECIDO,ensurdecidoSm_Prog001.mp4,ensurdecidoSm_Prog001.jpg,cg20.jpg,OK,imagem=ERRO | mao=OK
2775,ENTENDER,entenderSm_Prog001.mp4,entenderSm_Prog001.jpg,cg63.jpg,OK,imagem=ERRO | mao=OK
2777,ENTERRAR,enterrarSm_Prog001.mp4,enterrarSm_Prog001.jpg,cg62.jpg,OK,imagem=ERRO | mao=OK
2778,ENTERRO,enterroSm_Prog001.mp4,enterroSm_Prog001.jpg,cg62.jpg,OK,imagem=ERRO | mao=OK
6169,ENTORNAR,entornarSm_Prog001.mp4,entornarSm_Prog001.jpg,cg01.jpg,OK,imagem=ERRO | mao=OK
1014,ENTRADA,entradaSm_Prog001.mp4,entradaSm_Prog001.jpg,cg63.jpg,OK,imagem=ERRO | mao=OK
2779,ENTRAR1,entrar1Sm_Prog001.mp4,entrar1Sm_Prog001.jpg,cg63.jpg,OK,imagem=ERRO | mao=OK
2780,ENTRAR2,entrar2Sm_Prog001.mp4,entrar2Sm_Prog001.jpg,cg14.jpg,OK,imagem=ERRO | mao=OK
7086,ENTRAR3,entrar3Sm_Prog001.mp4,entrar3Sm_Prog001.jpg,cg61.jpg,OK,imagem=ERRO | mao=OK
2783,ENTREGAR,entregarSm_Prog001.mp4,entregarSm_Prog001.jpg,cg64.jpg,OK,imagem=ERRO | mao=OK
2784,ENTREVISTAR,entrevistarSm_Prog001.mp4,entrevistarSm_Prog001.jpg,cg02.jpg,OK,imagem=ERRO | mao=OK
2785,ENTRISTECER,entristecerSm_Prog001.mp4,entristecerSm_Prog001.jpg,cg39.jpg,OK,imagem=ERRO | mao=OK
2786,ENVELHECER,envelhecerSm_Prog001.mp4,envelhecerSm_Prog001.jpg,cg02.jpg,OK,imagem=ERRO | mao=OK
6458,ENVELOPE,envelopeSm_Prog001.mp4,envelopeSm_Prog001.jpg,cg08a.jpg,OK,imagem=ERRO | mao=OK
6170,ENVENENAR,envenenarSm_Prog001.mp4,envenenarSm_Prog001.jpg,cg30.jpg,OK,imagem=ERRO | mao=OK
2787,ENVERGONHAR,envergonharSm_Prog001.mp4,envergonharSm_Prog001.jpg,cg31.jpg,OK,imagem=ERRO | mao=OK
2788,ENVIAR1,enviar1Sm_Prog001.mp4,enviar1Sm_Prog001.jpg,cg24.jpg,OK,imagem=ERRO | mao=OK
2789,ENVIAR2,enviar2Sm_Prog001.mp4,enviar2Sm_Prog001.jpg,cg42.jpg,OK,imagem=ERRO | mao=OK
2790,ENVIAR3,enviar3Sm_Prog001.mp4,enviar3Sm_Prog001.jpg,cg63.jpg,OK,imagem=ERRO | mao=OK
6459,ENVIUVAR,enviuvarSm_Prog001.mp4,enviuvarSm_Prog001.jpg,cg32.jpg,OK,imagem=ERRO | mao=OK
2793,ENVOLVER,envolverSm_Prog001.mp4,envolverSm_Prog001.jpg,cg45.jpg,OK,imagem=ERRO | mao=OK
7366,ENXADA,enxadaSm_Prog001.mp4,enxadaSm_Prog001.jpg,cg15.jpg,OK,imagem=ERRO | mao=OK
4164,ENXAQUECA,enxaquecaSm_Prog001.mp4,enxaquecaSm_Prog001.jpg,cg47.jpg,OK,imagem=OK | mao=OK
2794,ENXERGAR,enxergarSm_Prog001.mp4,enxergarSm_Prog001.jpg,cg32.jpg,OK,imagem=ERRO | mao=OK
4165,ENXUGAR LÁGRIMA,enxugar1Sm_Prog001.mp4,enxugar1Sm_Prog001.jpg,cg63.jpg,OK,imagem=ERRO | mao=OK
4166,ENXUGAR LOUÇA,enxugar2Sm_Prog001.mp4,enxugar2Sm_Prog001.jpg,cg64.jpg,OK,imagem=ERRO | mao=OK
6460,EPIDEMIA,epidemiaSm_Prog001.mp4,epidemiaSm_Prog001.jpg,cg01.jpg,OK,imagem=OK | mao=OK
6461,EPISCOPAL,episcopalSm_Prog001.mp4,episcopalSm_Prog001.jpg,cg06.jpg,OK,imagem=ERRO | mao=OK
4167,ÉPOCA,epocaSm_Prog001.mp4,epocaSm_Prog001.jpg,cg63.jpg,OK,imagem=ERRO | mao=OK
7367,EQUATORIANO,equatorianoSm_Prog001.mp4,equatorianoSm_Prog001.jpg,cg06.jpg,OK,imagem=ERRO | mao=OK
4168,EQUILIBRAR,equilibrarSm_Prog001.mp4,equilibrarSm_Prog001.jpg,cg24.jpg,OK,imagem=ERRO | mao=OK
2795,EQUIPE,equipeSm_Prog001.mp4,equipeSm_Prog001.jpg,cg47.jpg,OK,imagem=ERRO | mao=OK
4169,EQUITAÇÃO,equitacaoSm_Prog001.mp4,equitacaoSm_Prog001.jpg,cg28.jpg,OK,imagem=ERRO | mao=OK
2796,EREÇÃO,erecaoSm_Prog001.mp4,erecaoSm_Prog001.jpg,cg14.jpg,OK,imagem=ERRO | mao=OK
6171,ERGUER1,erguer1Sm_Prog001.mp4,erguer1Sm_Prog001.jpg,cg63.jpg,OK,imagem=ERRO | mao=OK
6172,ERGUER2,erguer2Sm_Prog001.mp4,erguer2Sm_Prog001.jpg,cg64.jpg,OK,imagem=ERRO | mao=OK
6173,ERGUER3,erguer3Sm_Prog001.mp4,erguer3Sm_Prog001.jpg,cg63.jpg,OK,imagem=ERRO | mao=OK
2797,ERRADO,erradoSm_Prog001.mp4,erradoSm_Prog001.jpg,cg11.jpg,OK,imagem=ERRO | mao=OK
2798,ERRAR,errarSm_Prog001.mp4,errarSm_Prog001.jpg,cg11.jpg,OK,imagem=ERRO | mao=OK
6462,ERVILHA,ervilhaSm_Prog001.mp4,ervilhaSm_Prog001.jpg,cg15.jpg,OK,imagem=OK | mao=OK
4173,ESBARRAR,esbarrarSm_Prog001.mp4,esbarrarSm_Prog001.jpg,cg14.jpg,OK,imagem=ERRO | mao=OK
6463,ESBOFETEAR,esbofetearSm_Prog001.mp4,esbofetearSm_Prog001.jpg,cg62.jpg,OK,imagem=ERRO | mao=OK
2799,ESCADA,escada1Sm_Prog001.mp4,escada1Sm_Prog001.jpg,cg29a.jpg,OK,imagem=ERRO | mao=OK
2800,ESCADA DE CARACOL,escada_de_caracolSm_Prog001.mp4,escada_de_caracolSm_Prog001.jpg,cg28.jpg,OK,imagem=ERRO | mao=OK
2801,ESCADA ROLANTE,escada-rolanteSm_Prog001.mp4,escada-rolanteSm_Prog001.jpg,cg24.jpg,OK,imagem=ERRO | mao=OK
2802,ESCALAR1,escalarSm_Prog001.mp4,escalarSm_Prog001.jpg,cg31.jpg,OK,imagem=ERRO | mao=OK
2803,ESCALAR2,escalar2Sm_Prog001.mp4,escalar2Sm_Prog001.jpg,cg20.jpg,OK,imagem=ERRO | mao=OK
2804,ESCAPAR1,escapar1Sm_Prog001.mp4,escapar1Sm_Prog001.jpg,cg07.jpg,OK,imagem=ERRO | mao=OK
4175,ESCAPAR2,escapar2Sm_Prog001.mp4,escapar2Sm_Prog001.jpg,cg57.jpg,OK,imagem=ERRO | mao=OK
2805,ESCLARECER,esclarecerSm_Prog001.mp4,esclarecerSm_Prog001.jpg,cg02.jpg,OK,imagem=ERRO | mao=OK
7369,ESCOCES,escocesSm_Prog001.mp4,escocesSm_Prog001.jpg,cg64.jpg,OK,imagem=ERRO | mao=OK
2806,ESCÓCIA,escociaSm_Prog001.mp4,escociaSm_Prog001.jpg,cg64.jpg,OK,imagem=ERRO | mao=OK
2807,ESCOLA,escolaSm_Prog001.mp4,escolaSm_Prog001.jpg,cg63.jpg,OK,imagem=ERRO | mao=OK
2808,ESCOLHER,escolherSm_Prog001.mp4,escolherSm_Prog001.jpg,cg08b.jpg,OK,imagem=ERRO | mao=OK
6175,ESCONDE-ESCONDE,esconde-escondeSm_Prog001.mp4,esconde-escondeSm_Prog001.jpg,cg02.jpg,OK,imagem=ERRO | mao=OK
2809,ESCONDER,esconderSm_Prog001.mp4,esconderSm_Prog001.jpg,cg02.jpg,OK,imagem=ERRO | mao=OK
7175,ESCONDIDO,escondidoSm_Prog001.mp4,escondidoSm_Prog001.jpg,cg53b.jpg,OK,imagem=ERRO | mao=OK
2810,ESCOPETA,escopetaSm_Prog001.mp4,escopetaSm_Prog001.jpg,cg18a.jpg,OK,imagem=ERRO | mao=OK
2811,ESCORPIÃO,escorpiaoSm_Prog001.mp4,escorpiaoSm_Prog001.jpg,cg15.jpg,OK,imagem=OK | mao=OK
2813,ESCORREGADOR,escorregadorSm_Prog001.mp4,escorregadorSm_Prog001.jpg,cg24.jpg,OK,imagem=ERRO | mao=OK
2812,ESCORREGAR,escorregarSm_Prog001.mp4,escorregarSm_Prog001.jpg,cg32.jpg,OK,imagem=ERRO | mao=OK
2814,ESCORRER1,escorrer1Sm_Prog001.mp4,escorrer1Sm_Prog001.jpg,cg08a.jpg,OK,imagem=ERRO | mao=OK
4176,ESCORRER2,escorrer2Sm_Prog001.mp4,escorrer2Sm_Prog001.jpg,cg64.jpg,OK,imagem=ERRO | mao=OK
6464,ESCOTEIRO,escoteiroSm_Prog001.mp4,escoteiroSm_Prog001.jpg,cg60.jpg,OK,imagem=ERRO | mao=OK
2816,ESCOVA1,escova-dentalSm_Prog001.mp4,escova-dentalSm_Prog001.jpg,cg05.jpg,OK,imagem=OK | mao=OK
4177,ESCOVA2,escova-cabeloSm_Prog001.mp4,escova-cabeloSm_Prog001.jpg,cg05.jpg,OK,imagem=OK | mao=OK
2820,ESCOVAR1,escovar-dentesSm_Prog001.mp4,escovar-dentesSm_Prog001.jpg,cg05.jpg,OK,imagem=ERRO | mao=OK
2819,ESCOVAR2,escova-cabeloSm_Prog001.mp4,escova-cabeloSm_Prog001.jpg,cg05.jpg,OK,imagem=OK | mao=OK
2821,ESCRAVIZAR1,escravizarSm_Prog001.mp4,escravizarSm_Prog001.jpg,cg02.jpg,ERRO,video_download_falhou
7370,ESCRAVIZAR2,escravizar2Sm_Prog001.mp4,escravizar2Sm_Prog001.jpg,cg02.jpg,OK,imagem=ERRO | mao=OK
2822,ESCRAVO,escravoSm_Prog001.mp4,escravoSm_Prog001.jpg,cg02.jpg,OK,imagem=ERRO | mao=OK
2825,ESCREVER NO QUADRO,escrever-no quadroSm_Prog001.mp4,escrever-no quadroSm_Prog001.jpg,cg20.jpg,ERRO,video_download_falhou
2823,ESCREVER1,escrever1Sm_Prog001.mp4,escrever1Sm_Prog001.jpg,cg04.jpg,OK,imagem=ERRO | mao=OK
2824,ESCREVER2,escrever_redacaoSm_Prog001.mp4,escrever_redacaoSm_Prog001.jpg,cg04.jpg,ERRO,video_download_falhou
2826,ESCRITOR,escritorSm_Prog001.mp4,escritorSm_Prog001.jpg,cg20.jpg,OK,imagem=ERRO | mao=OK
2827,ESCRITÓRIO,escritorioSm_Prog001.mp4,escritorioSm_Prog001.jpg,cg52.jpg,OK,imagem=ERRO | mao=OK
6465,ESCUDO,escudoSm_Prog001.mp4,escudoSm_Prog001.jpg,cg02.jpg,OK,imagem=ERRO | mao=OK
7371,ESCULPIR1,esculpir1Sm_Prog001.mp4,esculpir1Sm_Prog001.jpg,cg05.jpg,OK,imagem=ERRO | mao=OK
7372,ESCULPIR2,esculpir2Sm_Prog001.mp4,esculpir2Sm_Prog001.jpg,cg07.jpg,OK,imagem=ERRO | mao=OK
2828,ESCULTURA,esculturaSm_Prog001.mp4,esculturaSm_Prog001.jpg,cg07.jpg,OK,imagem=ERRO | mao=OK
2829,ESCURECER,escurecerSm_Prog001.mp4,escurecerSm_Prog001.jpg,cg02.jpg,OK,imagem=ERRO | mao=OK
2830,ESCURO,escuroSm_Prog001.mp4,escuroSm_Prog001.jpg,cg02.jpg,OK,imagem=ERRO | mao=OK
2832,ESCUTAR,escutarSm_Prog001.mp4,escutarSm_Prog001.jpg,cg02.jpg,OK,imagem=ERRO | mao=OK
6176,ESFAQUEAR,esfaquearSm_Prog001.mp4,esfaquearSm_Prog001.jpg,cg02.jpg,OK,imagem=ERRO | mao=OK
2833,ESFERA,esferaSm_Prog001.mp4,esferaSm_Prog001.jpg,cg47.jpg,OK,imagem=ERRO | mao=OK
2834,ESFOLAR,esfolarSm_Prog001.mp4,esfolarSm_Prog001.jpg,cg64.jpg,OK,imagem=ERRO | mao=OK
2835,ESFORÇAR,esforcarSm_Prog001.mp4,esforcarSm_Prog001.jpg,cg02.jpg,OK,imagem=ERRO | mao=OK
2836,ESFREGAR,esfregarSm_Prog001.mp4,esfregarSm_Prog001.jpg,cg01.jpg,OK,imagem=ERRO | mao=OK
6177,ESFRIAR,esfriarSm_Prog001.mp4,esfriarSm_Prog001.jpg,cg16.jpg,OK,imagem=ERRO | mao=OK
6466,ESGRIMA,esgrimaSm_Prog001.mp4,esgrimaSm_Prog001.jpg,cg05.jpg,OK,imagem=ERRO | mao=OK
2837,ESMAGAR,esmagarSm_Prog001.mp4,esmagarSm_Prog001.jpg,cg47.jpg,OK,imagem=ERRO | mao=OK
2838,ESMALTE,esmalteSm_Prog001.mp4,esmalteSm_Prog001.jpg,cg14.jpg,OK,imagem=OK | mao=OK
6178,ESMURRAR,esmurrarSm_Prog001.mp4,esmurrarSm_Prog001.jpg,cg02.jpg,OK,imagem=ERRO | mao=OK
6467,ESNOBE,esnobeSm_Prog001.mp4,esnobeSm_Prog001.jpg,cg14.jpg,OK,imagem=ERRO | mao=OK
6468,ESPADA,espadaSm_Prog001.mp4,espadaSm_Prog001.jpg,cg05.jpg,OK,imagem=ERRO | mao=OK
6469,ESPAGUETE,espagueteSm_Prog001.mp4,espagueteSm_Prog001.jpg,cg26.jpg,OK,imagem=ERRO | mao=OK
2839,ESPALHAR,espalhar1Sm_Prog001.mp4,espalhar1Sm_Prog001.jpg,cg64.jpg,ERRO,video_download_falhou
2840,ESPANCAR,espancarSm_Prog001.mp4,espancarSm_Prog001.jpg,cg23.jpg,OK,imagem=ERRO | mao=OK
2841,ESPANHA,espanhaSm_Prog001.mp4,espanhaSm_Prog001.jpg,cg14.jpg,OK,imagem=ERRO | mao=OK
7373,ESPANHOL,espanholSm_Prog001.mp4,espanholSm_Prog001.jpg,cg14.jpg,OK,imagem=ERRO | mao=OK
4179,ESPARRAMAR,esparramarSm_Prog001.mp4,esparramarSm_Prog001.jpg,cg01.jpg,OK,imagem=ERRO | mao=OK
2842,ESPÁTULA,espatulaSm_Prog001.mp4,espatulaSm_Prog001.jpg,cg24.jpg,OK,imagem=ERRO | mao=OK
2843,ESPECIAL,especialSm_Prog001.mp4,especialSm_Prog001.jpg,cg33.jpg,OK,imagem=ERRO | mao=OK
2844,ESPELHO,espelhoSm_Prog001.mp4,espelhoSm_Prog001.jpg,cg63.jpg,OK,imagem=ERRO | mao=OK
2845,ESPERAR1,esperar1Sm_Prog001.mp4,esperar1Sm_Prog001.jpg,cg14.jpg,OK,imagem=ERRO | mao=OK
2846,ESPERAR2,esperar2Sm_Prog001.mp4,esperar2Sm_Prog001.jpg,cg01.jpg,OK,imagem=ERRO | mao=OK
2847,ESPERMA,espermaSm_Prog001.mp4,espermaSm_Prog001.jpg,cg14.jpg,OK,imagem=ERRO | mao=OK
2848,ESPERTO,espertoSm_Prog001.mp4,espertoSm_Prog001.jpg,cg28.jpg,OK,imagem=ERRO | mao=OK
6470,ESPETINHO,espetinhoSm_Prog001.mp4,espetinhoSm_Prog001.jpg,cg14.jpg,OK,imagem=ERRO | mao=OK
2850,ESPIÃO,espiaoSm_Prog001.mp4,espiaoSm_Prog001.jpg,cg61.jpg,OK,imagem=ERRO | mao=OK
2849,ESPIAR1,espiarSm_Prog001.mp4,espiarSm_Prog001.jpg,cg61.jpg,ERRO,video_download_falhou
7374,ESPIAR2,espiar2Sm_Prog001.mp4,espiar2Sm_Prog001.jpg,cg50.jpg,OK,imagem=ERRO | mao=OK
2851,ESPINGARDA,espingardaSm_Prog001.mp4,espingardaSm_Prog001.jpg,cg18a.jpg,OK,imagem=ERRO | mao=OK
6345,ESPINHA,espinhaSm_Prog001.mp4,espinhaSm_Prog001.jpg,cg14.jpg,OK,imagem=OK | mao=OK
6472,ESPINHA DORSAL,espinha-dorsalSm_Prog001.mp4,espinha-dorsalSm_Prog001.jpg,cg18a.jpg,ERRO,video_download_falhou
2852,ESPINHO,espinhoSm_Prog001.mp4,espinhoSm_Prog001.jpg,cg14.jpg,OK,imagem=OK | mao=OK
6473,ESPIONAR,espionarSm_Prog001.mp4,espionarSm_Prog001.jpg,cg61.jpg,OK,imagem=ERRO | mao=OK
6474,ESPIRAL,espiralSm_Prog001.mp4,espiralSm_Prog001.jpg,cg14.jpg,OK,imagem=ERRO | mao=OK
7375,ESPIRITA,espiritaSm_Prog001.mp4,espiritaSm_Prog001.jpg,cg57.jpg,OK,imagem=ERRO | mao=OK
4180,ESPIRITISMO,espiritismoSm_Prog001.mp4,espiritismoSm_Prog001.jpg,cg57.jpg,OK,imagem=ERRO | mao=OK
4181,ESPÍRITO,espiritoSm_Prog001.mp4,espiritoSm_Prog001.jpg,cg57.jpg,OK,imagem=ERRO | mao=OK
4182,ESPÍRITO SANTO,espirito-santo1Sm_Prog001.mp4,espirito-santo1Sm_Prog001.jpg,cg55.jpg,ERRO,video_download_falhou
4183,ESPÍRITO SANTO(ES),espirito-santo2Sm_Prog001.mp4,espirito-santo2Sm_Prog001.jpg,cg32.jpg,ERRO,video_download_falhou
2853,ESPIRRAR,espirrarSm_Prog001.mp4,espirrarSm_Prog001.jpg,cg47.jpg,OK,imagem=ERRO | mao=OK
6475,ESPONJA,esponjaSm_Prog001.mp4,esponjaSm_Prog001.jpg,cg01.jpg,OK,imagem=ERRO | mao=OK
2855,ESPORTE,esporteSm_Prog001.mp4,esporteSm_Prog001.jpg,cg07.jpg,OK,imagem=ERRO | mao=OK
2854,ESPOSA,esposaSm_Prog001.mp4,esposaSm_Prog001.jpg,cg53a.jpg,OK,imagem=ERRO | mao=OK
6476,ESPREGUIÇADEIRA,espreguicadeiraSm_Prog001.mp4,espreguicadeiraSm_Prog001.jpg,cg24.jpg,OK,imagem=ERRO | mao=OK
6477,ESPREMER,espremerSm_Prog001.mp4,espremerSm_Prog001.jpg,cg47.jpg,OK,imagem=ERRO | mao=OK
2856,ESPUMA,espumaSm_Prog001.mp4,espumaSm_Prog001.jpg,cg47.jpg,OK,imagem=ERRO | mao=OK
2857,ESPUMAR,espumarSm_Prog001.mp4,espumarSm_Prog001.jpg,cg47.jpg,OK,imagem=ERRO | mao=OK
2858,ESQUECER,esquecerSm_Prog001.mp4,esquecerSm_Prog001.jpg,cg44.jpg,OK,imagem=ERRO | mao=OK
2859,ESQUELETO,esqueletoSm_Prog001.mp4,esqueletoSm_Prog001.jpg,cg47.jpg,OK,imagem=ERRO | mao=OK
4184,ESQUENTAR,esquentarSm_Prog001.mp4,esquentarSm_Prog001.jpg,cg47.jpg,OK,imagem=ERRO | mao=OK
6179,ESQUERDA,esquerdaSm_Prog001.mp4,esquerdaSm_Prog001.jpg,cg63.jpg,OK,imagem=ERRO | mao=OK
6478,ESQUIAR,esquiarSm_Prog001.mp4,esquiarSm_Prog001.jpg,cg02.jpg,OK,imagem=ERRO | mao=OK
6479,ESQUILO,esquiloSm_Prog001.mp4,esquiloSm_Prog001.jpg,cg18a.jpg,OK,imagem=OK | mao=OK
6480,ESQUIMÓ,esquimoSm_Prog001.mp4,esquimoSm_Prog001.jpg,cg47.jpg,OK,imagem=ERRO | mao=OK
2860,ESQUINA,esquinaSm_Prog001.mp4,esquinaSm_Prog001.jpg,cg53a.jpg,OK,imagem=ERRO | mao=OK
6347,ESQUISITO,esquisitoSm_Prog001.mp4,esquisitoSm_Prog001.jpg,cg35a.jpg,OK,imagem=ERRO | mao=OK
6481,ESSE,esseSm_Prog001.mp4,esseSm_Prog001.jpg,cg14.jpg,OK,imagem=ERRO | mao=OK
4185,ESTABELECIMENTO,estabelecimentoSm_Prog001.mp4,estabelecimentoSm_Prog001.jpg,cg18b.jpg,OK,imagem=ERRO | mao=OK
4186,ESTACA,estacaSm_Prog001.mp4,estacaSm_Prog001.jpg,cg61.jpg,OK,imagem=ERRO | mao=OK
2861,ESTACIONAMENTO,estacionamentoSm_Prog001.mp4,estacionamentoSm_Prog001.jpg,cg31.jpg,OK,imagem=ERRO | mao=OK
6346,ESTADO,estadoSm_Prog001.mp4,estadoSm_Prog001.jpg,cg47.jpg,OK,imagem=ERRO | mao=OK
2862,ESTADOS UNIDOS,estados-unidosSm_Prog001.mp4,estados-unidosSm_Prog001.jpg,cg14.jpg,OK,imagem=ERRO | mao=OK
6482,ESTADUAL,estadualSm_Prog001.mp4,estadualSm_Prog001.jpg,cg06.jpg,OK,imagem=ERRO | mao=OK
2863,ESTÁGIO,estagioSm_Prog001.mp4,estagioSm_Prog001.jpg,cg63.jpg,OK,imagem=ERRO | mao=OK
5180,ESTAMPAR,estamparSm_Prog001.mp4,estamparSm_Prog001.jpg,cg01.jpg,OK,imagem=ERRO | mao=OK
2865,ESTANTE,estanteSm_Prog001.mp4,estanteSm_Prog001.jpg,cg53a.jpg,OK,imagem=ERRO | mao=OK
2866,ESTAR,estarSm_Prog001.mp4,estarSm_Prog001.jpg,cg07.jpg,OK,imagem=ERRO | mao=OK
6483,ESTÁTUA,estatuaSm_Prog001.mp4,estatuaSm_Prog001.jpg,cg07.jpg,OK,imagem=ERRO | mao=OK
2867,ESTATUTO,estatutoSm_Prog001.mp4,estatutoSm_Prog001.jpg,cg06.jpg,OK,imagem=ERRO | mao=OK
6484,ESTE,esteSm_Prog001.mp4,esteSm_Prog001.jpg,cg14.jpg,OK,imagem=ERRO | mao=OK
5181,ESTENDER1,estender1Sm_Prog001.mp4,estender1Sm_Prog001.jpg,cg49.jpg,OK,imagem=ERRO | mao=OK
5182,ESTENDER2,estender2Sm_Prog001.mp4,estender2Sm_Prog001.jpg,cg01.jpg,OK,imagem=ERRO | mao=OK
5183,ESTENDER3,estender3Sm_Prog001.mp4,estender3Sm_Prog001.jpg,cg18a.jpg,OK,imagem=ERRO | mao=OK
5184,ESTENDER4,estender4Sm_Prog001.mp4,estender4Sm_Prog001.jpg,cg49.jpg,OK,imagem=ERRO | mao=OK
6485,ESTETOSCÓPIO,estetoscopioSm_Prog001.mp4,estetoscopioSm_Prog001.jpg,cg15.jpg,OK,imagem=ERRO | mao=OK
6181,ESTICAR1,esticar1Sm_Prog001.mp4,esticar1Sm_Prog001.jpg,cg49.jpg,OK,imagem=ERRO | mao=OK
6182,ESTICAR2,esticar2Sm_Prog001.mp4,esticar2Sm_Prog001.jpg,cg63.jpg,OK,imagem=ERRO | mao=OK
2868,ESTILETE,estileteSm_Prog001.mp4,estileteSm_Prog001.jpg,cg14.jpg,OK,imagem=ERRO | mao=OK
2869,ESTILHAÇAR,estilhacarSm_Prog001.mp4,estilhacarSm_Prog001.jpg,cg64.jpg,OK,imagem=ERRO | mao=OK
2870,ESTOJO,estojoSm_Prog001.mp4,estojoSm_Prog001.jpg,cg05.jpg,OK,imagem=ERRO | mao=OK
6486,ESTÔMAGO,estomagoSm_Prog001.mp4,estomagoSm_Prog001.jpg,cg14.jpg,OK,imagem=ERRO | mao=OK
6487,ESTÓRIA,estoriaSm_Prog001.mp4,estoriaSm_Prog001.jpg,cg32.jpg,OK,imagem=ERRO | mao=OK
6488,ESTOURAR,estourarSm_Prog001.mp4,estourarSm_Prog001.jpg,cg02.jpg,OK,imagem=ERRO | mao=OK
2871,ESTRADA,estradaSm_Prog001.mp4,estradaSm_Prog001.jpg,cg14.jpg,OK,imagem=ERRO | mao=OK
2873,ESTRAGADO,estragadoSm_Prog001.mp4,estragadoSm_Prog001.jpg,cg15.jpg,OK,imagem=ERRO | mao=OK
2872,ESTRAGAR1,estragarSm_Prog001.mp4,estragarSm_Prog001.jpg,cg05.jpg,ERRO,video_download_falhou
5264,ESTRAGAR2,estragar2Sm_Prog001.mp4,estragar2Sm_Prog001.jpg,cg15.jpg,OK,imagem=ERRO | mao=OK
2874,ESTRANGEIRO,estrangeiroSm_Prog001.mp4,estrangeiroSm_Prog001.jpg,cg27.jpg,OK,imagem=ERRO | mao=OK
2875,ESTRANGULAR,estrangularSm_Prog001.mp4,estrangularSm_Prog001.jpg,cg02.jpg,OK,imagem=ERRO | mao=OK
2876,ESTRANHAR,estranharSm_Prog001.mp4,estranharSm_Prog001.jpg,cg35a.jpg,OK,imagem=ERRO | mao=OK
6489,ESTRANHO,estranhoSm_Prog001.mp4,estranhoSm_Prog001.jpg,cg35a.jpg,OK,imagem=ERRO | mao=OK
6183,ESTRATÉGIA,estrategiaSm_Prog001.mp4,estrategiaSm_Prog001.jpg,cg40.jpg,OK,imagem=ERRO | mao=OK
2877,ESTREITO,estreitoSm_Prog001.mp4,estreitoSm_Prog001.jpg,cg63.jpg,OK,imagem=ERRO | mao=OK
2878,ESTRELA,estrelaSm_Prog001.mp4,estrelaSm_Prog001.jpg,cg08b.jpg,OK,imagem=ERRO | mao=OK
6490,ESTRELA-DO-MAR,estrela-do-marSm_Prog001.mp4,estrela-do-marSm_Prog001.jpg,cg64.jpg,OK,imagem=OK | mao=OK
2879,ESTRELADO,estreladoSm_Prog001.mp4,estreladoSm_Prog001.jpg,cg08b.jpg,OK,imagem=ERRO | mao=OK
2880,ESTREMECER1,estremecerSm_Prog001.mp4,estremecerSm_Prog001.jpg,cg64.jpg,ERRO,video_download_falhou
2881,ESTREMECER2,estremecer2Sm_Prog001.mp4,estremecer2Sm_Prog001.jpg,cg64.jpg,OK,imagem=ERRO | mao=OK
2882,ESTUDAR,estudarSm_Prog001.mp4,estudarSm_Prog001.jpg,cg63.jpg,OK,imagem=ERRO | mao=OK
5185,ESTUDOS SOCIAIS,estudos_sociaisSm_Prog001.mp4,estudos_sociaisSm_Prog001.jpg,cg11.jpg,OK,imagem=ERRO | mao=OK
6491,ESTÚPIDO,estupidoSm_Prog001.mp4,estupidoSm_Prog001.jpg,cg42.jpg,OK,imagem=ERRO | mao=OK
6492,ESTUPRAR,estuprarSm_Prog001.mp4,estuprarSm_Prog001.jpg,cg16.jpg,OK,imagem=ERRO | mao=OK
2883,ESTUPRO,estuproSm_Prog001.mp4,estuproSm_Prog001.jpg,cg16.jpg,OK,imagem=ERRO | mao=OK
2884,ESVAZIAR1,esvaziar1Sm_Prog001.mp4,esvaziar1Sm_Prog001.jpg,cg08a.jpg,OK,imagem=ERRO | mao=OK
2885,ESVAZIAR2,esvaziar2Sm_Prog001.mp4,esvaziar2Sm_Prog001.jpg,cg20.jpg,OK,imagem=ERRO | mao=OK
2887,ETERNO,eternoSm_Prog001.mp4,eternoSm_Prog001.jpg,cg13.jpg,OK,imagem=ERRO | mao=OK
2888,ÉTICA1,eticaSm_Prog001.mp4,eticaSm_Prog001.jpg,cg06.jpg,OK,imagem=ERRO | mao=OK
7376,ÉTICA2,etica2Sm_Prog001.mp4,etica2Sm_Prog001.jpg,cg06.jpg,OK,imagem=ERRO | mao=OK
2889,ETIQUETA,etiquetaSm_Prog001.mp4,etiquetaSm_Prog001.jpg,cg02.jpg,OK,imagem=ERRO | mao=OK
5186,ETIQUETAR,etiquetarSm_Prog001.mp4,etiquetarSm_Prog001.jpg,cg07.jpg,OK,imagem=ERRO | mao=OK
2890,EU,euSm_Prog001.mp4,euSm_Prog001.jpg,cg14.jpg,OK,imagem=ERRO | mao=OK
2891,EUROPA,europaSm_Prog001.mp4,europaSm_Prog001.jpg,cg06.jpg,OK,imagem=ERRO | mao=OK
2892,EVACUAR,evacuar1Sm_Prog001.mp4,evacuar1Sm_Prog001.jpg,cg07.jpg,ERRO,video_download_falhou
5263,EVANGELHO,evangelhoSm_Prog001.mp4,evangelhoSm_Prog001.jpg,cg63.jpg,OK,imagem=ERRO | mao=OK
2894,EVANGÉLICO,evangelicoSm_Prog001.mp4,evangelicoSm_Prog001.jpg,cg63.jpg,OK,imagem=ERRO | mao=OK
6184,EVANGELIZAR,evangelizarSm_Prog001.mp4,evangelizarSm_Prog001.jpg,cg40.jpg,OK,imagem=ERRO | mao=OK
6185,EVAPORAR,evaporarSm_Prog001.mp4,evaporarSm_Prog001.jpg,cg45.jpg,OK,imagem=ERRO | mao=OK
2895,EVITAR,evitarSm_Prog001.mp4,evitarSm_Prog001.jpg,cg40.jpg,OK,imagem=ERRO | mao=OK
2896,EVOLUÇÃO,evolucaoSm_Prog001.mp4,evolucaoSm_Prog001.jpg,cg53a.jpg,OK,imagem=ERRO | mao=OK
2897,EXAGERADO,exageradoSm_Prog001.mp4,exageradoSm_Prog001.jpg,cg58.jpg,OK,imagem=ERRO | mao=OK
5187,EXALTAR,exaltarSm_Prog001.mp4,exaltarSm_Prog001.jpg,cg53a.jpg,OK,imagem=ERRO | mao=OK
2898,EXAME1,exame1Sm_Prog001.mp4,exame1Sm_Prog001.jpg,cg29a.jpg,OK,imagem=OK | mao=OK
5177,EXAME2,exame2Sm_Prog001.mp4,exame2Sm_Prog001.jpg,cg53a.jpg,OK,imagem=ERRO | mao=OK
5188,EXAME3,exame3Sm_Prog001.mp4,exame3Sm_Prog001.jpg,cg14.jpg,OK,imagem=ERRO | mao=OK
2899,EXAMINAR,examinarSm_Prog001.mp4,examinarSm_Prog001.jpg,cg14.jpg,OK,imagem=ERRO | mao=OK
2900,EXATO,exatoSm_Prog001.mp4,exatoSm_Prog001.jpg,cg49.jpg,OK,imagem=ERRO | mao=OK
6186,EXAUSTO,exaustoSm_Prog001.mp4,exaustoSm_Prog001.jpg,cg47.jpg,OK,imagem=ERRO | mao=OK
5189,EXCITAR1,excitar1Sm_Prog001.mp4,excitar1Sm_Prog001.jpg,cg02.jpg,OK,imagem=ERRO | mao=OK
5190,EXCITAR2,excitar2Sm_Prog001.mp4,excitar2Sm_Prog001.jpg,cg55.jpg,OK,imagem=ERRO | mao=OK
2901,EXCLUIR1,excluirSm_Prog001.mp4,excluirSm_Prog001.jpg,cg62.jpg,OK,imagem=ERRO | mao=OK
7377,EXCLUIR2,excluir2Sm_Prog001.mp4,excluir2Sm_Prog001.jpg,cg19.jpg,OK,imagem=ERRO | mao=OK
2902,EXCURSÃO,excursaoSm_Prog001.mp4,excursaoSm_Prog001.jpg,cg63.jpg,OK,imagem=ERRO | mao=OK
6493,EXECUTAR,executarSm_Prog001.mp4,executarSm_Prog001.jpg,cg01.jpg,OK,imagem=ERRO | mao=OK
2903,EXEMPLO,exemploSm_Prog001.mp4,exemploSm_Prog001.jpg,cg39.jpg,OK,imagem=ERRO | mao=OK
2904,EXERCÍCIO1,exercicio1Sm_Prog001.mp4,exercicio1Sm_Prog001.jpg,cg19.jpg,OK,imagem=ERRO | mao=OK
2905,EXERCÍCIO2,exercicio2Sm_Prog001.mp4,exercicio2Sm_Prog001.jpg,cg02.jpg,OK,imagem=OK | mao=OK
2906,EXÉRCITO,exercitoSm_Prog001.mp4,exercitoSm_Prog001.jpg,cg24.jpg,OK,imagem=ERRO | mao=OK
2907,EXIBIR,exibirSm_Prog001.mp4,exibirSm_Prog001.jpg,cg14.jpg,OK,imagem=ERRO | mao=OK
2908,EXIGIR,exigirSm_Prog001.mp4,exigirSm_Prog001.jpg,cg05.jpg,OK,imagem=ERRO | mao=OK
6898,EXISTIR1,existirSm_Prog001.mp4,existirSm_Prog001.jpg,cg44.jpg,OK,imagem=ERRO | mao=OK
7174,EXISTIR2,existir2Sm_Prog001.mp4,existir2Sm_Prog001.jpg,cg08a.jpg,OK,imagem=ERRO | mao=OK
2909,EXORTAR,exortarSm_Prog001.mp4,exortarSm_Prog001.jpg,cg61.jpg,OK,imagem=ERRO | mao=OK
6187,EXPANDIR,expandirSm_Prog001.mp4,expandirSm_Prog001.jpg,cg01.jpg,OK,imagem=ERRO | mao=OK
6188,EXPERIÊNCIA,experienciaSm_Prog001.mp4,experienciaSm_Prog001.jpg,cg44.jpg,OK,imagem=ERRO | mao=OK
2910,EXPERIMENTAR,experimentarSm_Prog001.mp4,experimentarSm_Prog001.jpg,cg44.jpg,OK,imagem=ERRO | mao=OK
5191,EXPLANAR,explanarSm_Prog001.mp4,explanarSm_Prog001.jpg,cg02.jpg,OK,imagem=ERRO | mao=OK
2911,EXPLICAR,explicarSm_Prog001.mp4,explicarSm_Prog001.jpg,cg02.jpg,OK,imagem=ERRO | mao=OK
2912,EXPLODIR,explodirSm_Prog001.mp4,explodirSm_Prog001.jpg,cg02.jpg,OK,imagem=ERRO | mao=OK
2913,EXPLORAR,explorarSm_Prog001.mp4,explorarSm_Prog001.jpg,cg32.jpg,OK,imagem=ERRO | mao=OK
2914,EXPOR1,expor1Sm_Prog001.mp4,expor1Sm_Prog001.jpg,cg39.jpg,OK,imagem=ERRO | mao=OK
5178,EXPOR2,expor2Sm_Prog001.mp4,expor2Sm_Prog001.jpg,cg02.jpg,OK,imagem=ERRO | mao=OK
6189,EXPORTAR,exportarSm_Prog001.mp4,exportarSm_Prog001.jpg,cg13.jpg,OK,imagem=ERRO | mao=OK
2915,EXPOSIÇÃO,exposicaoSm_Prog001.mp4,exposicaoSm_Prog001.jpg,cg39.jpg,ERRO,video_download_falhou
2916,EXPRESSÃO,experssaoSm_Prog001.mp4,experssaoSm_Prog001.jpg,cg15.jpg,ERRO,video_download_falhou
2918,EXPULSAR,expulsarSm_Prog001.mp4,expulsarSm_Prog001.jpg,cg02.jpg,OK,imagem=ERRO | mao=OK
6494,EXTENSO,extensoSm_Prog001.mp4,extensoSm_Prog001.jpg,cg49.jpg,OK,imagem=ERRO | mao=OK
6495,EXTERIOR,exteriorSm_Prog001.mp4,exteriorSm_Prog001.jpg,cg63.jpg,OK,imagem=ERRO | mao=OK
2919,EXTERMINAR,exterminarSm_Prog001.mp4,exterminarSm_Prog001.jpg,cg07.jpg,OK,imagem=ERRO | mao=OK
2920,EXTORQUIR,extorquirSm_Prog001.mp4,extorquirSm_Prog001.jpg,cg07.jpg,OK,imagem=ERRO | mao=OK
2921,EXTRAIR1,extrair1Sm_Prog001.mp4,extrair1Sm_Prog001.jpg,cg05.jpg,OK,imagem=ERRO | mao=OK
2922,EXTRAIR2,extrair2Sm_Prog001.mp4,extrair2Sm_Prog001.jpg,cg47.jpg,OK,imagem=ERRO | mao=OK
7378,EXTRAORDINÁRIO,extraordinarioSm_Prog001.mp4,extraordinarioSm_Prog001.jpg,cg01.jpg,ERRO,video_download_falhou
5192,EXTRAVIAR,extraviarSm_Prog001.mp4,extraviarSm_Prog001.jpg,cg63.jpg,OK,imagem=ERRO | mao=OK
7054,F,fSm_Prog001.mp4,fSm_Prog001.jpg,cg54.jpg,OK,imagem=ERRO | mao=OK
5777,FÃ,faSm_Prog001.mp4,faSm_Prog001.jpg,cg01.jpg,OK,imagem=ERRO | mao=OK
2924,FÁBRICA,fabricaSm_Prog001.mp4,fabricaSm_Prog001.jpg,cg02.jpg,OK,imagem=ERRO | mao=OK
2925,FÁBULA1,fabulaSm_Prog001.mp4,fabulaSm_Prog001.jpg,cg32.jpg,ERRO,video_download_falhou
2926,FACA,facaSm_Prog001.mp4,facaSm_Prog001.jpg,cg24.jpg,OK,imagem=ERRO | mao=OK
5021,FACADA,facadaSm_Prog001.mp4,facadaSm_Prog001.jpg,cg02.jpg,OK,imagem=ERRO | mao=OK
2927,FACE,faceSm_Prog001.mp4,faceSm_Prog001.jpg,cg14.jpg,OK,imagem=ERRO | mao=OK
5779,FACE A FACE,face_a_faceSm_Prog001.mp4,face_a_faceSm_Prog001.jpg,cg64.jpg,OK,imagem=ERRO | mao=OK
5022,FÁCIL2,facil3Sm_Prog001.mp4,facil3Sm_Prog001.jpg,cg63.jpg,OK,imagem=ERRO | mao=OK
2929,FACILITAR,facilitar1Sm_Prog001.mp4,facilitar1Sm_Prog001.jpg,cg63.jpg,ERRO,video_download_falhou
2931,FACULDADE,faculdadeSm_Prog001.mp4,faculdadeSm_Prog001.jpg,cg54.jpg,OK,imagem=ERRO | mao=OK
2932,FADA,fadaSm_Prog001.mp4,fadaSm_Prog001.jpg,cg05.jpg,OK,imagem=ERRO | mao=OK
2933,FAIXA,faixaSm_Prog001.mp4,faixaSm_Prog001.jpg,cg18b.jpg,OK,imagem=ERRO | mao=OK
2934,FALANTE,falanteSm_Prog001.mp4,falanteSm_Prog001.jpg,cg49.jpg,OK,imagem=ERRO | mao=OK
2937,FALAR1,falar1Sm_Prog001.mp4,falar1Sm_Prog001.jpg,cg11.jpg,OK,imagem=ERRO | mao=OK
2938,FALAR2,falar2Sm_Prog001.mp4,falar2Sm_Prog001.jpg,cg40.jpg,OK,imagem=ERRO | mao=OK
6670,FALAR3,falar3Sm_Prog001.mp4,falar3Sm_Prog001.jpg,cg14.jpg,OK,imagem=ERRO | mao=OK
5786,FALCÃO,falcaoSm_Prog001.mp4,falcaoSm_Prog001.jpg,cg28.jpg,OK,imagem=OK | mao=OK
2940,FALECIMENTO,falecimentoSm_Prog001.mp4,falecimentoSm_Prog001.jpg,cg61.jpg,OK,imagem=ERRO | mao=OK
5025,FALHA,falhar2Sm_Prog001.mp4,falhar2Sm_Prog001.jpg,cg14.jpg,ERRO,video_download_falhou
2941,FALHAR,falhar1Sm_Prog001.mp4,falhar1Sm_Prog001.jpg,cg40.jpg,OK,imagem=ERRO | mao=OK
2942,FALIR1,falir1Sm_Prog001.mp4,falir1Sm_Prog001.jpg,cg64.jpg,OK,imagem=ERRO | mao=OK
6999,FALIR2,falir2Sm_Prog001.mp4,falir2Sm_Prog001.jpg,cg02.jpg,OK,imagem=ERRO | mao=OK
2943,FALSO1,falso1Sm_Prog001.mp4,falso1Sm_Prog001.jpg,cg63.jpg,OK,imagem=ERRO | mao=OK
2945,FALSO2,falso2Sm_Prog001.mp4,falso2Sm_Prog001.jpg,cg61.jpg,OK,imagem=ERRO | mao=OK
6909,FALSO3,falso3Sm_Prog001.mp4,falso3Sm_Prog001.jpg,cg15.jpg,OK,imagem=ERRO | mao=OK
5026,FALTAR1,faltar1Sm_Prog001.mp4,faltar1Sm_Prog001.jpg,cg44.jpg,OK,imagem=ERRO | mao=OK
2946,FALTAR2,faltar2Sm_Prog001.mp4,faltar2Sm_Prog001.jpg,cg54.jpg,OK,imagem=ERRO | mao=OK
7380,FALTAR3,faltar3Sm_Prog001.mp4,faltar3Sm_Prog001.jpg,cg40.jpg,OK,imagem=ERRO | mao=OK
2947,FAMÍLIA,familiaSm_Prog001.mp4,familiaSm_Prog001.jpg,cg54.jpg,OK,imagem=ERRO | mao=OK
2948,FAMOSO,famosoSm_Prog001.mp4,famosoSm_Prog001.jpg,cg53a.jpg,OK,imagem=ERRO | mao=OK
2949,FANTASIAR1,fantasiar1Sm_Prog001.mp4,fantasiar1Sm_Prog001.jpg,cg64.jpg,OK,imagem=ERRO | mao=OK
2950,FANTASIAR2,fantasiar2Sm_Prog001.mp4,fantasiar2Sm_Prog001.jpg,cg57.jpg,OK,imagem=ERRO | mao=OK
2951,FANTASMA,fantasmaSm_Prog001.mp4,fantasmaSm_Prog001.jpg,cg57.jpg,OK,imagem=ERRO | mao=OK
5027,FAQUEIRO,faqueiroSm_Prog001.mp4,faqueiroSm_Prog001.jpg,cg24.jpg,OK,imagem=ERRO | mao=OK
2952,FARAÓ,faraoSm_Prog001.mp4,faraoSm_Prog001.jpg,cg31.jpg,OK,imagem=ERRO | mao=OK
5028,FAREJAR,farejarSm_Prog001.mp4,farejarSm_Prog001.jpg,cg57.jpg,OK,imagem=ERRO | mao=OK
5788,FARINGE,faringeSm_Prog001.mp4,faringeSm_Prog001.jpg,cg21.jpg,OK,imagem=ERRO | mao=OK
2953,FARINHA DE ROSCA,farinha-de-roscaSm_Prog001.mp4,farinha-de-roscaSm_Prog001.jpg,cg45.jpg,OK,imagem=ERRO | mao=OK
2954,FARINHA DE TRIGO,farinha_de_trigoSm_Prog001.mp4,farinha_de_trigoSm_Prog001.jpg,cg45.jpg,OK,imagem=ERRO | mao=OK
2955,FARMÁCIA,farmaciaSm_Prog001.mp4,farmaciaSm_Prog001.jpg,cg02.jpg,OK,imagem=OK | mao=OK
2956,FAROFA,farofaSm_Prog001.mp4,farofaSm_Prog001.jpg,cg45.jpg,OK,imagem=ERRO | mao=OK
2957,FAROL1,farol1Sm_Prog001.mp4,farol1Sm_Prog001.jpg,cg57.jpg,OK,imagem=ERRO | mao=OK
2958,FAROL2,farol2Sm_Prog001.mp4,farol2Sm_Prog001.jpg,cg57.jpg,OK,imagem=ERRO | mao=OK
2959,FARRA,farraSm_Prog001.mp4,farraSm_Prog001.jpg,cg63.jpg,OK,imagem=ERRO | mao=OK
5029,FARTO,fartoSm_Prog001.mp4,fartoSm_Prog001.jpg,cg61.jpg,OK,imagem=ERRO | mao=OK
7381,FARTO2,farto2Sm_Prog001.mp4,farto2Sm_Prog001.jpg,cg62.jpg,OK,imagem=ERRO | mao=OK
7382,FATIAR,fatiarSm_Prog001.mp4,fatiarSm_Prog001.jpg,cg62.jpg,OK,imagem=ERRO | mao=OK
2960,FATURAR,faturarSm_Prog001.mp4,faturarSm_Prog001.jpg,cg02.jpg,OK,imagem=ERRO | mao=OK
2961,FAVELA1,favelaSm_Prog001.mp4,favelaSm_Prog001.jpg,cg64.jpg,OK,imagem=ERRO | mao=OK
7383,FAVELA2,favela2Sm_Prog001.mp4,favela2Sm_Prog001.jpg,cg53b.jpg,OK,imagem=ERRO | mao=OK
2962,FAVOR1,favor1Sm_Prog001.mp4,favor1Sm_Prog001.jpg,cg63.jpg,OK,imagem=ERRO | mao=OK
2963,FAVOR2,favor2Sm_Prog001.mp4,favor2Sm_Prog001.jpg,cg63.jpg,OK,imagem=ERRO | mao=OK
2964,FAVOR3,favor3Sm_Prog001.mp4,favor3Sm_Prog001.jpg,cg63.jpg,OK,imagem=ERRO | mao=OK
7005,FAVORITO1,favorito2Sm_Prog001.mp4,favorito2Sm_Prog001.jpg,cg51b.jpg,OK,imagem=ERRO | mao=OK
7006,FAVORITO2,favorito3Sm_Prog001.mp4,favorito3Sm_Prog001.jpg,cg08a.jpg,OK,imagem=ERRO | mao=OK
2967,FAX1,fax1Sm_Prog001.mp4,fax1Sm_Prog001.jpg,cg54.jpg,OK,imagem=ERRO | mao=OK
2966,FAX2,fax2Sm_Prog001.mp4,fax2Sm_Prog001.jpg,cg63.jpg,OK,imagem=ERRO | mao=OK
5031,FAXINA,faxinaSm_Prog001.mp4,faxinaSm_Prog001.jpg,cg01.jpg,OK,imagem=OK | mao=OK
2968,FAXINEIRO,faxineiroSm_Prog001.mp4,faxineiroSm_Prog001.jpg,cg02.jpg,OK,imagem=ERRO | mao=OK
2969,FAZENDA1,fazendaSm_Prog001.mp4,fazendaSm_Prog001.jpg,cg40.jpg,OK,imagem=ERRO | mao=OK
7384,FAZENDA2,fazenda2Sm_Prog001.mp4,fazenda2Sm_Prog001.jpg,cg20.jpg,OK,imagem=ERRO | mao=OK
2971,FAZER,fazerSm_Prog001.mp4,fazerSm_Prog001.jpg,cg39.jpg,OK,imagem=ERRO | mao=OK
2972,FÉ1,feSm_Prog001.mp4,feSm_Prog001.jpg,cg06.jpg,ERRO,video_download_falhou
2973,FEBRE,febreSm_Prog001.mp4,febreSm_Prog001.jpg,cg61.jpg,OK,imagem=OK | mao=OK
2976,FECHADO1,fechadoSm_Prog001.mp4,fechadoSm_Prog001.jpg,cg02.jpg,ERRO,video_download_falhou
7386,FECHADO2,fechado2Sm_Prog001.mp4,fechado2Sm_Prog001.jpg,cg05.jpg,OK,imagem=ERRO | mao=OK
2974,FECHADURA,fechaduraSm_Prog001.mp4,fechaduraSm_Prog001.jpg,cg05.jpg,OK,imagem=ERRO | mao=OK
2975,FECHAR1,fechar1Sm_Prog001.mp4,fechar1Sm_Prog001.jpg,cg61.jpg,OK,imagem=ERRO | mao=OK
6908,FECHAR2,fechar-tampaSm_Prog001.mp4,fechar-tampaSm_Prog001.jpg,cg63.jpg,ERRO,video_download_falhou
2978,FEDERAÇÃO,federacaoSm_Prog001.mp4,federacaoSm_Prog001.jpg,cg54.jpg,OK,imagem=ERRO | mao=OK
5792,FEDERAL,federalSm_Prog001.mp4,federalSm_Prog001.jpg,cg54.jpg,OK,imagem=ERRO | mao=OK
2979,FEDOR1,fedor1Sm_Prog001.mp4,fedor1Sm_Prog001.jpg,cg16.jpg,OK,imagem=ERRO | mao=OK
2980,FEDOR2,fedor2Sm_Prog001.mp4,fedor2Sm_Prog001.jpg,cg16.jpg,OK,imagem=ERRO | mao=OK
2981,FEIJÃO,feijaoSm_Prog001.mp4,feijaoSm_Prog001.jpg,cg42.jpg,OK,imagem=ERRO | mao=OK
5032,FEIJOADA,feijoadaSm_Prog001.mp4,feijoadaSm_Prog001.jpg,cg42.jpg,OK,imagem=ERRO | mao=OK
2982,FEIO,feioSm_Prog001.mp4,feioSm_Prog001.jpg,cg08a.jpg,OK,imagem=ERRO | mao=OK
2983,FEIRA,feiraSm_Prog001.mp4,feiraSm_Prog001.jpg,cg47.jpg,OK,imagem=ERRO | mao=OK
5033,FEITICEIRA,feiticeiraSm_Prog001.mp4,feiticeiraSm_Prog001.jpg,cg51b.jpg,OK,imagem=ERRO | mao=OK
5793,FELAÇÃO,felacaoSm_Prog001.mp4,felacaoSm_Prog001.jpg,cg45.jpg,OK,imagem=ERRO | mao=OK
2984,FELIZ1,felizSm_Prog001.mp4,felizSm_Prog001.jpg,cg64.jpg,ERRO,video_download_falhou
7387,FELIZ2,feliz2Sm_Prog001.mp4,feliz2Sm_Prog001.jpg,cg54.jpg,OK,imagem=ERRO | mao=OK
5034,FELIZARDO,felizardoSm_Prog001.mp4,felizardoSm_Prog001.jpg,cg08a.jpg,ERRO,video_download_falhou
5797,FÊMEA,femeaSm_Prog001.mp4,femeaSm_Prog001.jpg,cg07.jpg,OK,imagem=ERRO | mao=OK
2986,FEMININO,femininoSm_Prog001.mp4,femininoSm_Prog001.jpg,cg07.jpg,ERRO,video_download_falhou
5798,FÊMUR,femurSm_Prog001.mp4,femurSm_Prog001.jpg,cg18a.jpg,ERRO,video_download_falhou
2987,FERIADO,feriadoSm_Prog001.mp4,feriadoSm_Prog001.jpg,cg64.jpg,OK,imagem=ERRO | mao=OK
2988,FÉRIAS,feriasSm_Prog001.mp4,feriasSm_Prog001.jpg,cg54.jpg,OK,imagem=ERRO | mao=OK
5035,FERIDA,feridaSm_Prog001.mp4,feridaSm_Prog001.jpg,cg53a.jpg,ERRO,video_download_falhou
5036,FERIMENTO,ferimentoSm_Prog001.mp4,ferimentoSm_Prog001.jpg,cg63.jpg,OK,imagem=ERRO | mao=OK
2989,FERIR,ferirSm_Prog001.mp4,ferirSm_Prog001.jpg,cg53a.jpg,OK,imagem=ERRO | mao=OK
2990,FERMENTO,fermentoSm_Prog001.mp4,fermentoSm_Prog001.jpg,cg47.jpg,OK,imagem=ERRO | mao=OK
5804,FEROZ,ferozSm_Prog001.mp4,ferozSm_Prog001.jpg,cg47.jpg,OK,imagem=ERRO | mao=OK
5038,FERRAMENTA,ferramentaSm_Prog001.mp4,ferramentaSm_Prog001.jpg,cg28.jpg,OK,imagem=ERRO | mao=OK
2991,FERRO,ferroSm_Prog001.mp4,ferroSm_Prog001.jpg,cg40.jpg,OK,imagem=OK | mao=OK
2992,FERRO ELÉTRICO,ferro-eletricoSm_Prog001.mp4,ferro-eletricoSm_Prog001.jpg,cg02.jpg,OK,imagem=ERRO | mao=OK
2993,FERROADA,ferroadaSm_Prog001.mp4,ferroadaSm_Prog001.jpg,cg20.jpg,OK,imagem=ERRO | mao=OK
2994,FERRUGEM,ferrugemSm_Prog001.mp4,ferrugemSm_Prog001.jpg,cg46a.jpg,OK,imagem=ERRO | mao=OK
2995,FERVER,ferverSm_Prog001.mp4,ferverSm_Prog001.jpg,cg47.jpg,OK,imagem=ERRO | mao=OK
5039,FERVILHAR,fervilharSm_Prog001.mp4,fervilharSm_Prog001.jpg,cg47.jpg,OK,imagem=ERRO | mao=OK
2997,FESTA,festaSm_Prog001.mp4,festaSm_Prog001.jpg,cg40.jpg,OK,imagem=ERRO | mao=OK
2996,FESTA JUNINA,festa-juninaSm_Prog001.mp4,festa-juninaSm_Prog001.jpg,cg40.jpg,ERRO,video_download_falhou
2998,FESTEJAR,festejarSm_Prog001.mp4,festejarSm_Prog001.jpg,cg40.jpg,OK,imagem=ERRO | mao=OK
2999,FESTIVAL,festivalSm_Prog001.mp4,festivalSm_Prog001.jpg,cg64.jpg,ERRO,video_download_falhou
3001,FEVEREIRO,fevereiroSm_Prog001.mp4,fevereiroSm_Prog001.jpg,cg54.jpg,OK,imagem=ERRO | mao=OK
3002,FEZES,fezesSm_Prog001.mp4,fezesSm_Prog001.jpg,cg01.jpg,OK,imagem=ERRO | mao=OK
3005,FICAR1,ficar1Sm_Prog001.mp4,ficar1Sm_Prog001.jpg,cg07.jpg,OK,imagem=ERRO | mao=OK
3006,FICAR2,ficar2Sm_Prog001.mp4,ficar2Sm_Prog001.jpg,cg39.jpg,OK,imagem=ERRO | mao=OK
3007,FICAR3,ficar3Sm_Prog001.mp4,ficar3Sm_Prog001.jpg,cg63.jpg,OK,imagem=ERRO | mao=OK
3008,FICHA1,ficha1Sm_Prog001.mp4,ficha1Sm_Prog001.jpg,cg49.jpg,OK,imagem=ERRO | mao=OK
3009,FICHA2,ficha2Sm_Prog001.mp4,ficha2Sm_Prog001.jpg,cg05.jpg,OK,imagem=ERRO | mao=OK
3010,FICHÁRIO1,fichario1Sm_Prog001.mp4,fichario1Sm_Prog001.jpg,cg46b.jpg,OK,imagem=ERRO | mao=OK
7000,FICHÁRIO2,fichario2Sm_Prog001.mp4,fichario2Sm_Prog001.jpg,cg63.jpg,OK,imagem=ERRO | mao=OK
3011,FIEL,fielSm_Prog001.mp4,fielSm_Prog001.jpg,cg63.jpg,OK,imagem=ERRO | mao=OK
5043,FIGA,figaSm_Prog001.mp4,figaSm_Prog001.jpg,cg03.jpg,OK,imagem=ERRO | mao=OK
3012,FÍGADO,figadoSm_Prog001.mp4,figadoSm_Prog001.jpg,cg35a.jpg,OK,imagem=ERRO | mao=OK
5822,FIGO,figoSm_Prog001.mp4,figoSm_Prog001.jpg,cg45.jpg,OK,imagem=OK | mao=OK
5044,FIGURA,figuraSm_Prog001.mp4,figuraSm_Prog001.jpg,cg27.jpg,OK,imagem=ERRO | mao=OK
3014,FIGURINHA,figurinhaSm_Prog001.mp4,figurinhaSm_Prog001.jpg,cg24.jpg,OK,imagem=ERRO | mao=OK
3015,FILA,filaSm_Prog001.mp4,filaSm_Prog001.jpg,cg58.jpg,OK,imagem=ERRO | mao=OK
3016,FILHO,filhoSm_Prog001.mp4,filhoSm_Prog001.jpg,cg57.jpg,OK,imagem=ERRO | mao=OK
5824,FILHOTE,filhoteSm_Prog001.mp4,filhoteSm_Prog001.jpg,cg57.jpg,OK,imagem=OK | mao=OK
3017,FILIAR,filiarSm_Prog001.mp4,filiarSm_Prog001.jpg,cg15.jpg,OK,imagem=ERRO | mao=OK
3018,FILMADORA,filmadoraSm_Prog001.mp4,filmadoraSm_Prog001.jpg,cg05.jpg,OK,imagem=ERRO | mao=OK
3019,FILMAR,filmarSm_Prog001.mp4,filmarSm_Prog001.jpg,cg05.jpg,OK,imagem=ERRO | mao=OK
3020,FILME1,filme1Sm_Prog001.mp4,filme1Sm_Prog001.jpg,cg64.jpg,OK,imagem=ERRO | mao=OK
3021,FILME2,filme2Sm_Prog001.mp4,filme2Sm_Prog001.jpg,cg14.jpg,OK,imagem=ERRO | mao=OK
3022,FILOSOFIA,filosofiaSm_Prog001.mp4,filosofiaSm_Prog001.jpg,cg58.jpg,OK,imagem=ERRO | mao=OK
3023,FIM,fimSm_Prog001.mp4,fimSm_Prog001.jpg,cg54.jpg,OK,imagem=ERRO | mao=OK
3024,FINAL,finalSm_Prog001.mp4,finalSm_Prog001.jpg,cg53a.jpg,OK,imagem=ERRO | mao=OK
6910,FINALMENTE,finalmenteSm_Prog001.mp4,finalmenteSm_Prog001.jpg,cg14.jpg,OK,imagem=ERRO | mao=OK
5825,FINCAR,fincarSm_Prog001.mp4,fincarSm_Prog001.jpg,cg02.jpg,OK,imagem=ERRO | mao=OK
5826,FINDAR,findarSm_Prog001.mp4,findarSm_Prog001.jpg,cg64.jpg,OK,imagem=ERRO | mao=OK
3025,FINGIR,fingirSm_Prog001.mp4,fingirSm_Prog001.jpg,cg35a.jpg,OK,imagem=ERRO | mao=OK
7388,FINLANDES,finlandesSm_Prog001.mp4,finlandesSm_Prog001.jpg,cg15.jpg,OK,imagem=ERRO | mao=OK
3893,FINLÂNDIA,finlândiaSm_Prog001.mp4,finlândiaSm_Prog001.jpg,cg15.jpg,ERRO,video_download_falhou
3026,FINO1,fino1Sm_Prog001.mp4,fino1Sm_Prog001.jpg,cg34.jpg,OK,imagem=ERRO | mao=OK
3027,FINO2,fino2Sm_Prog001.mp4,fino2Sm_Prog001.jpg,cg40.jpg,OK,imagem=ERRO | mao=OK
3028,FINO3,fino3Sm_Prog001.mp4,fino3Sm_Prog001.jpg,cg49.jpg,OK,imagem=ERRO | mao=OK
3029,FINO4,fino4Sm_Prog001.mp4,fino4Sm_Prog001.jpg,cg55.jpg,OK,imagem=ERRO | mao=OK
6861,FINO5,fino5Sm_Prog001.mp4,fino5Sm_Prog001.jpg,cg49.jpg,OK,imagem=ERRO | mao=OK
3030,FIO DENTAL1,fio-dental1Sm_Prog001.mp4,fio-dental1Sm_Prog001.jpg,cg55.jpg,OK,imagem=OK | mao=OK
3032,FIO ELÉTRICO,fio-eletrico1Sm_Prog001.mp4,fio-eletrico1Sm_Prog001.jpg,cg39.jpg,ERRO,video_download_falhou
5827,FIRMA,firmaSm_Prog001.mp4,firmaSm_Prog001.jpg,cg08a.jpg,OK,imagem=ERRO | mao=OK
5828,FIRMAMENTO,firmamentoSm_Prog001.mp4,firmamentoSm_Prog001.jpg,cg63.jpg,OK,imagem=OK | mao=OK
3033,FIRME1,firme1Sm_Prog001.mp4,firme1Sm_Prog001.jpg,cg02.jpg,OK,imagem=ERRO | mao=OK
5049,FIRME2,firme2Sm_Prog001.mp4,firme2Sm_Prog001.jpg,cg05.jpg,OK,imagem=ERRO | mao=OK
3034,FISCAL,fiscalSm_Prog001.mp4,fiscalSm_Prog001.jpg,cg05.jpg,OK,imagem=ERRO | mao=OK
5829,FISCALIZAR,fiscalizarSm_Prog001.mp4,fiscalizarSm_Prog001.jpg,cg14.jpg,OK,imagem=ERRO | mao=OK
3035,FÍSICA,fisicaSm_Prog001.mp4,fisicaSm_Prog001.jpg,cg54.jpg,OK,imagem=ERRO | mao=OK
5830,FISIONOMIA,fisionomiaSm_Prog001.mp4,fisionomiaSm_Prog001.jpg,cg14.jpg,OK,imagem=ERRO | mao=OK
7389,FISIOTERAPEUTA,fisioterapeutaSm_Prog001.mp4,fisioterapeutaSm_Prog001.jpg,cg50.jpg,OK,imagem=ERRO | mao=OK
5050,FISIOTERAPIA,fisioterapeutaSm_Prog001.mp4,fisioterapeutaSm_Prog001.jpg,cg50.jpg,OK,imagem=ERRO | mao=OK
3036,FITA ADESIVA,fita-adesivaSm_Prog001.mp4,fita-adesivaSm_Prog001.jpg,cg07.jpg,ERRO,video_download_falhou
3037,FIXO,fixoSm_Prog001.mp4,fixoSm_Prog001.jpg,cg32.jpg,OK,imagem=ERRO | mao=OK
3038,FLAGRAR1,flagrarSm_Prog001.mp4,flagrarSm_Prog001.jpg,cg14.jpg,ERRO,video_download_falhou
7541,FLAGRAR2,flagrar2Sm_Prog001.mp4,flagrar2Sm_Prog001.jpg,cg28.jpg,OK,imagem=ERRO | mao=OK
6621,FLASH,flashSm_Prog001.mp4,flashSm_Prog001.jpg,cg57.jpg,OK,imagem=ERRO | mao=OK
3039,FLAUTA,flautaSm_Prog001.mp4,flautaSm_Prog001.jpg,cg50.jpg,OK,imagem=ERRO | mao=OK
3040,FLECHA,flechaSm_Prog001.mp4,flechaSm_Prog001.jpg,cg33.jpg,OK,imagem=ERRO | mao=OK
5845,FLERTAR,flertarSm_Prog001.mp4,flertarSm_Prog001.jpg,cg32.jpg,OK,imagem=ERRO | mao=OK
3042,FLOR,florSm_Prog001.mp4,florSm_Prog001.jpg,cg54.jpg,OK,imagem=OK | mao=OK
3043,FLORESCER,florescerSm_Prog001.mp4,florescerSm_Prog001.jpg,cg57.jpg,OK,imagem=ERRO | mao=OK
3044,FLORESTA,florestaSm_Prog001.mp4,florestaSm_Prog001.jpg,cg47.jpg,OK,imagem=OK | mao=OK
5051,FLORIANÓPOLIS,florianopolisSm_Prog001.mp4,florianopolisSm_Prog001.jpg,cg32.jpg,OK,imagem=ERRO | mao=OK
3045,FLUENTE1,fluente1Sm_Prog001.mp4,fluente1Sm_Prog001.jpg,cg49.jpg,OK,imagem=ERRO | mao=OK
6622,FLUENTE2,fluente2Sm_Prog001.mp4,fluente2Sm_Prog001.jpg,cg64.jpg,OK,imagem=ERRO | mao=OK
3046,FLUTUAR,flutuarSm_Prog001.mp4,flutuarSm_Prog001.jpg,cg64.jpg,OK,imagem=ERRO | mao=OK
3047,FOCA,focaSm_Prog001.mp4,focaSm_Prog001.jpg,cg02.jpg,OK,imagem=OK | mao=OK
6907,FOFINHO,fofinhoSm_Prog001.mp4,fofinhoSm_Prog001.jpg,cg49.jpg,OK,imagem=ERRO | mao=OK
5871,FOFO,fofoSm_Prog001.mp4,fofoSm_Prog001.jpg,cg46a.jpg,OK,imagem=ERRO | mao=OK
6791,FOFOCAR1,fofocar1Sm_Prog001.mp4,fofocar1Sm_Prog001.jpg,cg54.jpg,OK,imagem=ERRO | mao=OK
6792,FOFOCAR2,fofocar2Sm_Prog001.mp4,fofocar2Sm_Prog001.jpg,cg32.jpg,OK,imagem=ERRO | mao=OK
3049,FOFOQUEIRO,fofoqueiroSm_Prog001.mp4,fofoqueiroSm_Prog001.jpg,cg54.jpg,OK,imagem=ERRO | mao=OK
3050,FOGÃO,fogaoSm_Prog001.mp4,fogaoSm_Prog001.jpg,cg47.jpg,OK,imagem=ERRO | mao=OK
3051,FOGO,fogoSm_Prog001.mp4,fogoSm_Prog001.jpg,cg47.jpg,OK,imagem=ERRO | mao=OK
3052,FOGOS DE ARTIFÍCIO,fogos_de_artificiosSm_Prog001.mp4,fogos_de_artificiosSm_Prog001.jpg,cg05.jpg,ERRO,video_download_falhou
5872,FOGOSO,fogosoSm_Prog001.mp4,fogosoSm_Prog001.jpg,cg47.jpg,OK,imagem=ERRO | mao=OK
5879,FOGUEIRA,fogueiraSm_Prog001.mp4,fogueiraSm_Prog001.jpg,cg47.jpg,OK,imagem=ERRO | mao=OK
3053,FOGUETE,fogueteSm_Prog001.mp4,fogueteSm_Prog001.jpg,cg14.jpg,OK,imagem=ERRO | mao=OK
3054,FOLGA1,folgaSm_Prog001.mp4,folgaSm_Prog001.jpg,cg62.jpg,ERRO,video_download_falhou
7391,FOLGA2,folga2Sm_Prog001.mp4,folga2Sm_Prog001.jpg,cg62.jpg,OK,imagem=ERRO | mao=OK
3056,FOLGADO1,folgado1Sm_Prog001.mp4,folgado1Sm_Prog001.jpg,cg35a.jpg,OK,imagem=ERRO | mao=OK
3055,FOLGADO2,folgado2Sm_Prog001.mp4,folgado2Sm_Prog001.jpg,cg53a.jpg,OK,imagem=ERRO | mao=OK
3057,FOLHA1,folha1Sm_Prog001.mp4,folha1Sm_Prog001.jpg,cg18a.jpg,OK,imagem=ERRO | mao=OK
3058,FOLHA2,folha2Sm_Prog001.mp4,folha2Sm_Prog001.jpg,cg08a.jpg,OK,imagem=ERRO | mao=OK
3059,FOME,fomeSm_Prog001.mp4,fomeSm_Prog001.jpg,cg53a.jpg,OK,imagem=ERRO | mao=OK
3060,FONE,foneSm_Prog001.mp4,foneSm_Prog001.jpg,cg21.jpg,OK,imagem=ERRO | mao=OK
3061,FONOAUDIÓLOGO,fonoaudiologoSm_Prog001.mp4,fonoaudiologoSm_Prog001.jpg,cg47.jpg,OK,imagem=ERRO | mao=OK
5887,FONTE,fonteSm_Prog001.mp4,fonteSm_Prog001.jpg,cg64.jpg,OK,imagem=OK | mao=OK
3062,FORA1,fora1Sm_Prog001.mp4,fora1Sm_Prog001.jpg,cg52.jpg,OK,imagem=ERRO | mao=OK
6623,FORA2,fora2Sm_Prog001.mp4,fora2Sm_Prog001.jpg,cg14.jpg,OK,imagem=ERRO | mao=OK
5899,FORÇAR,forcarSm_Prog001.mp4,forcarSm_Prog001.jpg,cg61.jpg,ERRO,video_download_falhou
5900,FORMAR,formarSm_Prog001.mp4,formarSm_Prog001.jpg,cg57.jpg,OK,imagem=ERRO | mao=OK
3064,FORMATURA,formaturaSm_Prog001.mp4,formaturaSm_Prog001.jpg,cg57.jpg,ERRO,video_download_falhou
3065,FORMIGA,formigaSm_Prog001.mp4,formigaSm_Prog001.jpg,cg21.jpg,OK,imagem=OK | mao=OK
5055,FORMIGAR,formigarSm_Prog001.mp4,formigarSm_Prog001.jpg,cg46a.jpg,OK,imagem=ERRO | mao=OK
3067,FORNO,fornoSm_Prog001.mp4,fornoSm_Prog001.jpg,cg63.jpg,OK,imagem=ERRO | mao=OK
3068,FORTALECER,fortalecerSm_Prog001.mp4,fortalecerSm_Prog001.jpg,cg02.jpg,OK,imagem=ERRO | mao=OK
5057,FORTALEZA,fortalezaSm_Prog001.mp4,fortalezaSm_Prog001.jpg,cg28.jpg,OK,imagem=ERRO | mao=OK
3069,FORTE1,forte1Sm_Prog001.mp4,forte1Sm_Prog001.jpg,cg02.jpg,OK,imagem=ERRO | mao=OK
3070,FORTE2,forte2Sm_Prog001.mp4,forte2Sm_Prog001.jpg,cg02.jpg,OK,imagem=ERRO | mao=OK
3071,FORTE3,forte3Sm_Prog001.mp4,forte3Sm_Prog001.jpg,cg32.jpg,OK,imagem=ERRO | mao=OK
5905,FORTUNA,fortunaSm_Prog001.mp4,fortunaSm_Prog001.jpg,cg20.jpg,OK,imagem=ERRO | mao=OK
3072,FÓSFORO,fosforoSm_Prog001.mp4,fosforoSm_Prog001.jpg,cg20.jpg,OK,imagem=ERRO | mao=OK
5058,FOTO,fotoSm_Prog001.mp4,fotoSm_Prog001.jpg,cg57.jpg,OK,imagem=ERRO | mao=OK
3073,FOTOGRAFAR1,fotografar1Sm_Prog001.mp4,fotografar1Sm_Prog001.jpg,cg18a.jpg,OK,imagem=ERRO | mao=OK
3074,FOTOGRAFAR2,fotografar2Sm_Prog001.mp4,fotografar2Sm_Prog001.jpg,cg57.jpg,OK,imagem=ERRO | mao=OK
3075,FOTOGRAFIA,fotografiaSm_Prog001.mp4,fotografiaSm_Prog001.jpg,cg57.jpg,OK,imagem=ERRO | mao=OK
3077,FRACO,fracoSm_Prog001.mp4,fracoSm_Prog001.jpg,cg44.jpg,OK,imagem=ERRO | mao=OK
3078,FRAGMENTOS,fragmentosSm_Prog001.mp4,fragmentosSm_Prog001.jpg,cg64.jpg,OK,imagem=ERRO | mao=OK
5909,FRAGRÂNCIA,fragranciaSm_Prog001.mp4,fragranciaSm_Prog001.jpg,cg57.jpg,OK,imagem=ERRO | mao=OK
3079,FRALDA,fraldaSm_Prog001.mp4,fraldaSm_Prog001.jpg,cg63.jpg,OK,imagem=ERRO | mao=OK
3894,FRANÇA,francaSm_Prog001.mp4,francaSm_Prog001.jpg,cg54.jpg,OK,imagem=ERRO | mao=OK
7392,FRANCÊS,francesSm_Prog001.mp4,francesSm_Prog001.jpg,cg54.jpg,OK,imagem=ERRO | mao=OK
5059,FRANCO,francoSm_Prog001.mp4,francoSm_Prog001.jpg,cg34.jpg,OK,imagem=ERRO | mao=OK
3080,FRANGO,frangoSm_Prog001.mp4,frangoSm_Prog001.jpg,cg64.jpg,OK,imagem=OK | mao=OK
3081,FRASE,fraseSm_Prog001.mp4,fraseSm_Prog001.jpg,cg55.jpg,OK,imagem=ERRO | mao=OK
3082,FRATURAR,fraturarSm_Prog001.mp4,fraturarSm_Prog001.jpg,cg02.jpg,OK,imagem=ERRO | mao=OK
6196,FRAUDAR,fraudarSm_Prog001.mp4,fraudarSm_Prog001.jpg,cg14.jpg,OK,imagem=ERRO | mao=OK
6197,FREAR,frearSm_Prog001.mp4,frearSm_Prog001.jpg,cg62.jpg,ERRO,video_download_falhou
3083,FREEZER,freezerSm_Prog001.mp4,freezerSm_Prog001.jpg,cg54.jpg,OK,imagem=ERRO | mao=OK
6198,FREIO,freioSm_Prog001.mp4,freioSm_Prog001.jpg,cg62.jpg,OK,imagem=ERRO | mao=OK
3084,FREIRA,freiraSm_Prog001.mp4,freiraSm_Prog001.jpg,cg63.jpg,OK,imagem=ERRO | mao=OK
3085,FRENTE,frenteSm_Prog001.mp4,frenteSm_Prog001.jpg,cg63.jpg,OK,imagem=ERRO | mao=OK
3086,FREQÜENTAR,freqüentarSm_Prog001.mp4,freqüentarSm_Prog001.jpg,cg62.jpg,ERRO,video_download_falhou
3087,FRESCO1,frescoSm_Prog001.mp4,frescoSm_Prog001.jpg,cg63.jpg,ERRO,video_download_falhou
7394,FRESCO2,fresco2Sm_Prog001.mp4,fresco2Sm_Prog001.jpg,cg14.jpg,OK,imagem=ERRO | mao=OK
7395,FRESCO3,fresco3Sm_Prog001.mp4,fresco3Sm_Prog001.jpg,cg57.jpg,OK,imagem=ERRO | mao=OK
3088,FRESCOBOL,frescobolSm_Prog001.mp4,frescobolSm_Prog001.jpg,cg02.jpg,OK,imagem=ERRO | mao=OK
5060,FRETAR,fretarSm_Prog001.mp4,fretarSm_Prog001.jpg,cg57.jpg,OK,imagem=ERRO | mao=OK
3089,FRETE,freteSm_Prog001.mp4,freteSm_Prog001.jpg,cg57.jpg,OK,imagem=ERRO | mao=OK
3090,FRIGIDEIRA,frigideiraSm_Prog001.mp4,frigideiraSm_Prog001.jpg,cg05.jpg,OK,imagem=ERRO | mao=OK
3091,FRIO,frioSm_Prog001.mp4,frioSm_Prog001.jpg,cg16.jpg,OK,imagem=ERRO | mao=OK
3092,FRITAR1,fritarSm_Prog001.mp4,fritarSm_Prog001.jpg,cg63.jpg,ERRO,video_download_falhou
7396,FRITAR2,fritar2Sm_Prog001.mp4,fritar2Sm_Prog001.jpg,cg47.jpg,OK,imagem=ERRO | mao=OK
3093,FRONTEIRA,fronteiraSm_Prog001.mp4,fronteiraSm_Prog001.jpg,cg61.jpg,OK,imagem=ERRO | mao=OK
3094,FRUSTRAR,frustarSm_Prog001.mp4,frustarSm_Prog001.jpg,cg64.jpg,OK,imagem=ERRO | mao=OK
3095,FRUTA,frutaSm_Prog001.mp4,frutaSm_Prog001.jpg,cg51b.jpg,OK,imagem=OK | mao=OK
3096,FUBÁ,fubaSm_Prog001.mp4,fubaSm_Prog001.jpg,cg54.jpg,OK,imagem=ERRO | mao=OK
3097,FUGIR,fugirSm_Prog001.mp4,fugirSm_Prog001.jpg,cg63.jpg,OK,imagem=ERRO | mao=OK
3098,FUMAÇA,fumacaSm_Prog001.mp4,fumacaSm_Prog001.jpg,cg47.jpg,OK,imagem=ERRO | mao=OK
3099,FUMAR,fumarSm_Prog001.mp4,fumarSm_Prog001.jpg,cg28.jpg,OK,imagem=ERRO | mao=OK
6870,FUNCIONÁRIO,funcionarioSm_Prog001.mp4,funcionarioSm_Prog001.jpg,cg14.jpg,OK,imagem=ERRO | mao=OK
3100,FUNDAR,fundarSm_Prog001.mp4,fundarSm_Prog001.jpg,cg42.jpg,OK,imagem=ERRO | mao=OK
3101,FUNDO,fundoSm_Prog001.mp4,fundoSm_Prog001.jpg,cg62.jpg,OK,imagem=ERRO | mao=OK
6200,FUNERAL,funeralSm_Prog001.mp4,funeralSm_Prog001.jpg,cg61.jpg,OK,imagem=ERRO | mao=OK
3102,FUNGAR,fungarSm_Prog001.mp4,fungarSm_Prog001.jpg,cg57.jpg,OK,imagem=ERRO | mao=OK
6201,FUNIL,funilSm_Prog001.mp4,funilSm_Prog001.jpg,cg18a.jpg,OK,imagem=ERRO | mao=OK
3103,FURACÃO,furacaoSm_Prog001.mp4,furacaoSm_Prog001.jpg,cg14.jpg,OK,imagem=OK | mao=OK
3104,FURAR1,furarSm_Prog001.mp4,furarSm_Prog001.jpg,cg14.jpg,OK,imagem=ERRO | mao=OK
5061,FURAR2,furar2Sm_Prog001.mp4,furar2Sm_Prog001.jpg,cg53a.jpg,OK,imagem=ERRO | mao=OK
6202,FÚRIA,furiaSm_Prog001.mp4,furiaSm_Prog001.jpg,cg61.jpg,OK,imagem=ERRO | mao=OK
6699,FURIOSO,furiosoSm_Prog001.mp4,furiosoSm_Prog001.jpg,cg16.jpg,OK,imagem=ERRO | mao=OK
3105,FURTAR,furtarSm_Prog001.mp4,furtarSm_Prog001.jpg,cg63.jpg,ERRO,video_download_falhou
6206,FUTEBOL,futebolSm_Prog001.mp4,futebolSm_Prog001.jpg,cg07.jpg,OK,imagem=ERRO | mao=OK
3107,FUTIVÔLEI,futivoleiSm_Prog001.mp4,futivoleiSm_Prog001.jpg,cg02.jpg,OK,imagem=ERRO | mao=OK
3108,FUTURO,futuroSm_Prog001.mp4,futuroSm_Prog001.jpg,cg54.jpg,OK,imagem=ERRO | mao=OK
3109,FUZIL,fuzilSm_Prog001.mp4,fuzilSm_Prog001.jpg,cg08a.jpg,OK,imagem=ERRO | mao=OK
3110,FUZILAR,fuzilarSm_Prog001.mp4,fuzilarSm_Prog001.jpg,cg61.jpg,OK,imagem=ERRO | mao=OK
7055,G,gSm_Prog001.mp4,gSm_Prog001.jpg,cg09.jpg,OK,imagem=ERRO | mao=OK
585,GABAR,gabarSm_Prog001.mp4,gabarSm_Prog001.jpg,cg07.jpg,OK,imagem=ERRO | mao=OK
586,GAFANHOTO,gafanhotoSm_Prog001.mp4,gafanhotoSm_Prog001.jpg,cg28.jpg,OK,imagem=OK | mao=OK
587,GAIOLA,gaiolaSm_Prog001.mp4,gaiolaSm_Prog001.jpg,cg58.jpg,OK,imagem=ERRO | mao=OK
588,GAITA,gaitaSm_Prog001.mp4,gaitaSm_Prog001.jpg,cg50.jpg,OK,imagem=ERRO | mao=OK
6207,GAIVOTA,gaivotaSm_Prog001.mp4,gaivotaSm_Prog001.jpg,cg22b.jpg,OK,imagem=OK | mao=OK
6208,GALA,galaSm_Prog001.mp4,galaSm_Prog001.jpg,cg40.jpg,OK,imagem=ERRO | mao=OK
5062,GALINHA,galinhaSm_Prog001.mp4,galinhaSm_Prog001.jpg,cg64.jpg,OK,imagem=OK | mao=OK
589,GALO,galoSm_Prog001.mp4,galoSm_Prog001.jpg,cg64.jpg,OK,imagem=OK | mao=OK
590,GALOCHA,galochaSm_Prog001.mp4,galochaSm_Prog001.jpg,cg01.jpg,OK,imagem=ERRO | mao=OK
6209,GALOPAR,galoparSm_Prog001.mp4,galoparSm_Prog001.jpg,cg02.jpg,OK,imagem=ERRO | mao=OK
6567,GAMBÁ,gambaSm_Prog001.mp4,gambaSm_Prog001.jpg,cg21.jpg,OK,imagem=OK | mao=OK
5064,GANÂNCIA,ganânciaSm_Prog001.mp4,ganânciaSm_Prog001.jpg,cg18a.jpg,ERRO,video_download_falhou
593,GANANCIOSO,ganânciosoSm_Prog001.mp4,ganânciosoSm_Prog001.jpg,cg18a.jpg,ERRO,video_download_falhou
595,GANGUE,gangueSm_Prog001.mp4,gangueSm_Prog001.jpg,cg47.jpg,OK,imagem=ERRO | mao=OK
594,GANHAR,ganharSm_Prog001.mp4,ganharSm_Prog001.jpg,cg08a.jpg,OK,imagem=ERRO | mao=OK
596,GANSO,gansoSm_Prog001.mp4,gansoSm_Prog001.jpg,cg22a.jpg,OK,imagem=OK | mao=OK
597,GARAGEM,garagemSm_Prog001.mp4,garagemSm_Prog001.jpg,cg31.jpg,OK,imagem=ERRO | mao=OK
598,GARÇOM,garcomSm_Prog001.mp4,garcomSm_Prog001.jpg,cg22b.jpg,ERRO,video_download_falhou
6210,GARÇONETE,garconeteSm_Prog001.mp4,garconeteSm_Prog001.jpg,cg22b.jpg,OK,imagem=ERRO | mao=OK
599,GARFO,garfoSm_Prog001.mp4,garfoSm_Prog001.jpg,cg59a.jpg,OK,imagem=ERRO | mao=OK
600,GARGALHAR1,gargalhar1Sm_Prog001.mp4,gargalhar1Sm_Prog001.jpg,cg08a.jpg,OK,imagem=ERRO | mao=OK
1169,GARGALHAR2,gargalhar2Sm_Prog001.mp4,gargalhar2Sm_Prog001.jpg,cg02.jpg,OK,imagem=ERRO | mao=OK
6211,GARGANTA,gargantaSm_Prog001.mp4,gargantaSm_Prog001.jpg,cg51b.jpg,OK,imagem=ERRO | mao=OK
5065,GARI,gariSm_Prog001.mp4,gariSm_Prog001.jpg,cg01.jpg,OK,imagem=ERRO | mao=OK
6212,GAROTA,garotaSm_Prog001.mp4,garotaSm_Prog001.jpg,cg07.jpg,OK,imagem=ERRO | mao=OK
601,GARRAFA1,garrafaSm_Prog001.mp4,garrafaSm_Prog001.jpg,cg51a.jpg,OK,imagem=ERRO | mao=OK
5067,GARRAFA2,garrafa2Sm_Prog001.mp4,garrafa2Sm_Prog001.jpg,cg51a.jpg,OK,imagem=ERRO | mao=OK
6213,GÁS,gasSm_Prog001.mp4,gasSm_Prog001.jpg,cg09.jpg,OK,imagem=ERRO | mao=OK
602,GASOLINA,gasolinaSm_Prog001.mp4,gasolinaSm_Prog001.jpg,cg11.jpg,OK,imagem=ERRO | mao=OK
6215,GASOSO,gasosoSm_Prog001.mp4,gasosoSm_Prog001.jpg,cg57.jpg,OK,imagem=ERRO | mao=OK
603,GASTAR1,gastar1Sm_Prog001.mp4,gastar1Sm_Prog001.jpg,cg64.jpg,OK,imagem=ERRO | mao=OK
6214,GASTAR2,gastar2Sm_Prog001.mp4,gastar2Sm_Prog001.jpg,cg64.jpg,OK,imagem=ERRO | mao=OK
7397,GASTAR3,gastar3Sm_Prog001.mp4,gastar3Sm_Prog001.jpg,cg08a.jpg,OK,imagem=ERRO | mao=OK
604,GATO,gatoSm_Prog001.mp4,gatoSm_Prog001.jpg,cg19.jpg,OK,imagem=OK | mao=OK
6216,GAÚCHO,gauchoSm_Prog001.mp4,gauchoSm_Prog001.jpg,cg42.jpg,OK,imagem=ERRO | mao=OK
605,GAVETA,gavetaSm_Prog001.mp4,gavetaSm_Prog001.jpg,cg01.jpg,OK,imagem=ERRO | mao=OK
6217,GAVIÃO,gaviaoSm_Prog001.mp4,gaviaoSm_Prog001.jpg,cg22b.jpg,OK,imagem=OK | mao=OK
5068,GAY,gaySm_Prog001.mp4,gaySm_Prog001.jpg,cg09.jpg,OK,imagem=ERRO | mao=OK
5069,GEL,gelSm_Prog001.mp4,gelSm_Prog001.jpg,cg09.jpg,OK,imagem=ERRO | mao=OK
606,GELADEIRA,geladeiraSm_Prog001.mp4,geladeiraSm_Prog001.jpg,cg16.jpg,OK,imagem=ERRO | mao=OK
608,GELATINA,gelatinaSm_Prog001.mp4,gelatinaSm_Prog001.jpg,cg46a.jpg,OK,imagem=ERRO | mao=OK
6218,GELÉIA,geleiaSm_Prog001.mp4,geleiaSm_Prog001.jpg,cg63.jpg,OK,imagem=ERRO | mao=OK
609,GELO,geloSm_Prog001.mp4,geloSm_Prog001.jpg,cg16.jpg,OK,imagem=ERRO | mao=OK
6219,GEMA,gemaSm_Prog001.mp4,gemaSm_Prog001.jpg,cg12.jpg,OK,imagem=OK | mao=OK
610,GÊMEO,gemeoSm_Prog001.mp4,gemeoSm_Prog001.jpg,cg09.jpg,OK,imagem=ERRO | mao=OK
5070,GEMER,gemerSm_Prog001.mp4,gemerSm_Prog001.jpg,cg31.jpg,OK,imagem=ERRO | mao=OK
6220,GENERAL,generalSm_Prog001.mp4,generalSm_Prog001.jpg,cg64.jpg,OK,imagem=ERRO | mao=OK
6221,GENEROSO,generosoSm_Prog001.mp4,generosoSm_Prog001.jpg,cg42.jpg,OK,imagem=ERRO | mao=OK
6222,GENRO,genroSm_Prog001.mp4,genroSm_Prog001.jpg,cg09.jpg,OK,imagem=ERRO | mao=OK
6223,GENTE,genteSm_Prog001.mp4,genteSm_Prog001.jpg,cg35a.jpg,OK,imagem=ERRO | mao=OK
6224,GENTIL,gentilSm_Prog001.mp4,gentilSm_Prog001.jpg,cg08a.jpg,OK,imagem=ERRO | mao=OK
611,GEOGRAFIA,geografiaSm_Prog001.mp4,geografiaSm_Prog001.jpg,cg09.jpg,OK,imagem=ERRO | mao=OK
6225,GEOMETRIA,geometriaSm_Prog001.mp4,geometriaSm_Prog001.jpg,cg55.jpg,OK,imagem=ERRO | mao=OK
612,GERAÇÃO,geracaoSm_Prog001.mp4,geracaoSm_Prog001.jpg,cg14.jpg,OK,imagem=ERRO | mao=OK
6226,GERAL,geralSm_Prog001.mp4,geralSm_Prog001.jpg,cg14.jpg,OK,imagem=ERRO | mao=OK
613,GERENTE,gerenteSm_Prog001.mp4,gerenteSm_Prog001.jpg,cg32.jpg,OK,imagem=ERRO | mao=OK
614,GERMINAR,germinarSm_Prog001.mp4,germinarSm_Prog001.jpg,cg57.jpg,OK,imagem=ERRO | mao=OK
5072,GESSO,gessoSm_Prog001.mp4,gessoSm_Prog001.jpg,cg53b.jpg,OK,imagem=ERRO | mao=OK
6964,GESTAÇÃO1,gestacao1Sm_Prog001.mp4,gestacao1Sm_Prog001.jpg,cg14.jpg,OK,imagem=ERRO | mao=OK
6965,GESTAÇÃO2,gestacao2Sm_Prog001.mp4,gestacao2Sm_Prog001.jpg,cg53b.jpg,OK,imagem=ERRO | mao=OK
7398,GESTO,gestoSm_Prog001.mp4,gestoSm_Prog001.jpg,cg14.jpg,OK,imagem=ERRO | mao=OK
7399,GESTUNO,gestunoSm_Prog001.mp4,gestunoSm_Prog001.jpg,cg24.jpg,OK,imagem=ERRO | mao=OK
615,GIBI,gibiSm_Prog001.mp4,gibiSm_Prog001.jpg,cg19.jpg,OK,imagem=ERRO | mao=OK
6228,GIGANTE,giganteSm_Prog001.mp4,giganteSm_Prog001.jpg,cg53a.jpg,OK,imagem=ERRO | mao=OK
616,GILETE,gileteSm_Prog001.mp4,gileteSm_Prog001.jpg,cg52.jpg,OK,imagem=OK | mao=OK
617,GINÁSTICA,ginasticaSm_Prog001.mp4,ginasticaSm_Prog001.jpg,cg02.jpg,OK,imagem=OK | mao=OK
5073,GINECOLOGIA,ginecologiaSm_Prog001.mp4,ginecologiaSm_Prog001.jpg,cg15.jpg,OK,imagem=ERRO | mao=OK
618,GINGAR,gingarSm_Prog001.mp4,gingarSm_Prog001.jpg,cg27.jpg,OK,imagem=ERRO | mao=OK
619,GIRAFA,girafaSm_Prog001.mp4,girafaSm_Prog001.jpg,cg51b.jpg,OK,imagem=OK | mao=OK
620,GIRAR,girarSm_Prog001.mp4,girarSm_Prog001.jpg,cg14.jpg,OK,imagem=ERRO | mao=OK
621,GÍRIA,giriaSm_Prog001.mp4,giriaSm_Prog001.jpg,cg31.jpg,OK,imagem=ERRO | mao=OK
622,GIZ,gizSm_Prog001.mp4,gizSm_Prog001.jpg,cg14.jpg,OK,imagem=ERRO | mao=OK
6229,GLACÊ,glaceSm_Prog001.mp4,glaceSm_Prog001.jpg,cg64.jpg,OK,imagem=ERRO | mao=OK
6966,GLICOSE,glicoseSm_Prog001.mp4,glicoseSm_Prog001.jpg,cg14.jpg,OK,imagem=ERRO | mao=OK
623,GLOBO,globoSm_Prog001.mp4,globoSm_Prog001.jpg,cg47.jpg,OK,imagem=ERRO | mao=OK
6231,GLÚTEO,gluteoSm_Prog001.mp4,gluteoSm_Prog001.jpg,cg47.jpg,OK,imagem=ERRO | mao=OK
625,GOIABA,goiabaSm_Prog001.mp4,goiabaSm_Prog001.jpg,cg15.jpg,OK,imagem=OK | mao=OK
5074,GOIÂNIA,goiâniaSm_Prog001.mp4,goiâniaSm_Prog001.jpg,cg09.jpg,ERRO,video_download_falhou
3895,GOIÁS,goiasSm_Prog001.mp4,goiasSm_Prog001.jpg,cg09.jpg,OK,imagem=ERRO | mao=OK
626,GOL,golSm_Prog001.mp4,golSm_Prog001.jpg,cg30.jpg,OK,imagem=ERRO | mao=OK
5075,GOLEIRO,goleiroSm_Prog001.mp4,goleiroSm_Prog001.jpg,cg47.jpg,OK,imagem=ERRO | mao=OK
627,GOLFE,golfeSm_Prog001.mp4,golfeSm_Prog001.jpg,cg05.jpg,ERRO,video_download_falhou
3896,GOLFINHO,golfinhoSm_Prog001.mp4,golfinhoSm_Prog001.jpg,cg62.jpg,OK,imagem=OK | mao=OK
6232,GOLPEAR,golpearSm_Prog001.mp4,golpearSm_Prog001.jpg,cg02.jpg,OK,imagem=ERRO | mao=OK
6233,GOMA DE MASCAR,goma de mascarSm_Prog001.mp4,goma de mascarSm_Prog001.jpg,cg19.jpg,ERRO,video_download_falhou
6234,GONORRÉIA,gonorreiaSm_Prog001.mp4,gonorreiaSm_Prog001.jpg,cg45.jpg,OK,imagem=OK | mao=OK
628,GORDO,gordoSm_Prog001.mp4,gordoSm_Prog001.jpg,cg40.jpg,OK,imagem=ERRO | mao=OK
5076,GORDURA,gorduraSm_Prog001.mp4,gorduraSm_Prog001.jpg,cg40.jpg,OK,imagem=ERRO | mao=OK
5077,GORILA,gorilaSm_Prog001.mp4,gorilaSm_Prog001.jpg,cg01.jpg,OK,imagem=OK | mao=OK
5078,GORJETA,gorjetaSm_Prog001.mp4,gorjetaSm_Prog001.jpg,cg20.jpg,OK,imagem=ERRO | mao=OK
629,GORRO,gorroSm_Prog001.mp4,gorroSm_Prog001.jpg,cg01.jpg,OK,imagem=ERRO | mao=OK
630,GOSTAR,gostarSm_Prog001.mp4,gostarSm_Prog001.jpg,cg63.jpg,OK,imagem=ERRO | mao=OK
631,GOSTO,gostoSm_Prog001.mp4,gostoSm_Prog001.jpg,cg14.jpg,OK,imagem=ERRO | mao=OK
632,GOSTOSO,gostosoSm_Prog001.mp4,gostosoSm_Prog001.jpg,cg35a.jpg,OK,imagem=ERRO | mao=OK
634,GOTEJAR,gotejarSm_Prog001.mp4,gotejarSm_Prog001.jpg,cg55.jpg,OK,imagem=ERRO | mao=OK
633,GOVERNADOR,governadorSm_Prog001.mp4,governadorSm_Prog001.jpg,cg63.jpg,OK,imagem=ERRO | mao=OK
636,GOVERNO,governoSm_Prog001.mp4,governoSm_Prog001.jpg,cg63.jpg,OK,imagem=ERRO | mao=OK
5079,GOZADO1,gozado1Sm_Prog001.mp4,gozado1Sm_Prog001.jpg,cg19.jpg,OK,imagem=ERRO | mao=OK
6571,GOZADO2,gozado2Sm_Prog001.mp4,gozado2Sm_Prog001.jpg,cg08a.jpg,OK,imagem=ERRO | mao=OK
719,GOZAR1,gozar1Sm_Prog001.mp4,gozar1Sm_Prog001.jpg,cg55.jpg,OK,imagem=ERRO | mao=OK
5080,GOZAR2,gozar2Sm_Prog001.mp4,gozar2Sm_Prog001.jpg,cg08a.jpg,OK,imagem=ERRO | mao=OK
6664,GOZAR3,gozar3Sm_Prog001.mp4,gozar3Sm_Prog001.jpg,cg38.jpg,OK,imagem=ERRO | mao=OK
5081,GRAÇA,gracaSm_Prog001.mp4,gracaSm_Prog001.jpg,cg19.jpg,OK,imagem=ERRO | mao=OK
637,GRADE1,gradeSm_Prog001.mp4,gradeSm_Prog001.jpg,cg58.jpg,ERRO,video_download_falhou
7400,GRADE2,grade2Sm_Prog001.mp4,grade2Sm_Prog001.jpg,cg46a.jpg,OK,imagem=ERRO | mao=OK
6235,GRADEAR,gradearSm_Prog001.mp4,gradearSm_Prog001.jpg,cg58.jpg,OK,imagem=ERRO | mao=OK
638,GRÁFICA,graficaSm_Prog001.mp4,graficaSm_Prog001.jpg,cg50.jpg,OK,imagem=ERRO | mao=OK
6236,GRAFITE,grafiteSm_Prog001.mp4,grafiteSm_Prog001.jpg,cg22b.jpg,OK,imagem=ERRO | mao=OK
639,GRAMA,gramaSm_Prog001.mp4,gramaSm_Prog001.jpg,cg46a.jpg,OK,imagem=OK | mao=OK
640,GRAMÁTICA,gramaticaSm_Prog001.mp4,gramaticaSm_Prog001.jpg,cg09.jpg,OK,imagem=ERRO | mao=OK
642,GRAMPEADOR,grampeadorSm_Prog001.mp4,grampeadorSm_Prog001.jpg,cg46b.jpg,OK,imagem=ERRO | mao=OK
641,GRAMPEAR,grampearSm_Prog001.mp4,grampearSm_Prog001.jpg,cg46b.jpg,OK,imagem=ERRO | mao=OK
7401,GRAMPO,grampoSm_Prog001.mp4,grampoSm_Prog001.jpg,cg20.jpg,OK,imagem=ERRO | mao=OK
5084,GRANADA,granadaSm_Prog001.mp4,granadaSm_Prog001.jpg,cg02.jpg,OK,imagem=ERRO | mao=OK
643,GRANDE1,grande1Sm_Prog001.mp4,grande1Sm_Prog001.jpg,cg02.jpg,OK,imagem=ERRO | mao=OK
6912,GRANDE2,grande2Sm_Prog001.mp4,grande2Sm_Prog001.jpg,cg63.jpg,OK,imagem=ERRO | mao=OK
644,GRÃO,graoSm_Prog001.mp4,graoSm_Prog001.jpg,cg21.jpg,OK,imagem=OK | mao=OK
5083,GRÁTIS,gratisSm_Prog001.mp4,gratisSm_Prog001.jpg,cg61.jpg,OK,imagem=ERRO | mao=OK
6238,GRATO,gratoSm_Prog001.mp4,gratoSm_Prog001.jpg,cg63.jpg,OK,imagem=ERRO | mao=OK
5085,GRAU1,grau1Sm_Prog001.mp4,grau1Sm_Prog001.jpg,cg09.jpg,ERRO,video_download_falhou
5086,GRAU2,grau2Sm_Prog001.mp4,grau2Sm_Prog001.jpg,cg14.jpg,OK,imagem=OK | mao=OK
5087,GRAU3,grau3Sm_Prog001.mp4,grau3Sm_Prog001.jpg,cg18a.jpg,OK,imagem=ERRO | mao=OK
646,GRAVADOR,gravadorSm_Prog001.mp4,gravadorSm_Prog001.jpg,cg57.jpg,OK,imagem=ERRO | mao=OK
647,GRAVAR,gravarSm_Prog001.mp4,gravarSm_Prog001.jpg,cg57.jpg,OK,imagem=ERRO | mao=OK
648,GRAVATA,gravataSm_Prog001.mp4,gravataSm_Prog001.jpg,cg18a.jpg,OK,imagem=ERRO | mao=OK
6239,GRAVE1,grave1Sm_Prog001.mp4,grave1Sm_Prog001.jpg,cg14.jpg,OK,imagem=ERRO | mao=OK
6240,GRAVE2,grave2Sm_Prog001.mp4,grave2Sm_Prog001.jpg,cg46a.jpg,OK,imagem=ERRO | mao=OK
649,GRÁVIDA1,gravidaSm_Prog001.mp4,gravidaSm_Prog001.jpg,cg14.jpg,OK,imagem=OK | mao=OK
7402,GRÁVIDA2,gravida2Sm_Prog001.mp4,gravida2Sm_Prog001.jpg,cg53b.jpg,OK,imagem=OK | mao=OK
5088,GRAVIDEZ1,gravidezSm_Prog001.mp4,gravidezSm_Prog001.jpg,cg14.jpg,ERRO,video_download_falhou
7403,GRAVIDEZ2,gravidez2Sm_Prog001.mp4,gravidez2Sm_Prog001.jpg,cg53b.jpg,OK,imagem=OK | mao=OK
6241,GRAVIOLA,graviolaSm_Prog001.mp4,graviolaSm_Prog001.jpg,cg20.jpg,OK,imagem=OK | mao=OK
6242,GRAVURA,gravuraSm_Prog001.mp4,gravuraSm_Prog001.jpg,cg27.jpg,OK,imagem=ERRO | mao=OK
3897,GRÉCIA,greciaSm_Prog001.mp4,greciaSm_Prog001.jpg,cg09.jpg,OK,imagem=ERRO | mao=OK
5091,GREGO,gregoSm_Prog001.mp4,gregoSm_Prog001.jpg,cg09.jpg,OK,imagem=ERRO | mao=OK
651,GREVE,greveSm_Prog001.mp4,greveSm_Prog001.jpg,cg47.jpg,OK,imagem=ERRO | mao=OK
6243,GRIFAR,grifarSm_Prog001.mp4,grifarSm_Prog001.jpg,cg20.jpg,OK,imagem=ERRO | mao=OK
6244,GRILHÃO,grilhaoSm_Prog001.mp4,grilhaoSm_Prog001.jpg,cg49.jpg,OK,imagem=ERRO | mao=OK
6245,GRILO,griloSm_Prog001.mp4,griloSm_Prog001.jpg,cg22b.jpg,OK,imagem=OK | mao=OK
652,GRIPE,gripeSm_Prog001.mp4,gripeSm_Prog001.jpg,cg21.jpg,OK,imagem=OK | mao=OK
653,GRITAR,gritarSm_Prog001.mp4,gritarSm_Prog001.jpg,cg31.jpg,OK,imagem=ERRO | mao=OK
654,GROSSEIRO,grosseiroSm_Prog001.mp4,grosseiroSm_Prog001.jpg,cg57.jpg,OK,imagem=ERRO | mao=OK
655,GROSSO1,grosso1Sm_Prog001.mp4,grosso1Sm_Prog001.jpg,cg50.jpg,OK,imagem=ERRO | mao=OK
656,GROSSO2,grosso2Sm_Prog001.mp4,grosso2Sm_Prog001.jpg,cg51a.jpg,OK,imagem=ERRO | mao=OK
6246,GRUDE,grudeSm_Prog001.mp4,grudeSm_Prog001.jpg,cg34.jpg,OK,imagem=ERRO | mao=OK
657,GRUDENTO,grudentoSm_Prog001.mp4,grudentoSm_Prog001.jpg,cg34.jpg,OK,imagem=ERRO | mao=OK
658,GRUPO1,grupoSm_Prog001.mp4,grupoSm_Prog001.jpg,cg47.jpg,ERRO,video_download_falhou
6247,GRUTA1,grutaSm_Prog001.mp4,grutaSm_Prog001.jpg,cg51b.jpg,ERRO,video_download_falhou
7038,GRUTA2,gruta2Sm_Prog001.mp4,gruta2Sm_Prog001.jpg,cg53b.jpg,ERRO,video_download_falhou
659,GUARANÁ,guaranaSm_Prog001.mp4,guaranaSm_Prog001.jpg,cg09.jpg,OK,imagem=ERRO | mao=OK
6790,GUARDA,guardaSm_Prog001.mp4,guardaSm_Prog001.jpg,cg49.jpg,OK,imagem=ERRO | mao=OK
661,GUARDA-CHUVA,guarda-chuvaSm_Prog001.mp4,guarda-chuvaSm_Prog001.jpg,cg05.jpg,OK,imagem=ERRO | mao=OK
664,GUARDA-ROUPA,guarda-roupaSm_Prog001.mp4,guarda-roupaSm_Prog001.jpg,cg55.jpg,OK,imagem=ERRO | mao=OK
662,GUARDA-SOL,guarda-solSm_Prog001.mp4,guarda-solSm_Prog001.jpg,cg47.jpg,OK,imagem=ERRO | mao=OK
663,GUARDANAPO,guardanapoSm_Prog001.mp4,guardanapoSm_Prog001.jpg,cg44.jpg,OK,imagem=OK | mao=OK
660,GUARDAR,guardarSm_Prog001.mp4,guardarSm_Prog001.jpg,cg53a.jpg,OK,imagem=ERRO | mao=OK
665,GUERRA,guerraSm_Prog001.mp4,guerraSm_Prog001.jpg,cg16.jpg,OK,imagem=ERRO | mao=OK
666,GUIAR,guiarSm_Prog001.mp4,guiarSm_Prog001.jpg,cg63.jpg,OK,imagem=ERRO | mao=OK
5092,GUIDOM,guidomSm_Prog001.mp4,guidomSm_Prog001.jpg,cg02.jpg,OK,imagem=ERRO | mao=OK
667,GUINCHAR,guincharSm_Prog001.mp4,guincharSm_Prog001.jpg,cg16.jpg,OK,imagem=ERRO | mao=OK
7404,GUINDASTE,guindasteSm_Prog001.mp4,guindasteSm_Prog001.jpg,cg16.jpg,OK,imagem=ERRO | mao=OK
5093,GUITARRA,guitarraSm_Prog001.mp4,guitarraSm_Prog001.jpg,cg46b.jpg,OK,imagem=ERRO | mao=OK
668,GULA,gulaSm_Prog001.mp4,gulaSm_Prog001.jpg,cg18b.jpg,OK,imagem=ERRO | mao=OK
669,GULOSO,gulosoSm_Prog001.mp4,gulosoSm_Prog001.jpg,cg53a.jpg,OK,imagem=ERRO | mao=OK
7056,H,hSm_Prog001.mp4,hSm_Prog001.jpg,cg11.jpg,OK,imagem=ERRO | mao=OK
112,HABITAR,habitarSm_Prog001.mp4,habitarSm_Prog001.jpg,cg62.jpg,OK,imagem=ERRO | mao=OK
113,HÁBITO,habitoSm_Prog001.mp4,habitoSm_Prog001.jpg,cg63.jpg,OK,imagem=ERRO | mao=OK
115,HAMBÚRGUER,hamburgerSm_Prog001.mp4,hamburgerSm_Prog001.jpg,cg44.jpg,ERRO,video_download_falhou
116,HANDEBOL,handebolSm_Prog001.mp4,handebolSm_Prog001.jpg,cg47.jpg,OK,imagem=ERRO | mao=OK
6251,HARMÔNICA1,harmonicaSm_Prog001.mp4,harmonicaSm_Prog001.jpg,cg14.jpg,OK,imagem=ERRO | mao=OK
7405,HARMÔNICA2,harmonica2Sm_Prog001.mp4,harmonica2Sm_Prog001.jpg,cg50.jpg,ERRO,video_download_falhou
5014,HARMONIZAR,harmonizarSm_Prog001.mp4,harmonizarSm_Prog001.jpg,cg14.jpg,OK,imagem=ERRO | mao=OK
117,HARPA,harpaSm_Prog001.mp4,harpaSm_Prog001.jpg,cg46b.jpg,OK,imagem=ERRO | mao=OK
119,HAVAÍ,havaiSm_Prog001.mp4,havaiSm_Prog001.jpg,cg53a.jpg,OK,imagem=ERRO | mao=OK
118,HAVER,haverSm_Prog001.mp4,haverSm_Prog001.jpg,cg08a.jpg,OK,imagem=ERRO | mao=OK
120,HELICÓPTERO,helicopteroSm_Prog001.mp4,helicopteroSm_Prog001.jpg,cg64.jpg,OK,imagem=ERRO | mao=OK
121,HEMATOMA,hematomaSm_Prog001.mp4,hematomaSm_Prog001.jpg,cg48.jpg,OK,imagem=OK | mao=OK
6252,HEMORRAGIA,hemorragiaSm_Prog001.mp4,hemorragiaSm_Prog001.jpg,cg64.jpg,OK,imagem=OK | mao=OK
122,HEMORRÓIDA,hemorroidaSm_Prog001.mp4,hemorroidaSm_Prog001.jpg,cg45.jpg,OK,imagem=OK | mao=OK
123,HEPATITE,hepatiteSm_Prog001.mp4,hepatiteSm_Prog001.jpg,cg35a.jpg,ERRO,video_download_falhou
6869,HEREDITÁRIO,hereditarioSm_Prog001.mp4,hereditarioSm_Prog001.jpg,cg14.jpg,OK,imagem=ERRO | mao=OK
124,HERPES,herpesSm_Prog001.mp4,herpesSm_Prog001.jpg,cg45.jpg,OK,imagem=ERRO | mao=OK
125,HESITAR,hesitarSm_Prog001.mp4,hesitarSm_Prog001.jpg,cg48.jpg,OK,imagem=ERRO | mao=OK
126,HIDROCOR,hidrocorSm_Prog001.mp4,hidrocorSm_Prog001.jpg,cg14.jpg,OK,imagem=ERRO | mao=OK
6253,HIENA,hienaSm_Prog001.mp4,hienaSm_Prog001.jpg,cg51b.jpg,OK,imagem=OK | mao=OK
6254,HIERARQUIA,hierarquiaSm_Prog001.mp4,hierarquiaSm_Prog001.jpg,cg53a.jpg,OK,imagem=ERRO | mao=OK
127,HIGIENE,higieneSm_Prog001.mp4,higieneSm_Prog001.jpg,cg64.jpg,OK,imagem=OK | mao=OK
128,HINO,hinoSm_Prog001.mp4,hinoSm_Prog001.jpg,cg14.jpg,OK,imagem=ERRO | mao=OK
129,HIPISMO,hipismoSm_Prog001.mp4,hipismoSm_Prog001.jpg,cg27.jpg,OK,imagem=ERRO | mao=OK
6255,HIPNOTIZAR,hiptonizarSm_Prog001.mp4,hiptonizarSm_Prog001.jpg,cg51b.jpg,ERRO,video_download_falhou
130,HIPOPÓTAMO,hipopotamoSm_Prog001.mp4,hipopotamoSm_Prog001.jpg,cg37a.jpg,OK,imagem=OK | mao=OK
7406,HIPPIE,hippieSm_Prog001.mp4,hippieSm_Prog001.jpg,cg11.jpg,OK,imagem=ERRO | mao=OK
131,HISTÓRIA,historiaSm_Prog001.mp4,historiaSm_Prog001.jpg,cg32.jpg,OK,imagem=ERRO | mao=OK
133,HOJE1,hojeSm_Prog001.mp4,hojeSm_Prog001.jpg,cg63.jpg,OK,imagem=ERRO | mao=OK
7407,HOJE2,hoje2Sm_Prog001.mp4,hoje2Sm_Prog001.jpg,cg14.jpg,OK,imagem=ERRO | mao=OK
134,HOLANDA,holandaSm_Prog001.mp4,holandaSm_Prog001.jpg,cg57.jpg,OK,imagem=ERRO | mao=OK
7408,HOLANDES,holandesSm_Prog001.mp4,holandesSm_Prog001.jpg,cg57.jpg,OK,imagem=ERRO | mao=OK
135,HOMEM,homemSm_Prog001.mp4,homemSm_Prog001.jpg,cg51b.jpg,OK,imagem=ERRO | mao=OK
136,HOMOSSEXUAL,homossexualSm_Prog001.mp4,homossexualSm_Prog001.jpg,cg11.jpg,OK,imagem=ERRO | mao=OK
137,HONESTIDADE,honestidadeSm_Prog001.mp4,honestidadeSm_Prog001.jpg,cg49.jpg,OK,imagem=ERRO | mao=OK
571,HONESTO,honestoSm_Prog001.mp4,honestoSm_Prog001.jpg,cg49.jpg,OK,imagem=ERRO | mao=OK
138,HONRAR,honrarSm_Prog001.mp4,honrarSm_Prog001.jpg,cg52.jpg,OK,imagem=ERRO | mao=OK
6258,HÓQUEI,hoqueiSm_Prog001.mp4,hoqueiSm_Prog001.jpg,cg27.jpg,OK,imagem=ERRO | mao=OK
6259,HORA-EXTRA,hora-extraSm_Prog001.mp4,hora-extraSm_Prog001.jpg,cg44.jpg,OK,imagem=ERRO | mao=OK
139,HORA1,hora1Sm_Prog001.mp4,hora1Sm_Prog001.jpg,cg08a.jpg,OK,imagem=ERRO | mao=OK
573,HORA2,hora2Sm_Prog001.mp4,hora2Sm_Prog001.jpg,cg14.jpg,OK,imagem=ERRO | mao=OK
6563,HORA3,hora3Sm_Prog001.mp4,hora3Sm_Prog001.jpg,cg14.jpg,OK,imagem=ERRO | mao=OK
7410,HORIZONTAL,horizontalSm_Prog001.mp4,horizontalSm_Prog001.jpg,cg62.jpg,OK,imagem=ERRO | mao=OK
140,HORRÍVEL,horrivelSm_Prog001.mp4,horrivelSm_Prog001.jpg,cg64.jpg,OK,imagem=ERRO | mao=OK
572,HORROR,horrorSm_Prog001.mp4,horrorSm_Prog001.jpg,cg64.jpg,OK,imagem=ERRO | mao=OK
6260,HORTELÃ,hortelaSm_Prog001.mp4,hortelaSm_Prog001.jpg,cg63.jpg,OK,imagem=OK | mao=OK
141,HOSPEDAR,hospedarSm_Prog001.mp4,hospedarSm_Prog001.jpg,cg32.jpg,OK,imagem=ERRO | mao=OK
142,HOSPITAL,hospitalSm_Prog001.mp4,hospitalSm_Prog001.jpg,cg15.jpg,OK,imagem=ERRO | mao=OK
6261,HÓSTIA,hostiaSm_Prog001.mp4,hostiaSm_Prog001.jpg,cg19.jpg,OK,imagem=ERRO | mao=OK
143,HOTEL,hotelSm_Prog001.mp4,hotelSm_Prog001.jpg,cg63.jpg,OK,imagem=ERRO | mao=OK
144,HUMILDE,humildeSm_Prog001.mp4,humildeSm_Prog001.jpg,cg54.jpg,OK,imagem=ERRO | mao=OK
7411,HUMILHADO,humilhadoSm_Prog001.mp4,humilhadoSm_Prog001.jpg,cg52.jpg,OK,imagem=ERRO | mao=OK
145,HUMILHAR,humilharSm_Prog001.mp4,humilharSm_Prog001.jpg,cg64.jpg,OK,imagem=ERRO | mao=OK
6564,HUMOR,humorSm_Prog001.mp4,humorSm_Prog001.jpg,cg19.jpg,OK,imagem=ERRO | mao=OK
6262,HUMORADO,humoradoSm_Prog001.mp4,humoradoSm_Prog001.jpg,cg08a.jpg,OK,imagem=ERRO | mao=OK
7057,I,iSm_Prog001.mp4,iSm_Prog001.jpg,cg38.jpg,OK,imagem=ERRO | mao=OK
789,ICEBERG,icebergSm_Prog001.mp4,icebergSm_Prog001.jpg,cg15.jpg,OK,imagem=OK | mao=OK
4090,IDA,idaSm_Prog001.mp4,idaSm_Prog001.jpg,cg14.jpg,OK,imagem=ERRO | mao=OK
790,IDADE1,idade1Sm_Prog001.mp4,idade1Sm_Prog001.jpg,cg40.jpg,OK,imagem=ERRO | mao=OK
5195,IDADE2,idade2Sm_Prog001.mp4,idade2Sm_Prog001.jpg,cg62.jpg,OK,imagem=ERRO | mao=OK
5196,IDADE3,idade3Sm_Prog001.mp4,idade3Sm_Prog001.jpg,cg62.jpg,OK,imagem=ERRO | mao=OK
791,IDÉIA,ideiaSm_Prog001.mp4,ideiaSm_Prog001.jpg,cg14.jpg,OK,imagem=ERRO | mao=OK
4091,IDEM,idem1Sm_Prog001.mp4,idem1Sm_Prog001.jpg,cg14.jpg,ERRO,video_download_falhou
792,IDÊNTICO,identicoSm_Prog001.mp4,identicoSm_Prog001.jpg,cg28.jpg,OK,imagem=ERRO | mao=OK
793,IDENTIDADE1,identidadeSm_Prog001.mp4,identidadeSm_Prog001.jpg,cg07.jpg,OK,imagem=ERRO | mao=OK
5543,IDIOMA,idiomaSm_Prog001.mp4,idiomaSm_Prog001.jpg,cg28.jpg,OK,imagem=ERRO | mao=OK
794,IDIOTA,idiotaSm_Prog001.mp4,idiotaSm_Prog001.jpg,cg39.jpg,OK,imagem=ERRO | mao=OK
5544,IDOSO,idosoSm_Prog001.mp4,idosoSm_Prog001.jpg,cg02.jpg,OK,imagem=ERRO | mao=OK
795,IGNORANTE,ignoranteSm_Prog001.mp4,ignoranteSm_Prog001.jpg,cg16.jpg,OK,imagem=ERRO | mao=OK
5416,IGNORAR,ignorarSm_Prog001.mp4,ignorarSm_Prog001.jpg,cg44.jpg,OK,imagem=ERRO | mao=OK
796,IGREJA,igrejaSm_Prog001.mp4,igrejaSm_Prog001.jpg,cg62.jpg,OK,imagem=ERRO | mao=OK
797,IGUAL1,igualSm_Prog001.mp4,igualSm_Prog001.jpg,cg28.jpg,OK,imagem=ERRO | mao=OK
7172,IGUAL2,igual2Sm_Prog001.mp4,igual2Sm_Prog001.jpg,cg28.jpg,OK,imagem=ERRO | mao=OK
7412,IGUAL3,igual3Sm_Prog001.mp4,igual3Sm_Prog001.jpg,cg14.jpg,OK,imagem=ERRO | mao=OK
798,ILEGAL,ilegalSm_Prog001.mp4,ilegalSm_Prog001.jpg,cg07.jpg,OK,imagem=ERRO | mao=OK
7413,ILEGAL2,ilegal2Sm_Prog001.mp4,ilegal2Sm_Prog001.jpg,cg38.jpg,OK,imagem=ERRO | mao=OK
5545,ILEGÍVEL,ilegivelSm_Prog001.mp4,ilegivelSm_Prog001.jpg,cg64.jpg,OK,imagem=ERRO | mao=OK
799,ILHA,ilhaSm_Prog001.mp4,ilhaSm_Prog001.jpg,cg39.jpg,OK,imagem=OK | mao=OK
800,ILUMINAR,iluminarSm_Prog001.mp4,iluminarSm_Prog001.jpg,cg64.jpg,OK,imagem=ERRO | mao=OK
4092,ILUSTRAÇÃO,ilustracaoSm_Prog001.mp4,ilustracaoSm_Prog001.jpg,cg27.jpg,OK,imagem=ERRO | mao=OK
4093,ILUSTRAR,ilustrarSm_Prog001.mp4,ilustrarSm_Prog001.jpg,cg27.jpg,OK,imagem=ERRO | mao=OK
801,ÍMÃ,imaSm_Prog001.mp4,imaSm_Prog001.jpg,cg63.jpg,OK,imagem=ERRO | mao=OK
802,IMAGEM1,imagemSm_Prog001.mp4,imagemSm_Prog001.jpg,cg08a.jpg,ERRO,video_download_falhou
803,IMAGINAR,imaginarSm_Prog001.mp4,imaginarSm_Prog001.jpg,cg64.jpg,OK,imagem=ERRO | mao=OK
4094,IMEDIATAMENTE,imediatamenteSm_Prog001.mp4,imediatamenteSm_Prog001.jpg,cg51a.jpg,OK,imagem=ERRO | mao=OK
4095,IMENSO,imensoSm_Prog001.mp4,imensoSm_Prog001.jpg,cg02.jpg,OK,imagem=ERRO | mao=OK
4322,IMERGIR,imergirSm_Prog001.mp4,imergirSm_Prog001.jpg,cg53a.jpg,OK,imagem=ERRO | mao=OK
804,IMITAR,imitarSm_Prog001.mp4,imitarSm_Prog001.jpg,cg57.jpg,OK,imagem=ERRO | mao=OK
4137,ÍMPAR,imparSm_Prog001.mp4,imparSm_Prog001.jpg,cg39.jpg,OK,imagem=ERRO | mao=OK
806,IMPARCIAL,imparcialSm_Prog001.mp4,imparcialSm_Prog001.jpg,cg53a.jpg,OK,imagem=ERRO | mao=OK
807,IMPEDIR,impedirSm_Prog001.mp4,impedirSm_Prog001.jpg,cg40.jpg,OK,imagem=ERRO | mao=OK
4101,IMPERADOR,imperadorSm_Prog001.mp4,imperadorSm_Prog001.jpg,cg18b.jpg,OK,imagem=ERRO | mao=OK
4324,IMPERFEITO,imperfeitoSm_Prog001.mp4,imperfeitoSm_Prog001.jpg,cg53a.jpg,OK,imagem=ERRO | mao=OK
4102,IMPÉRIO,imperioSm_Prog001.mp4,imperioSm_Prog001.jpg,cg18b.jpg,OK,imagem=ERRO | mao=OK
5546,IMPLANTE COCLEAR,implante-coclearSm_Prog001.mp4,implante-coclearSm_Prog001.jpg,cg31.jpg,ERRO,video_download_falhou
808,IMPLORAR,implorarSm_Prog001.mp4,implorarSm_Prog001.jpg,cg52.jpg,OK,imagem=ERRO | mao=OK
809,IMPOR,imporSm_Prog001.mp4,imporSm_Prog001.jpg,cg01.jpg,OK,imagem=ERRO | mao=OK
810,IMPORTADO,importadoSm_Prog001.mp4,importadoSm_Prog001.jpg,cg38.jpg,OK,imagem=ERRO | mao=OK
7414,IMPORTAR,importarSm_Prog001.mp4,importarSm_Prog001.jpg,cg38.jpg,OK,imagem=ERRO | mao=OK
5547,IMPORTUNAR,importunarSm_Prog001.mp4,importunarSm_Prog001.jpg,cg63.jpg,OK,imagem=ERRO | mao=OK
813,IMPOSSÍVEL,impossivelSm_Prog001.mp4,impossivelSm_Prog001.jpg,cg02.jpg,OK,imagem=ERRO | mao=OK
814,IMPOSTO,impostoSm_Prog001.mp4,impostoSm_Prog001.jpg,cg05.jpg,OK,imagem=ERRO | mao=OK
815,IMPOTÊNCIA SEXUAL,impotencia_sexualSm_Prog001.mp4,impotencia_sexualSm_Prog001.jpg,cg14.jpg,ERRO,video_download_falhou
4105,IMPRENSAR,imprensarSm_Prog001.mp4,imprensarSm_Prog001.jpg,cg64.jpg,OK,imagem=ERRO | mao=OK
5569,IMPRESSÃO DIGITAL,impressao_digitalSm_Prog001.mp4,impressao_digitalSm_Prog001.jpg,cg07.jpg,OK,imagem=ERRO | mao=OK
816,IMPRESSIONANTE,impressionanteSm_Prog001.mp4,impressionanteSm_Prog001.jpg,cg58.jpg,OK,imagem=ERRO | mao=OK
817,IMPRESSIONAR,impressionarSm_Prog001.mp4,impressionarSm_Prog001.jpg,cg58.jpg,OK,imagem=ERRO | mao=OK
818,IMPRESSORA,impressoraSm_Prog001.mp4,impressoraSm_Prog001.jpg,cg52.jpg,OK,imagem=ERRO | mao=OK
819,IMPRIMIR1,imprimir1Sm_Prog001.mp4,imprimir1Sm_Prog001.jpg,cg63.jpg,OK,imagem=ERRO | mao=OK
5548,IMPRIMIR2,imprimir2Sm_Prog001.mp4,imprimir2Sm_Prog001.jpg,cg15.jpg,OK,imagem=ERRO | mao=OK
4325,IMPUREZA,impurezaSm_Prog001.mp4,impurezaSm_Prog001.jpg,cg14.jpg,OK,imagem=OK | mao=OK
4106,IMUNDO,imundoSm_Prog001.mp4,imundoSm_Prog001.jpg,cg14.jpg,OK,imagem=OK | mao=OK
820,INALAR,inalarSm_Prog001.mp4,inalarSm_Prog001.jpg,cg57.jpg,OK,imagem=ERRO | mao=OK
821,INAUGURAR,inaugurarSm_Prog001.mp4,inaugurarSm_Prog001.jpg,cg32.jpg,OK,imagem=ERRO | mao=OK
5549,INCENDIAR,incendiarSm_Prog001.mp4,incendiarSm_Prog001.jpg,cg47.jpg,OK,imagem=ERRO | mao=OK
4111,INCÊNDIO,incendioSm_Prog001.mp4,incendioSm_Prog001.jpg,cg47.jpg,OK,imagem=ERRO | mao=OK
822,INCENSO,incensoSm_Prog001.mp4,incensoSm_Prog001.jpg,cg20.jpg,OK,imagem=ERRO | mao=OK
823,INCENTIVAR,incentivarSm_Prog001.mp4,incentivarSm_Prog001.jpg,cg63.jpg,OK,imagem=ERRO | mao=OK
824,INCHAR,incharSm_Prog001.mp4,incharSm_Prog001.jpg,cg47.jpg,OK,imagem=ERRO | mao=OK
5550,INCINERAR,incinerarSm_Prog001.mp4,incinerarSm_Prog001.jpg,cg47.jpg,OK,imagem=ERRO | mao=OK
825,INCLINAR,inclinarSm_Prog001.mp4,inclinarSm_Prog001.jpg,cg61.jpg,OK,imagem=ERRO | mao=OK
7415,INCLUÍDO,incluidoSm_Prog001.mp4,incluidoSm_Prog001.jpg,cg44.jpg,OK,imagem=ERRO | mao=OK
7416,INCLUIR,incluirSm_Prog001.mp4,incluirSm_Prog001.jpg,cg44.jpg,OK,imagem=ERRO | mao=OK
826,INCLUSÃO,inclusaoSm_Prog001.mp4,inclusaoSm_Prog001.jpg,cg44.jpg,OK,imagem=ERRO | mao=OK
4112,INCLUSO,inclusoSm_Prog001.mp4,inclusoSm_Prog001.jpg,cg44.jpg,OK,imagem=ERRO | mao=OK
828,INCOMODAR,incomodarSm_Prog001.mp4,incomodarSm_Prog001.jpg,cg63.jpg,OK,imagem=ERRO | mao=OK
4326,INCORPORADO,incorporadoSm_Prog001.mp4,incorporadoSm_Prog001.jpg,cg44.jpg,OK,imagem=ERRO | mao=OK
5551,INCULTO,incultoSm_Prog001.mp4,incultoSm_Prog001.jpg,cg16.jpg,OK,imagem=ERRO | mao=OK
829,INDECISO,indecisoSm_Prog001.mp4,indecisoSm_Prog001.jpg,cg14.jpg,OK,imagem=ERRO | mao=OK
830,INDEPENDÊNCIA,independenciaSm_Prog001.mp4,independenciaSm_Prog001.jpg,cg01.jpg,ERRO,video_download_falhou
831,INDEPENDENTE,independenteSm_Prog001.mp4,independenteSm_Prog001.jpg,cg33.jpg,OK,imagem=ERRO | mao=OK
3925,ÍNDIA,indiaSm_Prog001.mp4,indiaSm_Prog001.jpg,cg35a.jpg,OK,imagem=ERRO | mao=OK
7417,INDIANO,indianoSm_Prog001.mp4,indianoSm_Prog001.jpg,cg35a.jpg,OK,imagem=ERRO | mao=OK
5197,INDICADOR,indicadorSm_Prog001.mp4,indicadorSm_Prog001.jpg,cg14.jpg,OK,imagem=ERRO | mao=OK
832,INDICAR,indicarSm_Prog001.mp4,indicarSm_Prog001.jpg,cg14.jpg,OK,imagem=ERRO | mao=OK
5552,INDIFERENTE,indiferenteSm_Prog001.mp4,indiferenteSm_Prog001.jpg,cg44.jpg,OK,imagem=ERRO | mao=OK
5553,INDIGESTÃO,indigestaoSm_Prog001.mp4,indigestaoSm_Prog001.jpg,cg64.jpg,OK,imagem=OK | mao=OK
833,ÍNDIO1,indioSm_Prog001.mp4,indioSm_Prog001.jpg,cg32.jpg,ERRO,video_download_falhou
5554,INDISCRETO,indiscretoSm_Prog001.mp4,indiscretoSm_Prog001.jpg,cg51b.jpg,OK,imagem=ERRO | mao=OK
834,INDIVIDUAL,individualSm_Prog001.mp4,individualSm_Prog001.jpg,cg33.jpg,OK,imagem=ERRO | mao=OK
5555,INDIVÍDUO,individuoSm_Prog001.mp4,individuoSm_Prog001.jpg,cg18a.jpg,OK,imagem=ERRO | mao=OK
835,INFANTIL,infantilSm_Prog001.mp4,infantilSm_Prog001.jpg,cg63.jpg,OK,imagem=ERRO | mao=OK
836,INFELIZ,infelizSm_Prog001.mp4,infelizSm_Prog001.jpg,cg39.jpg,OK,imagem=ERRO | mao=OK
837,INFERIOR,inferiorSm_Prog001.mp4,inferiorSm_Prog001.jpg,cg61.jpg,OK,imagem=ERRO | mao=OK
838,INFERNO,infernoSm_Prog001.mp4,infernoSm_Prog001.jpg,cg18a.jpg,OK,imagem=ERRO | mao=OK
4327,INFLAÇÃO,inflacaoSm_Prog001.mp4,inflacaoSm_Prog001.jpg,cg38.jpg,OK,imagem=ERRO | mao=OK
4370,INFLAMAR,inflamarSm_Prog001.mp4,inflamarSm_Prog001.jpg,cg47.jpg,OK,imagem=ERRO | mao=OK
840,INFLUENCIAR,influenciarSm_Prog001.mp4,influenciarSm_Prog001.jpg,cg47.jpg,OK,imagem=ERRO | mao=OK
5556,INFLUENZA,influenzaSm_Prog001.mp4,influenzaSm_Prog001.jpg,cg21.jpg,OK,imagem=OK | mao=OK
4329,INFORMAÇÃO,informacaoSm_Prog001.mp4,informacaoSm_Prog001.jpg,cg40.jpg,OK,imagem=ERRO | mao=OK
4330,INFORMAR,informarSm_Prog001.mp4,informarSm_Prog001.jpg,cg40.jpg,OK,imagem=ERRO | mao=OK
843,INFORMÁTICA,informaticaSm_Prog001.mp4,informaticaSm_Prog001.jpg,cg15.jpg,OK,imagem=ERRO | mao=OK
5557,INGÊNUO,ingenuoSm_Prog001.mp4,ingenuoSm_Prog001.jpg,cg49.jpg,OK,imagem=ERRO | mao=OK
5558,INGERIR,ingerirSm_Prog001.mp4,ingerirSm_Prog001.jpg,cg45.jpg,OK,imagem=ERRO | mao=OK
844,INGLATERRA,inglaterraSm_Prog001.mp4,inglaterraSm_Prog001.jpg,cg18a.jpg,OK,imagem=ERRO | mao=OK
4114,INGLÊS1,inglesSm_Prog001.mp4,inglesSm_Prog001.jpg,cg18a.jpg,OK,imagem=ERRO | mao=OK
7418,INGLES2,ingles2Sm_Prog001.mp4,ingles2Sm_Prog001.jpg,cg18a.jpg,OK,imagem=ERRO | mao=OK
4331,INGRESSAR,ingressarSm_Prog001.mp4,ingressarSm_Prog001.jpg,cg32.jpg,OK,imagem=ERRO | mao=OK
845,INGRESSO,ingressoSm_Prog001.mp4,ingressoSm_Prog001.jpg,cg18a.jpg,OK,imagem=ERRO | mao=OK
846,INÍCIO,inicioSm_Prog001.mp4,inicioSm_Prog001.jpg,cg53a.jpg,OK,imagem=ERRO | mao=OK
847,INIMIGO,inimigoSm_Prog001.mp4,inimigoSm_Prog001.jpg,cg34.jpg,OK,imagem=ERRO | mao=OK
848,INJEÇÃO,injecaoSm_Prog001.mp4,injecaoSm_Prog001.jpg,cg09.jpg,OK,imagem=OK | mao=OK
5559,INJETAR,injetarSm_Prog001.mp4,injetarSm_Prog001.jpg,cg29a.jpg,OK,imagem=ERRO | mao=OK
5560,INOCENTE,inocenteSm_Prog001.mp4,inocenteSm_Prog001.jpg,cg49.jpg,OK,imagem=ERRO | mao=OK
5561,INODORO,inodoroSm_Prog001.mp4,inodoroSm_Prog001.jpg,cg57.jpg,OK,imagem=ERRO | mao=OK
5562,INOFENSIVO,inofensivoSm_Prog001.mp4,inofensivoSm_Prog001.jpg,cg14.jpg,OK,imagem=ERRO | mao=OK
849,INQUÉRITO,inqueritoSm_Prog001.mp4,inqueritoSm_Prog001.jpg,cg14.jpg,OK,imagem=ERRO | mao=OK
5563,INSANO,insanoSm_Prog001.mp4,insanoSm_Prog001.jpg,cg14.jpg,OK,imagem=ERRO | mao=OK
850,INSCREVER,inscreverSm_Prog001.mp4,inscreverSm_Prog001.jpg,cg20.jpg,OK,imagem=ERRO | mao=OK
4119,INSCRIÇÃO,inscricaoSm_Prog001.mp4,inscricaoSm_Prog001.jpg,cg20.jpg,OK,imagem=ERRO | mao=OK
4121,INSERIR,inserirSm_Prog001.mp4,inserirSm_Prog001.jpg,cg44.jpg,OK,imagem=ERRO | mao=OK
851,INSETO,insetoSm_Prog001.mp4,insetoSm_Prog001.jpg,cg32.jpg,OK,imagem=OK | mao=OK
5564,INSÍGNIA,insigniaSm_Prog001.mp4,insigniaSm_Prog001.jpg,cg46a.jpg,OK,imagem=ERRO | mao=OK
4116,INSIGNIFICANTE1,insignificanteSm_Prog001.mp4,insignificanteSm_Prog001.jpg,cg64.jpg,OK,imagem=ERRO | mao=OK
7419,INSIGNIFICANTE2,insignificante2Sm_Prog001.mp4,insignificante2Sm_Prog001.jpg,cg22b.jpg,OK,imagem=ERRO | mao=OK
852,INSISTIR,insistirSm_Prog001.mp4,insistirSm_Prog001.jpg,cg05.jpg,OK,imagem=ERRO | mao=OK
853,INSÔNIA,insoniaSm_Prog001.mp4,insoniaSm_Prog001.jpg,cg02.jpg,OK,imagem=ERRO | mao=OK
854,INSPETOR,inspetorSm_Prog001.mp4,inspetorSm_Prog001.jpg,cg32.jpg,OK,imagem=ERRO | mao=OK
4125,INSTALAR,instalarSm_Prog001.mp4,instalarSm_Prog001.jpg,cg44.jpg,OK,imagem=ERRO | mao=OK
4332,INSTRUIR,instruirSm_Prog001.mp4,instruirSm_Prog001.jpg,cg57.jpg,OK,imagem=ERRO | mao=OK
856,INSTRUTOR,instrutorSm_Prog001.mp4,instrutorSm_Prog001.jpg,cg38.jpg,OK,imagem=ERRO | mao=OK
4128,INSULTO,insultoSm_Prog001.mp4,insultoSm_Prog001.jpg,cg08a.jpg,OK,imagem=ERRO | mao=OK
4333,INTEGRAÇÃO,integracaoSm_Prog001.mp4,integracaoSm_Prog001.jpg,cg33.jpg,OK,imagem=ERRO | mao=OK
4129,INTEGRAR,integrarSm_Prog001.mp4,integrarSm_Prog001.jpg,cg33.jpg,OK,imagem=ERRO | mao=OK
4334,INTEIRO,inteiroSm_Prog001.mp4,inteiroSm_Prog001.jpg,cg57.jpg,OK,imagem=ERRO | mao=OK
4130,INTELECTUAL,intelectualSm_Prog001.mp4,intelectualSm_Prog001.jpg,cg15.jpg,OK,imagem=ERRO | mao=OK
857,INTELIGENTE,inteligenteSm_Prog001.mp4,inteligenteSm_Prog001.jpg,cg31.jpg,OK,imagem=ERRO | mao=OK
4131,INTENÇÃO,intencaoSm_Prog001.mp4,intencaoSm_Prog001.jpg,,OK,imagem=ERRO | mao=ERRO
4133,INTERCÂMBIO,intercâmbioSm_Prog001.mp4,intercâmbioSm_Prog001.jpg,cg05.jpg,ERRO,video_download_falhou
858,INTERESSANTE,interessanteSm_Prog001.mp4,interessanteSm_Prog001.jpg,cg51b.jpg,OK,imagem=ERRO | mao=OK
859,INTERESSAR,interessarSm_Prog001.mp4,interessarSm_Prog001.jpg,cg18a.jpg,OK,imagem=ERRO | mao=OK
4134,INTERFERÊNCIA,interferenciaSm_Prog001.mp4,interferenciaSm_Prog001.jpg,cg62.jpg,OK,imagem=ERRO | mao=OK
7420,INTERFERIR,interferirSm_Prog001.mp4,interferirSm_Prog001.jpg,cg62.jpg,OK,imagem=ERRO | mao=OK
4135,INTERINO,interinoSm_Prog001.mp4,interinoSm_Prog001.jpg,cg32.jpg,OK,imagem=ERRO | mao=OK
861,INTERIOR1,interior1Sm_Prog001.mp4,interior1Sm_Prog001.jpg,cg44.jpg,OK,imagem=ERRO | mao=OK
1164,INTERIOR2,interior2Sm_Prog001.mp4,interior2Sm_Prog001.jpg,cg14.jpg,OK,imagem=ERRO | mao=OK
862,INTERNACIONAL,internacionalSm_Prog001.mp4,internacionalSm_Prog001.jpg,cg47.jpg,OK,imagem=ERRO | mao=OK
863,INTERNAR,internarSm_Prog001.mp4,internarSm_Prog001.jpg,cg24.jpg,OK,imagem=ERRO | mao=OK
5571,INTERNATO,internatoSm_Prog001.mp4,internatoSm_Prog001.jpg,cg32.jpg,OK,imagem=ERRO | mao=OK
864,INTERNET,internetSm_Prog001.mp4,internetSm_Prog001.jpg,cg38.jpg,OK,imagem=ERRO | mao=OK
865,INTERPRETAÇÃO,interpretacaoSm_Prog001.mp4,interpretacaoSm_Prog001.jpg,cg63.jpg,OK,imagem=ERRO | mao=OK
866,INTERPRETAR,interpretarSm_Prog001.mp4,interpretarSm_Prog001.jpg,cg63.jpg,OK,imagem=ERRO | mao=OK
867,INTÉRPRETE,interpreteSm_Prog001.mp4,interpreteSm_Prog001.jpg,cg63.jpg,OK,imagem=ERRO | mao=OK
868,INTERROMPER,interromperSm_Prog001.mp4,interromperSm_Prog001.jpg,cg32.jpg,OK,imagem=ERRO | mao=OK
869,INTERRUPTOR,interruptorSm_Prog001.mp4,interruptorSm_Prog001.jpg,cg07.jpg,OK,imagem=ERRO | mao=OK
7421,INTERVALO,intervaloSm_Prog001.mp4,intervaloSm_Prog001.jpg,cg63.jpg,OK,imagem=ERRO | mao=OK
4136,INTERVIR,intervirSm_Prog001.mp4,intervirSm_Prog001.jpg,cg62.jpg,OK,imagem=ERRO | mao=OK
870,INTESTINO,intestinoSm_Prog001.mp4,intestinoSm_Prog001.jpg,cg49.jpg,ERRO,video_download_falhou
4335,INTIMAR,intimarSm_Prog001.mp4,intimarSm_Prog001.jpg,cg05.jpg,OK,imagem=ERRO | mao=OK
4336,INTRODUÇÃO,introducaoSm_Prog001.mp4,introducaoSm_Prog001.jpg,cg53a.jpg,OK,imagem=ERRO | mao=OK
871,INTROMETER,intrometerSm_Prog001.mp4,intrometerSm_Prog001.jpg,cg61.jpg,OK,imagem=ERRO | mao=OK
4337,INÚTIL,inutilSm_Prog001.mp4,inutilSm_Prog001.jpg,cg22b.jpg,OK,imagem=ERRO | mao=OK
872,INVADIR,invadirSm_Prog001.mp4,invadirSm_Prog001.jpg,cg61.jpg,OK,imagem=ERRO | mao=OK
874,INVEJAR,invejarSm_Prog001.mp4,invejarSm_Prog001.jpg,cg15.jpg,OK,imagem=ERRO | mao=OK
875,INVENTAR,inventarSm_Prog001.mp4,inventarSm_Prog001.jpg,cg14.jpg,OK,imagem=ERRO | mao=OK
876,INVERNO,invernoSm_Prog001.mp4,invernoSm_Prog001.jpg,cg02.jpg,OK,imagem=ERRO | mao=OK
877,INVERTER,inverterSm_Prog001.mp4,inverterSm_Prog001.jpg,cg32.jpg,OK,imagem=ERRO | mao=OK
878,INVESTIGAR,investigarSm_Prog001.mp4,investigarSm_Prog001.jpg,cg14.jpg,OK,imagem=ERRO | mao=OK
879,INVISÍVEL,invisivelSm_Prog001.mp4,invisivelSm_Prog001.jpg,cg63.jpg,OK,imagem=ERRO | mao=OK
880,IOGA,iogaSm_Prog001.mp4,iogaSm_Prog001.jpg,cg49.jpg,OK,imagem=ERRO | mao=OK
881,IR1,ir1Sm_Prog001.mp4,ir1Sm_Prog001.jpg,cg14.jpg,OK,imagem=ERRO | mao=OK
882,IR2,ir2Sm_Prog001.mp4,ir2Sm_Prog001.jpg,cg22b.jpg,OK,imagem=ERRO | mao=OK
6930,IR3,ir3Sm_Prog001.mp4,ir3Sm_Prog001.jpg,cg63.jpg,OK,imagem=ERRO | mao=OK
7015,IR4,ir4Sm_Prog001.mp4,ir4Sm_Prog001.jpg,cg32.jpg,OK,imagem=ERRO | mao=OK
7016,IR5,ir5Sm_Prog001.mp4,ir5Sm_Prog001.jpg,cg32.jpg,OK,imagem=ERRO | mao=OK
7422,IR6,ir6Sm_Prog001.mp4,ir6Sm_Prog001.jpg,cg47.jpg,OK,imagem=ERRO | mao=OK
884,IRMÃO,irmaoSm_Prog001.mp4,irmaoSm_Prog001.jpg,cg14.jpg,OK,imagem=ERRO | mao=OK
4339,IRRIGAÇÃO,irrigacaoSm_Prog001.mp4,irrigacaoSm_Prog001.jpg,cg14.jpg,OK,imagem=ERRO | mao=OK
7423,ISCA,iscaSm_Prog001.mp4,iscaSm_Prog001.jpg,cg16.jpg,OK,imagem=ERRO | mao=OK
5567,ISENTAR,isentarSm_Prog001.mp4,isentarSm_Prog001.jpg,cg08a.jpg,OK,imagem=ERRO | mao=OK
4340,ISOLADO,isoladoSm_Prog001.mp4,isoladoSm_Prog001.jpg,cg33.jpg,OK,imagem=ERRO | mao=OK
5568,ISQUEIRO,isqueiroSm_Prog001.mp4,isqueiroSm_Prog001.jpg,cg07.jpg,OK,imagem=ERRO | mao=OK
885,ISRAEL1,israelSm_Prog001.mp4,israelSm_Prog001.jpg,cg59a.jpg,ERRO,video_download_falhou
7424,ISRAEL2,israel2Sm_Prog001.mp4,israel2Sm_Prog001.jpg,cg32.jpg,OK,imagem=ERRO | mao=OK
7425,ISRAELITA1,israelitaSm_Prog001.mp4,israelitaSm_Prog001.jpg,cg59a.jpg,OK,imagem=ERRO | mao=OK
7426,ISRAELITA2,israelita2Sm_Prog001.mp4,israelita2Sm_Prog001.jpg,cg32.jpg,OK,imagem=ERRO | mao=OK
6935,ISSO,issoSm_Prog001.mp4,issoSm_Prog001.jpg,cg14.jpg,OK,imagem=ERRO | mao=OK
886,ITÁLIA,italiaSm_Prog001.mp4,italiaSm_Prog001.jpg,cg40.jpg,OK,imagem=ERRO | mao=OK
7427,ITALIANO,italianoSm_Prog001.mp4,italianoSm_Prog001.jpg,cg40.jpg,OK,imagem=ERRO | mao=OK
7058,J,jSm_Prog001.mp4,jSm_Prog001.jpg,cg38.jpg,OK,imagem=ERRO | mao=OK
2139,JÁ,jaSm_Prog001.mp4,jaSm_Prog001.jpg,cg63.jpg,OK,imagem=ERRO | mao=OK
7428,JABOTA,jabotaSm_Prog001.mp4,jabotaSm_Prog001.jpg,cg07.jpg,OK,imagem=OK | mao=OK
2140,JABUTI,jabutiSm_Prog001.mp4,jabutiSm_Prog001.jpg,cg07.jpg,OK,imagem=OK | mao=OK
2141,JABUTICABA,jabuticabaSm_Prog001.mp4,jabuticabaSm_Prog001.jpg,cg49.jpg,OK,imagem=OK | mao=OK
5283,JACA,jacaSm_Prog001.mp4,jacaSm_Prog001.jpg,cg46a.jpg,OK,imagem=OK | mao=OK
2143,JACARÉ,jacare1Sm_Prog001.mp4,jacare1Sm_Prog001.jpg,cg47.jpg,OK,imagem=OK | mao=OK
5284,JAGUAR1,jaguar1Sm_Prog001.mp4,jaguar1Sm_Prog001.jpg,cg64.jpg,OK,imagem=OK | mao=OK
6971,JAGUAR2,jaguar2Sm_Prog001.mp4,jaguar2Sm_Prog001.jpg,cg47.jpg,OK,imagem=OK | mao=OK
7429,JAMAIS,jamaisSm_Prog001.mp4,jamaisSm_Prog001.jpg,cg24.jpg,OK,imagem=ERRO | mao=OK
2146,JANEIRO,janeiroSm_Prog001.mp4,janeiroSm_Prog001.jpg,cg38.jpg,OK,imagem=ERRO | mao=OK
2147,JANELA,janelaSm_Prog001.mp4,janelaSm_Prog001.jpg,cg02.jpg,OK,imagem=ERRO | mao=OK
3951,JANGADA,jangadaSm_Prog001.mp4,jangadaSm_Prog001.jpg,cg52.jpg,OK,imagem=ERRO | mao=OK
2148,JANTAR,jantarSm_Prog001.mp4,jantarSm_Prog001.jpg,cg53a.jpg,OK,imagem=ERRO | mao=OK
2149,JAPÃO,japaoSm_Prog001.mp4,japaoSm_Prog001.jpg,cg14.jpg,OK,imagem=ERRO | mao=OK
3953,JAPONÊS,japonesSm_Prog001.mp4,japonesSm_Prog001.jpg,cg08a.jpg,OK,imagem=ERRO | mao=OK
2150,JAQUETA,jaquetaSm_Prog001.mp4,jaquetaSm_Prog001.jpg,cg07.jpg,OK,imagem=ERRO | mao=OK
2151,JARDIM,jardim1Sm_Prog001.mp4,jardim1Sm_Prog001.jpg,cg54.jpg,OK,imagem=OK | mao=OK
4000,JARDIM DE INFÂNCIA,jardim3Sm_Prog001.mp4,jardim3Sm_Prog001.jpg,cg63.jpg,OK,imagem=ERRO | mao=OK
2152,JARDIM ZOOLÓGICO,jardim2Sm_Prog001.mp4,jardim2Sm_Prog001.jpg,cg14.jpg,OK,imagem=ERRO | mao=OK
2153,JARRA,jarraSm_Prog001.mp4,jarraSm_Prog001.jpg,cg51b.jpg,OK,imagem=ERRO | mao=OK
3956,JATO1,jato1Sm_Prog001.mp4,jato1Sm_Prog001.jpg,cg64.jpg,OK,imagem=ERRO | mao=OK
3957,JATO2,jato2Sm_Prog001.mp4,jato2Sm_Prog001.jpg,cg40.jpg,OK,imagem=ERRO | mao=OK
3958,JAULA,jaulaSm_Prog001.mp4,jaulaSm_Prog001.jpg,cg58.jpg,OK,imagem=ERRO | mao=OK
4004,JAVALI,javali2Sm_Prog001.mp4,javali2Sm_Prog001.jpg,cg32.jpg,OK,imagem=OK | mao=OK
3959,JAZIGO,jazigoSm_Prog001.mp4,jazigoSm_Prog001.jpg,cg61.jpg,OK,imagem=ERRO | mao=OK
3961,JEITO1,jeito1Sm_Prog001.mp4,jeito1Sm_Prog001.jpg,cg64.jpg,OK,imagem=ERRO | mao=OK
3962,JEITO2,jeito2Sm_Prog001.mp4,jeito2Sm_Prog001.jpg,cg47.jpg,OK,imagem=ERRO | mao=OK
2154,JEJUAR,jejuarSm_Prog001.mp4,jejuarSm_Prog001.jpg,cg07.jpg,OK,imagem=ERRO | mao=OK
2155,JEJUM,jejumSm_Prog001.mp4,jejumSm_Prog001.jpg,cg07.jpg,OK,imagem=ERRO | mao=OK
2156,JESUS CRISTO,jesus-cristoSm_Prog001.mp4,jesus-cristoSm_Prog001.jpg,cg35a.jpg,OK,imagem=ERRO | mao=OK
2157,JET SKI,jet skiSm_Prog001.mp4,jet skiSm_Prog001.jpg,cg02.jpg,ERRO,video_download_falhou
4568,JIBÓIA,jiboiaSm_Prog001.mp4,jiboiaSm_Prog001.jpg,cg31.jpg,OK,imagem=OK | mao=OK
5290,JILÓ,jiloSm_Prog001.mp4,jiloSm_Prog001.jpg,cg15.jpg,OK,imagem=OK | mao=OK
2158,JIU-JITSU,jiu-jitsuSm_Prog001.mp4,jiu-jitsuSm_Prog001.jpg,cg38.jpg,OK,imagem=ERRO | mao=OK
2159,JOÃO PESSOA,joao-pessoaSm_Prog001.mp4,joao-pessoaSm_Prog001.jpg,cg39.jpg,ERRO,video_download_falhou
4569,JOCOSO,jocosoSm_Prog001.mp4,jocosoSm_Prog001.jpg,cg19.jpg,OK,imagem=ERRO | mao=OK
3964,JOELHADA,joelhadaSm_Prog001.mp4,joelhadaSm_Prog001.jpg,cg52.jpg,ERRO,video_download_falhou
2160,JOELHO,joelhoSm_Prog001.mp4,joelhoSm_Prog001.jpg,cg14.jpg,ERRO,video_download_falhou
3965,JOGADO,jogadoSm_Prog001.mp4,jogadoSm_Prog001.jpg,cg57.jpg,OK,imagem=ERRO | mao=OK
3966,JOGADOR,jogadorSm_Prog001.mp4,jogadorSm_Prog001.jpg,cg07.jpg,OK,imagem=ERRO | mao=OK
2162,JOGAR CARTA,jogar3Sm_Prog001.mp4,jogar3Sm_Prog001.jpg,cg05.jpg,OK,imagem=ERRO | mao=OK
2163,JOGAR FORA,jogar2Sm_Prog001.mp4,jogar2Sm_Prog001.jpg,cg02.jpg,OK,imagem=ERRO | mao=OK
2161,JOGAR FUTEBOL,jogar4Sm_Prog001.mp4,jogar4Sm_Prog001.jpg,cg07.jpg,OK,imagem=ERRO | mao=OK
2164,JOGO,jogoSm_Prog001.mp4,jogoSm_Prog001.jpg,cg40.jpg,OK,imagem=ERRO | mao=OK
2165,JÓIA,joiasSm_Prog001.mp4,joiasSm_Prog001.jpg,cg14.jpg,ERRO,video_download_falhou
3970,JÓQUEI-CLUBE,joquei_clubeSm_Prog001.mp4,joquei_clubeSm_Prog001.jpg,cg27.jpg,ERRO,video_download_falhou
2166,JORNAL,jornalSm_Prog001.mp4,jornalSm_Prog001.jpg,cg08a.jpg,OK,imagem=ERRO | mao=OK
4571,JORNALEIRO,jornaleiroSm_Prog001.mp4,jornaleiroSm_Prog001.jpg,cg08a.jpg,OK,imagem=ERRO | mao=OK
2168,JORNALISTA,jornalistaSm_Prog001.mp4,jornalistaSm_Prog001.jpg,cg02.jpg,OK,imagem=ERRO | mao=OK
3938,JORRAR,jorrarSm_Prog001.mp4,jorrarSm_Prog001.jpg,cg64.jpg,OK,imagem=ERRO | mao=OK
2169,JOVEM,jovemSm_Prog001.mp4,jovemSm_Prog001.jpg,cg52.jpg,OK,imagem=ERRO | mao=OK
7430,JUBA,jubaSm_Prog001.mp4,jubaSm_Prog001.jpg,cg47.jpg,OK,imagem=OK | mao=OK
2171,JUDEU,judeuSm_Prog001.mp4,judeuSm_Prog001.jpg,cg59a.jpg,OK,imagem=ERRO | mao=OK
3972,JUDICIAL,judicialSm_Prog001.mp4,judicialSm_Prog001.jpg,cg53a.jpg,OK,imagem=ERRO | mao=OK
2172,JUDÔ,judoSm_Prog001.mp4,judoSm_Prog001.jpg,cg02.jpg,OK,imagem=ERRO | mao=OK
2173,JUIZ,juizSm_Prog001.mp4,juizSm_Prog001.jpg,cg53a.jpg,OK,imagem=ERRO | mao=OK
2174,JUIZ ESPORTIVO,juiz-esportivoSm_Prog001.mp4,juiz-esportivoSm_Prog001.jpg,cg05.jpg,ERRO,video_download_falhou
2175,JUÍZO,juizoSm_Prog001.mp4,juizoSm_Prog001.jpg,cg15.jpg,OK,imagem=ERRO | mao=OK
2177,JULGAMENTO,julgamentoSm_Prog001.mp4,julgamentoSm_Prog001.jpg,cg49.jpg,OK,imagem=ERRO | mao=OK
2176,JULGAR,julgarSm_Prog001.mp4,julgarSm_Prog001.jpg,cg49.jpg,OK,imagem=ERRO | mao=OK
2178,JULHO,julhoSm_Prog001.mp4,julhoSm_Prog001.jpg,cg39.jpg,OK,imagem=ERRO | mao=OK
3973,JUMENTO,jumentoSm_Prog001.mp4,jumentoSm_Prog001.jpg,cg61.jpg,OK,imagem=OK | mao=OK
3994,JUNHO,junho1Sm_Prog001.mp4,junho1Sm_Prog001.jpg,cg39.jpg,ERRO,video_download_falhou
3974,JUNTA,juntaSm_Prog001.mp4,juntaSm_Prog001.jpg,cg47.jpg,OK,imagem=ERRO | mao=OK
2180,JUNTAR1,juntarSm_Prog001.mp4,juntarSm_Prog001.jpg,cg01.jpg,OK,imagem=ERRO | mao=OK
7431,JUNTAR2,juntar2Sm_Prog001.mp4,juntar2Sm_Prog001.jpg,cg14.jpg,OK,imagem=ERRO | mao=OK
7432,JUNTAR3,juntar3Sm_Prog001.mp4,juntar3Sm_Prog001.jpg,cg32.jpg,OK,imagem=ERRO | mao=OK
7433,JUNTAR4,juntar4Sm_Prog001.mp4,juntar4Sm_Prog001.jpg,cg47.jpg,OK,imagem=ERRO | mao=OK
2181,JUNTO,juntoSm_Prog001.mp4,juntoSm_Prog001.jpg,cg01.jpg,OK,imagem=ERRO | mao=OK
5293,JURAMENTO,juramentoSm_Prog001.mp4,juramentoSm_Prog001.jpg,cg63.jpg,OK,imagem=ERRO | mao=OK
2182,JURAR,jurarSm_Prog001.mp4,jurarSm_Prog001.jpg,cg15.jpg,OK,imagem=ERRO | mao=OK
3975,JÚRI,juriSm_Prog001.mp4,juriSm_Prog001.jpg,cg53a.jpg,OK,imagem=ERRO | mao=OK
3976,JURÍDICO,juridicoSm_Prog001.mp4,juridicoSm_Prog001.jpg,cg49.jpg,OK,imagem=ERRO | mao=OK
2183,JUROS,jurosSm_Prog001.mp4,jurosSm_Prog001.jpg,cg38.jpg,OK,imagem=ERRO | mao=OK
2184,JUSTIÇA,justicaSm_Prog001.mp4,justicaSm_Prog001.jpg,cg49.jpg,OK,imagem=ERRO | mao=OK
4003,JUSTO,justoSm_Prog001.mp4,justoSm_Prog001.jpg,cg49.jpg,OK,imagem=ERRO | mao=OK
3977,JUVENIL,juvenilSm_Prog001.mp4,juvenilSm_Prog001.jpg,cg53a.jpg,OK,imagem=ERRO | mao=OK
5295,JUVENTUDE,juventudeSm_Prog001.mp4,juventudeSm_Prog001.jpg,cg53a.jpg,OK,imagem=ERRO | mao=OK
7098,K,kSm_Prog001.mp4,kSm_Prog001.jpg,cg11.jpg,OK,imagem=ERRO | mao=OK
7059,L,lSm_Prog001.mp4,lSm_Prog001.jpg,cg08a.jpg,OK,imagem=ERRO | mao=OK
3388,LÃ,laSm_Prog001.mp4,laSm_Prog001.jpg,cg01.jpg,OK,imagem=ERRO | mao=OK
3389,LABIA,labiaSm_Prog001.mp4,labiaSm_Prog001.jpg,cg44.jpg,OK,imagem=ERRO | mao=OK
3390,LÁBIO,labioSm_Prog001.mp4,labioSm_Prog001.jpg,cg14.jpg,OK,imagem=ERRO | mao=OK
3391,LABIRINTITE,labirintiteSm_Prog001.mp4,labirintiteSm_Prog001.jpg,cg14.jpg,OK,imagem=OK | mao=OK
4637,LABIRINTO,labirintoSm_Prog001.mp4,labirintoSm_Prog001.jpg,cg14.jpg,OK,imagem=ERRO | mao=OK
3392,LABORATÓRIO,laboratorioSm_Prog001.mp4,laboratorioSm_Prog001.jpg,cg39.jpg,OK,imagem=ERRO | mao=OK
3394,LAÇAR,lacarSm_Prog001.mp4,lacarSm_Prog001.jpg,cg05.jpg,OK,imagem=ERRO | mao=OK
3395,LAÇO,lacoSm_Prog001.mp4,lacoSm_Prog001.jpg,cg23.jpg,OK,imagem=ERRO | mao=OK
3397,LACRIMEJAR,lacrimejarSm_Prog001.mp4,lacrimejarSm_Prog001.jpg,cg14.jpg,OK,imagem=ERRO | mao=OK
3398,LACTAÇÃO,lactacaoSm_Prog001.mp4,lactacaoSm_Prog001.jpg,cg02.jpg,OK,imagem=ERRO | mao=OK
3401,LADEIRA,ladeiraSm_Prog001.mp4,ladeiraSm_Prog001.jpg,cg63.jpg,OK,imagem=ERRO | mao=OK
3403,LADO,ladoSm_Prog001.mp4,ladoSm_Prog001.jpg,cg63.jpg,OK,imagem=ERRO | mao=OK
3405,LADRÃO,ladraoSm_Prog001.mp4,ladraoSm_Prog001.jpg,cg63.jpg,OK,imagem=ERRO | mao=OK
3406,LADRILHO,ladrilhoSm_Prog001.mp4,ladrilhoSm_Prog001.jpg,cg08a.jpg,OK,imagem=ERRO | mao=OK
3407,LAGARTA,lagartaSm_Prog001.mp4,lagartaSm_Prog001.jpg,cg15.jpg,OK,imagem=OK | mao=OK
3408,LAGARTIXA,lagartixaSm_Prog001.mp4,lagartixaSm_Prog001.jpg,cg24.jpg,OK,imagem=OK | mao=OK
3410,LAGO,lagoSm_Prog001.mp4,lagoSm_Prog001.jpg,cg18a.jpg,OK,imagem=OK | mao=OK
3411,LAGOA,lagoaSm_Prog001.mp4,lagoaSm_Prog001.jpg,cg14.jpg,OK,imagem=OK | mao=OK
3412,LAGOSTA1,lagosta1Sm_Prog001.mp4,lagosta1Sm_Prog001.jpg,cg26.jpg,OK,imagem=OK | mao=OK
4187,LAGOSTA2,lagosta2Sm_Prog001.mp4,lagosta2Sm_Prog001.jpg,cg20.jpg,OK,imagem=OK | mao=OK
3413,LÁGRIMA,lagrimaSm_Prog001.mp4,lagrimaSm_Prog001.jpg,cg14.jpg,OK,imagem=ERRO | mao=OK
3414,LAJE,lajeSm_Prog001.mp4,lajeSm_Prog001.jpg,cg53a.jpg,OK,imagem=ERRO | mao=OK
3415,LAMA,lamaSm_Prog001.mp4,lamaSm_Prog001.jpg,cg34.jpg,OK,imagem=ERRO | mao=OK
3416,LAMBER,lamberSm_Prog001.mp4,lamberSm_Prog001.jpg,cg52.jpg,OK,imagem=ERRO | mao=OK
3418,LAMBUZADA,lambuzadaSm_Prog001.mp4,lambuzadaSm_Prog001.jpg,cg14.jpg,OK,imagem=ERRO | mao=OK
3419,LAMBUZAR,lambuzarSm_Prog001.mp4,lambuzarSm_Prog001.jpg,cg14.jpg,OK,imagem=ERRO | mao=OK
3420,LAMENTAR,lamentarSm_Prog001.mp4,lamentarSm_Prog001.jpg,cg40.jpg,OK,imagem=ERRO | mao=OK
3421,LÂMINA,laminaSm_Prog001.mp4,laminaSm_Prog001.jpg,cg18a.jpg,OK,imagem=ERRO | mao=OK
3422,LÂMPADA,lampadaSm_Prog001.mp4,lampadaSm_Prog001.jpg,cg45.jpg,OK,imagem=ERRO | mao=OK
3426,LAMPIÃO,lampiaoSm_Prog001.mp4,lampiaoSm_Prog001.jpg,cg44.jpg,OK,imagem=ERRO | mao=OK
3427,LANÇA,lancaSm_Prog001.mp4,lancaSm_Prog001.jpg,cg02.jpg,OK,imagem=ERRO | mao=OK
3430,LANÇA-PERFUME,lanca-perfumeSm_Prog001.mp4,lanca-perfumeSm_Prog001.jpg,cg07.jpg,OK,imagem=ERRO | mao=OK
3429,LANÇAMENTO,lancamentoSm_Prog001.mp4,lancamentoSm_Prog001.jpg,cg64.jpg,OK,imagem=ERRO | mao=OK
3431,LANÇAR,lancarSm_Prog001.mp4,lancarSm_Prog001.jpg,cg02.jpg,OK,imagem=ERRO | mao=OK
3434,LANCHA,lanchaSm_Prog001.mp4,lanchaSm_Prog001.jpg,cg53a.jpg,OK,imagem=ERRO | mao=OK
3436,LANCHAR,lancharSm_Prog001.mp4,lancharSm_Prog001.jpg,cg44.jpg,OK,imagem=ERRO | mao=OK
4006,LANCHE,lancheSm_Prog001.mp4,lancheSm_Prog001.jpg,cg44.jpg,OK,imagem=ERRO | mao=OK
3437,LANCHONETE,lanchoneteSm_Prog001.mp4,lanchoneteSm_Prog001.jpg,cg44.jpg,OK,imagem=ERRO | mao=OK
3439,LANTERNA,lanternaSm_Prog001.mp4,lanternaSm_Prog001.jpg,cg05.jpg,OK,imagem=ERRO | mao=OK
3442,LAPIDAR,lapidarSm_Prog001.mp4,lapidarSm_Prog001.jpg,cg02.jpg,OK,imagem=ERRO | mao=OK
3443,LÁPIDE,lapideSm_Prog001.mp4,lapideSm_Prog001.jpg,cg02.jpg,OK,imagem=ERRO | mao=OK
3444,LÁPIS,lapisSm_Prog001.mp4,lapisSm_Prog001.jpg,cg20.jpg,OK,imagem=ERRO | mao=OK
3447,LÁPIS-DE-COR,lapis de corSm_Prog001.mp4,lapis de corSm_Prog001.jpg,cg20.jpg,ERRO,video_download_falhou
3445,LAPISEIRA,lapiseiraSm_Prog001.mp4,lapiseiraSm_Prog001.jpg,cg13.jpg,OK,imagem=ERRO | mao=OK
3448,LAPSO,lapsoSm_Prog001.mp4,lapsoSm_Prog001.jpg,cg28.jpg,OK,imagem=ERRO | mao=OK
3449,LAQUÊ,laqueSm_Prog001.mp4,laqueSm_Prog001.jpg,cg15.jpg,OK,imagem=ERRO | mao=OK
4007,LAQUEADURA DE TROMPAS,laqueadura_de_trompasSm_Prog001.mp4,laqueadura_de_trompasSm_Prog001.jpg,cg24.jpg,ERRO,video_download_falhou
3450,LAR,larSm_Prog001.mp4,larSm_Prog001.jpg,cg63.jpg,OK,imagem=ERRO | mao=OK
3451,LARANJA,laranjaSm_Prog001.mp4,laranjaSm_Prog001.jpg,cg02.jpg,OK,imagem=OK | mao=OK
3454,LAREIRA,lareiraSm_Prog001.mp4,lareiraSm_Prog001.jpg,cg47.jpg,OK,imagem=ERRO | mao=OK
3455,LARGADA,largada1Sm_Prog001.mp4,largada1Sm_Prog001.jpg,cg01.jpg,ERRO,video_download_falhou
3456,LARGADO,largadoSm_Prog001.mp4,largadoSm_Prog001.jpg,cg35a.jpg,OK,imagem=ERRO | mao=OK
3457,LARGAR1,largar1Sm_Prog001.mp4,largar1Sm_Prog001.jpg,cg33.jpg,OK,imagem=ERRO | mao=OK
3458,LARGAR2,largar2Sm_Prog001.mp4,largar2Sm_Prog001.jpg,cg02.jpg,OK,imagem=ERRO | mao=OK
3459,LARGO,largoSm_Prog001.mp4,largoSm_Prog001.jpg,cg64.jpg,OK,imagem=ERRO | mao=OK
3460,LARGURA,larguraSm_Prog001.mp4,larguraSm_Prog001.jpg,cg49.jpg,OK,imagem=ERRO | mao=OK
3461,LARINGE,laringeSm_Prog001.mp4,laringeSm_Prog001.jpg,cg21.jpg,OK,imagem=ERRO | mao=OK
6984,LATA,lataSm_Prog001.mp4,lataSm_Prog001.jpg,cg18a.jpg,OK,imagem=ERRO | mao=OK
3468,LATERAL,lateralSm_Prog001.mp4,lateralSm_Prog001.jpg,cg63.jpg,OK,imagem=ERRO | mao=OK
5300,LATICÍNIOS,laticiniosSm_Prog001.mp4,laticiniosSm_Prog001.jpg,cg02.jpg,OK,imagem=ERRO | mao=OK
3470,LATIDO,latidoSm_Prog001.mp4,latidoSm_Prog001.jpg,cg50.jpg,OK,imagem=ERRO | mao=OK
4025,LATINO-AMERICANO,latino-americanoSm_Prog001.mp4,latino-americanoSm_Prog001.jpg,cg64.jpg,OK,imagem=ERRO | mao=OK
3472,LATIR,latirSm_Prog001.mp4,latirSm_Prog001.jpg,cg44.jpg,OK,imagem=ERRO | mao=OK
3473,LATITUDE,latitudeSm_Prog001.mp4,latitudeSm_Prog001.jpg,cg55.jpg,OK,imagem=ERRO | mao=OK
3476,LAUDO,laudoSm_Prog001.mp4,laudoSm_Prog001.jpg,cg37a.jpg,OK,imagem=ERRO | mao=OK
3477,LAVA,lavaSm_Prog001.mp4,lavaSm_Prog001.jpg,cg64.jpg,OK,imagem=ERRO | mao=OK
3480,LAVAR,lavar2Sm_Prog001.mp4,lavar2Sm_Prog001.jpg,cg01.jpg,OK,imagem=ERRO | mao=OK
3484,LAVAR ROSTO,lavar5Sm_Prog001.mp4,lavar5Sm_Prog001.jpg,cg64.jpg,OK,imagem=ERRO | mao=OK
3483,LAVAR AS MÃOS1,lavar4Sm_Prog001.mp4,lavar4Sm_Prog001.jpg,cg63.jpg,OK,imagem=ERRO | mao=OK
5434,LAVAR AS MÃOS2,lavar7Sm_Prog001.mp4,lavar7Sm_Prog001.jpg,cg08a.jpg,OK,imagem=ERRO | mao=OK
3479,LAVAR CABELO,lavar1Sm_Prog001.mp4,lavar1Sm_Prog001.jpg,cg47.jpg,OK,imagem=ERRO | mao=OK
3482,LAVAR LOUÇA,lavar3Sm_Prog001.mp4,lavar3Sm_Prog001.jpg,cg63.jpg,OK,imagem=ERRO | mao=OK
3485,LAVAR ROUPA,lavar6Sm_Prog001.mp4,lavar6Sm_Prog001.jpg,cg01.jpg,OK,imagem=ERRO | mao=OK
3486,LAVOURA,lavouraSm_Prog001.mp4,lavouraSm_Prog001.jpg,cg15.jpg,OK,imagem=ERRO | mao=OK
3488,LAVRADOR,lavradorSm_Prog001.mp4,lavradorSm_Prog001.jpg,cg15.jpg,OK,imagem=ERRO | mao=OK
3489,LAVRAR,lavrarSm_Prog001.mp4,lavrarSm_Prog001.jpg,cg15.jpg,OK,imagem=ERRO | mao=OK
3494,LEAL,lealSm_Prog001.mp4,lealSm_Prog001.jpg,cg63.jpg,OK,imagem=ERRO | mao=OK
3495,LEÃO,leaoSm_Prog001.mp4,leaoSm_Prog001.jpg,cg47.jpg,OK,imagem=OK | mao=OK
3497,LEBRE,lebreSm_Prog001.mp4,lebreSm_Prog001.jpg,cg27.jpg,OK,imagem=OK | mao=OK
3498,LECIONAR,lecionarSm_Prog001.mp4,lecionarSm_Prog001.jpg,cg42.jpg,OK,imagem=ERRO | mao=OK
3501,LEGAL1,legal1Sm_Prog001.mp4,legal1Sm_Prog001.jpg,cg64.jpg,OK,imagem=ERRO | mao=OK
3502,LEGAL2,legal2Sm_Prog001.mp4,legal2Sm_Prog001.jpg,cg07.jpg,OK,imagem=ERRO | mao=OK
3503,LEGALIZAR,legalizarSm_Prog001.mp4,legalizarSm_Prog001.jpg,cg07.jpg,OK,imagem=ERRO | mao=OK
3505,LEGENDA,legendaSm_Prog001.mp4,legendaSm_Prog001.jpg,cg24.jpg,OK,imagem=ERRO | mao=OK
3507,LEGISLAÇÃO,legislacaoSm_Prog001.mp4,legislacaoSm_Prog001.jpg,cg08a.jpg,OK,imagem=ERRO | mao=OK
3510,LEGITIMAR,legitimarSm_Prog001.mp4,legitimarSm_Prog001.jpg,cg34.jpg,OK,imagem=ERRO | mao=OK
3511,LEGÍTIMO,legitimoSm_Prog001.mp4,legitimoSm_Prog001.jpg,cg34.jpg,OK,imagem=ERRO | mao=OK
3512,LEGÍVEL,legivelSm_Prog001.mp4,legivelSm_Prog001.jpg,cg34.jpg,OK,imagem=ERRO | mao=OK
3513,LEGUME,legumesSm_Prog001.mp4,legumesSm_Prog001.jpg,cg02.jpg,ERRO,video_download_falhou
3514,LEI1,lei1Sm_Prog001.mp4,lei1Sm_Prog001.jpg,cg08a.jpg,OK,imagem=ERRO | mao=OK
3998,LEI2,lei2Sm_Prog001.mp4,lei2Sm_Prog001.jpg,cg08a.jpg,OK,imagem=ERRO | mao=OK
3516,LEILÃO,leilaoSm_Prog001.mp4,leilaoSm_Prog001.jpg,cg05.jpg,OK,imagem=ERRO | mao=OK
3517,LEITÃO,leitaoSm_Prog001.mp4,leitaoSm_Prog001.jpg,cg61.jpg,OK,imagem=OK | mao=OK
3518,LEITE,leiteSm_Prog001.mp4,leiteSm_Prog001.jpg,cg02.jpg,OK,imagem=ERRO | mao=OK
3519,LEITE-CONDENSADO,leite-condensadoSm_Prog001.mp4,leite-condensadoSm_Prog001.jpg,cg01.jpg,OK,imagem=ERRO | mao=OK
3520,LEITE-DE-COCO,leite-de cocoSm_Prog001.mp4,leite-de cocoSm_Prog001.jpg,cg02.jpg,ERRO,video_download_falhou
3522,LEITO,leitoSm_Prog001.mp4,leitoSm_Prog001.jpg,cg37a.jpg,OK,imagem=ERRO | mao=OK
3524,LEITURA,leituraSm_Prog001.mp4,leituraSm_Prog001.jpg,cg32.jpg,OK,imagem=ERRO | mao=OK
6673,LEMBRAR-NÃO,lembrar_naoSm_Prog001.mp4,lembrar_naoSm_Prog001.jpg,cg64.jpg,OK,imagem=ERRO | mao=OK
3527,LEMBRAR1,lembrar1Sm_Prog001.mp4,lembrar1Sm_Prog001.jpg,cg32.jpg,OK,imagem=ERRO | mao=OK
4002,LEMBRAR2,lembrar2Sm_Prog001.mp4,lembrar2Sm_Prog001.jpg,cg14.jpg,OK,imagem=ERRO | mao=OK
3529,LEME,lemeSm_Prog001.mp4,lemeSm_Prog001.jpg,cg63.jpg,OK,imagem=ERRO | mao=OK
3530,LENÇO,lencoSm_Prog001.mp4,lencoSm_Prog001.jpg,cg44.jpg,OK,imagem=ERRO | mao=OK
3531,LENÇOL,lencolSm_Prog001.mp4,lencolSm_Prog001.jpg,cg55.jpg,OK,imagem=ERRO | mao=OK
3532,LENDA,lendaSm_Prog001.mp4,lendaSm_Prog001.jpg,cg01.jpg,OK,imagem=ERRO | mao=OK
3534,LENHA,lenhaSm_Prog001.mp4,lenhaSm_Prog001.jpg,cg18a.jpg,OK,imagem=ERRO | mao=OK
3537,LENTE,lenteSm_Prog001.mp4,lenteSm_Prog001.jpg,cg05.jpg,OK,imagem=ERRO | mao=OK
3538,LENTE-DE-CONTATO,lente-de-contatoSm_Prog001.mp4,lente-de-contatoSm_Prog001.jpg,cg35a.jpg,OK,imagem=ERRO | mao=OK
3539,LENTIDÃO,lentidaoSm_Prog001.mp4,lentidaoSm_Prog001.jpg,cg07.jpg,OK,imagem=ERRO | mao=OK
3541,LENTO,lentoSm_Prog001.mp4,lentoSm_Prog001.jpg,cg07.jpg,OK,imagem=ERRO | mao=OK
4638,LEPRA,lepraSm_Prog001.mp4,lepraSm_Prog001.jpg,cg44.jpg,OK,imagem=OK | mao=OK
3542,LEQUE,lequeSm_Prog001.mp4,lequeSm_Prog001.jpg,cg05.jpg,OK,imagem=ERRO | mao=OK
3543,LER1,ler1Sm_Prog001.mp4,ler1Sm_Prog001.jpg,cg32.jpg,OK,imagem=ERRO | mao=OK
3544,LER2,ler2Sm_Prog001.mp4,ler2Sm_Prog001.jpg,cg32.jpg,OK,imagem=ERRO | mao=OK
3545,LERDO,lerdoSm_Prog001.mp4,lerdoSm_Prog001.jpg,cg44.jpg,OK,imagem=ERRO | mao=OK
3547,LESÃO,lesaoSm_Prog001.mp4,lesaoSm_Prog001.jpg,cg63.jpg,OK,imagem=OK | mao=OK
3550,LÉSBICA,lesbicaSm_Prog001.mp4,lesbicaSm_Prog001.jpg,cg02.jpg,OK,imagem=ERRO | mao=OK
5308,LESMA,lesmaSm_Prog001.mp4,lesmaSm_Prog001.jpg,cg14.jpg,OK,imagem=OK | mao=OK
3553,LESTE,lesteSm_Prog001.mp4,lesteSm_Prog001.jpg,cg02.jpg,OK,imagem=ERRO | mao=OK
5309,LETRA,letra1Sm_Prog001.mp4,letra1Sm_Prog001.jpg,cg08a.jpg,OK,imagem=ERRO | mao=OK
7434,LETRAS,letras2Sm_Prog001.mp4,letras2Sm_Prog001.jpg,cg08a.jpg,ERRO,video_download_falhou
3562,LEVADO1,levado1Sm_Prog001.mp4,levado1Sm_Prog001.jpg,cg47.jpg,OK,imagem=ERRO | mao=OK
6665,LEVADO2,levado2Sm_Prog001.mp4,levado2Sm_Prog001.jpg,cg04.jpg,OK,imagem=ERRO | mao=OK
3564,LEVANTAR1,levantar1Sm_Prog001.mp4,levantar1Sm_Prog001.jpg,cg32.jpg,OK,imagem=ERRO | mao=OK
4548,LEVANTAR2,levantar2Sm_Prog001.mp4,levantar2Sm_Prog001.jpg,cg63.jpg,OK,imagem=ERRO | mao=OK
6943,LEVANTAR3,levantar3Sm_Prog001.mp4,levantar3Sm_Prog001.jpg,cg53a.jpg,OK,imagem=ERRO | mao=OK
5278,LEVAR BRONCA,levar3Sm_Prog001.mp4,levar3Sm_Prog001.jpg,cg64.jpg,OK,imagem=ERRO | mao=OK
3566,LEVAR1,levar1Sm_Prog001.mp4,levar1Sm_Prog001.jpg,cg57.jpg,OK,imagem=ERRO | mao=OK
5201,LEVAR2,levar2Sm_Prog001.mp4,levar2Sm_Prog001.jpg,cg02.jpg,OK,imagem=ERRO | mao=OK
3567,LEVE1,leve1Sm_Prog001.mp4,leve1Sm_Prog001.jpg,cg63.jpg,OK,imagem=ERRO | mao=OK
3568,LEVE2,leve2Sm_Prog001.mp4,leve2Sm_Prog001.jpg,cg54.jpg,OK,imagem=ERRO | mao=OK
3570,LEVITAR,levitarSm_Prog001.mp4,levitarSm_Prog001.jpg,cg24.jpg,OK,imagem=ERRO | mao=OK
4580,LHAMA,lhamaSm_Prog001.mp4,lhamaSm_Prog001.jpg,cg01.jpg,OK,imagem=OK | mao=OK
4581,LIBERAL,liberalSm_Prog001.mp4,liberalSm_Prog001.jpg,cg63.jpg,OK,imagem=ERRO | mao=OK
3572,LIBERAR,liberarSm_Prog001.mp4,liberarSm_Prog001.jpg,cg33.jpg,OK,imagem=ERRO | mao=OK
3573,LIBERDADE,liberdadeSm_Prog001.mp4,liberdadeSm_Prog001.jpg,cg33.jpg,OK,imagem=ERRO | mao=OK
5204,LIBERTAR,libertarSm_Prog001.mp4,libertarSm_Prog001.jpg,cg33.jpg,ERRO,video_download_falhou
3575,LIBRA,libraSm_Prog001.mp4,libraSm_Prog001.jpg,cg63.jpg,OK,imagem=ERRO | mao=OK
3576,LIÇÃO,licaoSm_Prog001.mp4,licaoSm_Prog001.jpg,cg19.jpg,OK,imagem=ERRO | mao=OK
3577,LICENÇA,licencaSm_Prog001.mp4,licencaSm_Prog001.jpg,cg63.jpg,OK,imagem=ERRO | mao=OK
4026,LICENÇA-PRÊMIO,licenca premioSm_Prog001.mp4,licenca premioSm_Prog001.jpg,cg11.jpg,ERRO,video_download_falhou
3580,LÍDER1,liderSm_Prog001.mp4,liderSm_Prog001.jpg,cg25.jpg,OK,imagem=ERRO | mao=OK
7435,LÍDER2,lider2Sm_Prog001.mp4,lider2Sm_Prog001.jpg,cg08a.jpg,OK,imagem=ERRO | mao=OK
3582,LIGAÇÃO1,ligacaoSm_Prog001.mp4,ligacaoSm_Prog001.jpg,cg14.jpg,OK,imagem=ERRO | mao=OK
3583,LIGAÇÃO2,ligacao2Sm_Prog001.mp4,ligacao2Sm_Prog001.jpg,cg14.jpg,OK,imagem=ERRO | mao=OK
3585,LIGAR,ligar4Sm_Prog001.mp4,ligar4Sm_Prog001.jpg,cg40.jpg,OK,imagem=ERRO | mao=OK
3586,LIGAR APARELHO,ligar3Sm_Prog001.mp4,ligar3Sm_Prog001.jpg,cg07.jpg,OK,imagem=ERRO | mao=OK
3587,LIGAR LUZ,ligar2Sm_Prog001.mp4,ligar2Sm_Prog001.jpg,cg42.jpg,OK,imagem=ERRO | mao=OK
4027,LIGAR IGNIÇÃO,ligar1Sm_Prog001.mp4,ligar1Sm_Prog001.jpg,cg05.jpg,OK,imagem=ERRO | mao=OK
4307,LIGAR TECLA,ligar5Sm_Prog001.mp4,ligar5Sm_Prog001.jpg,cg07.jpg,OK,imagem=ERRO | mao=OK
3588,LIGEIRO,ligeiroSm_Prog001.mp4,ligeiroSm_Prog001.jpg,cg64.jpg,OK,imagem=ERRO | mao=OK
4584,LILÁS,lilasSm_Prog001.mp4,lilasSm_Prog001.jpg,cg02.jpg,ERRO,video_download_falhou
3590,LIMA,limaSm_Prog001.mp4,limaSm_Prog001.jpg,cg24.jpg,OK,imagem=ERRO | mao=OK
3867,LIMÃO,limaoSm_Prog001.mp4,limaoSm_Prog001.jpg,cg14.jpg,OK,imagem=OK | mao=OK
3593,LIMAR,limarSm_Prog001.mp4,limarSm_Prog001.jpg,cg24.jpg,OK,imagem=ERRO | mao=OK
3594,LIMITADO,limitadoSm_Prog001.mp4,limitadoSm_Prog001.jpg,cg63.jpg,OK,imagem=ERRO | mao=OK
3595,LIMITAR,limitarSm_Prog001.mp4,limitarSm_Prog001.jpg,cg63.jpg,OK,imagem=ERRO | mao=OK
3596,LIMITE1,limite1Sm_Prog001.mp4,limite1Sm_Prog001.jpg,cg63.jpg,OK,imagem=ERRO | mao=OK
6501,LIMITE2,limite2Sm_Prog001.mp4,limite2Sm_Prog001.jpg,cg63.jpg,OK,imagem=ERRO | mao=OK
3598,LIMO,limoSm_Prog001.mp4,limoSm_Prog001.jpg,cg32.jpg,OK,imagem=OK | mao=OK
4639,LIMPEZA,limpezaSm_Prog001.mp4,limpezaSm_Prog001.jpg,cg64.jpg,OK,imagem=OK | mao=OK
3602,LIMPO,limpoSm_Prog001.mp4,limpoSm_Prog001.jpg,cg64.jpg,OK,imagem=OK | mao=OK
3603,LIMUSINE,limuniseSm_Prog001.mp4,limuniseSm_Prog001.jpg,cg02.jpg,ERRO,video_download_falhou
3606,LINDO,lindo1Sm_Prog001.mp4,lindo1Sm_Prog001.jpg,cg18a.jpg,OK,imagem=ERRO | mao=OK
3609,LÍNGUA,linguaSm_Prog001.mp4,linguaSm_Prog001.jpg,cg15.jpg,OK,imagem=ERRO | mao=OK
3610,LÍNGUA DE SINAIS,lingua-de-sinaisSm_Prog001.mp4,lingua-de-sinaisSm_Prog001.jpg,cg64.jpg,OK,imagem=ERRO | mao=OK
3611,LÍNGUA ESTRANGEIRA,lingua_estrangeiraSm_Prog001.mp4,lingua_estrangeiraSm_Prog001.jpg,cg27.jpg,OK,imagem=ERRO | mao=OK
3612,LINGUAGEM,linguagemSm_Prog001.mp4,linguagemSm_Prog001.jpg,cg08a.jpg,OK,imagem=ERRO | mao=OK
3613,LINGUARUDO,linguarudoSm_Prog001.mp4,linguarudoSm_Prog001.jpg,cg14.jpg,OK,imagem=ERRO | mao=OK
3614,LINGÜIÇA,linguicaSm_Prog001.mp4,linguicaSm_Prog001.jpg,cg61.jpg,OK,imagem=ERRO | mao=OK
3615,LINGÜÍSTICA,linguisticaSm_Prog001.mp4,linguisticaSm_Prog001.jpg,cg08a.jpg,OK,imagem=ERRO | mao=OK
3616,LINHA1,linha1Sm_Prog001.mp4,linha1Sm_Prog001.jpg,cg40.jpg,OK,imagem=ERRO | mao=OK
5207,LINHA2,linha2Sm_Prog001.mp4,linha2Sm_Prog001.jpg,cg26.jpg,OK,imagem=ERRO | mao=OK
3617,LIQUID PAPER,liquid-paperSm_Prog001.mp4,liquid-paperSm_Prog001.jpg,cg08a.jpg,OK,imagem=ERRO | mao=OK
3618,LIQUIDAÇÃO,liquidacaoSm_Prog001.mp4,liquidacaoSm_Prog001.jpg,cg64.jpg,OK,imagem=ERRO | mao=OK
3619,LIQUIDIFICADOR,liquidificadorSm_Prog001.mp4,liquidificadorSm_Prog001.jpg,cg14.jpg,OK,imagem=ERRO | mao=OK
3624,LISO,lisoSm_Prog001.mp4,lisoSm_Prog001.jpg,cg11.jpg,OK,imagem=ERRO | mao=OK
3625,LISTA,listaSm_Prog001.mp4,listaSm_Prog001.jpg,cg53a.jpg,OK,imagem=ERRO | mao=OK
3626,LISTAGEM,listagemSm_Prog001.mp4,listagemSm_Prog001.jpg,cg53a.jpg,OK,imagem=ERRO | mao=OK
3627,LISTRA,listraSm_Prog001.mp4,listraSm_Prog001.jpg,cg64.jpg,OK,imagem=ERRO | mao=OK
5313,LITRO,litroSm_Prog001.mp4,litroSm_Prog001.jpg,cg08a.jpg,OK,imagem=ERRO | mao=OK
3633,LÍVIDO,lividoSm_Prog001.mp4,lividoSm_Prog001.jpg,cg52.jpg,OK,imagem=ERRO | mao=OK
3634,LIVRAR,livrarSm_Prog001.mp4,livrarSm_Prog001.jpg,cg33.jpg,OK,imagem=ERRO | mao=OK
3636,LIVRE,livreSm_Prog001.mp4,livreSm_Prog001.jpg,cg33.jpg,OK,imagem=ERRO | mao=OK
3640,LIVRO,livroSm_Prog001.mp4,livroSm_Prog001.jpg,cg63.jpg,OK,imagem=ERRO | mao=OK
3641,LIXA,lixaSm_Prog001.mp4,lixaSm_Prog001.jpg,cg63.jpg,OK,imagem=ERRO | mao=OK
3643,LIXAR,lixarSm_Prog001.mp4,lixarSm_Prog001.jpg,cg63.jpg,OK,imagem=ERRO | mao=OK
3644,LIXEIRA,lixeiraSm_Prog001.mp4,lixeiraSm_Prog001.jpg,cg15.jpg,OK,imagem=ERRO | mao=OK
7436,LIXO,lixo2Sm_Prog001.mp4,lixo2Sm_Prog001.jpg,cg36.jpg,OK,imagem=OK | mao=OK
3648,LOBISOMEM,lobisomemSm_Prog001.mp4,lobisomemSm_Prog001.jpg,cg47.jpg,OK,imagem=ERRO | mao=OK
3649,LOBO,loboSm_Prog001.mp4,loboSm_Prog001.jpg,cg08a.jpg,OK,imagem=OK | mao=OK
3651,LOCAL,localSm_Prog001.mp4,localSm_Prog001.jpg,cg18a.jpg,OK,imagem=ERRO | mao=OK
3652,LOCALIZAR,localizarSm_Prog001.mp4,localizarSm_Prog001.jpg,cg02.jpg,OK,imagem=ERRO | mao=OK
3656,LOCOMOTIVA,locomotivaSm_Prog001.mp4,locomotivaSm_Prog001.jpg,cg42.jpg,OK,imagem=ERRO | mao=OK
3657,LOCOMOVER,locomoverSm_Prog001.mp4,locomoverSm_Prog001.jpg,cg02.jpg,ERRO,video_download_falhou
3660,LOGO1,logo1Sm_Prog001.mp4,logo1Sm_Prog001.jpg,cg51a.jpg,OK,imagem=ERRO | mao=OK
4520,LOGO2,logo2Sm_Prog001.mp4,logo2Sm_Prog001.jpg,cg63.jpg,OK,imagem=ERRO | mao=OK
5314,LOJA,loja1Sm_Prog001.mp4,loja1Sm_Prog001.jpg,cg08a.jpg,OK,imagem=ERRO | mao=OK
3666,LOMBADA,lombadaSm_Prog001.mp4,lombadaSm_Prog001.jpg,cg31.jpg,OK,imagem=ERRO | mao=OK
3668,LOMBRIGA,lombrigaSm_Prog001.mp4,lombrigaSm_Prog001.jpg,cg15.jpg,ERRO,video_download_falhou
3671,LONGE1,longeSm_Prog001.mp4,longeSm_Prog001.jpg,cg14.jpg,OK,imagem=ERRO | mao=OK
7437,LONGE2,longe2Sm_Prog001.mp4,longe2Sm_Prog001.jpg,cg01.jpg,OK,imagem=ERRO | mao=OK
7438,LONGE3,longe3Sm_Prog001.mp4,longe3Sm_Prog001.jpg,cg08b.jpg,OK,imagem=ERRO | mao=OK
3675,LOSANGO,losangoSm_Prog001.mp4,losangoSm_Prog001.jpg,cg14.jpg,OK,imagem=ERRO | mao=OK
3678,LOTADO,lotadoSm_Prog001.mp4,lotadoSm_Prog001.jpg,cg07.jpg,OK,imagem=ERRO | mao=OK
3677,LOTAR,lotarSm_Prog001.mp4,lotarSm_Prog001.jpg,cg07.jpg,OK,imagem=ERRO | mao=OK
3679,LOTE,loteSm_Prog001.mp4,loteSm_Prog001.jpg,cg14.jpg,OK,imagem=ERRO | mao=OK
3680,LOTERIA,loteriaSm_Prog001.mp4,loteriaSm_Prog001.jpg,cg14.jpg,OK,imagem=ERRO | mao=OK
5315,LOUÇA,loucaSm_Prog001.mp4,loucaSm_Prog001.jpg,cg08a.jpg,OK,imagem=ERRO | mao=OK
3682,LOUCO,loucoSm_Prog001.mp4,loucoSm_Prog001.jpg,cg14.jpg,OK,imagem=ERRO | mao=OK
3662,LOURO,louroSm_Prog001.mp4,louroSm_Prog001.jpg,cg12.jpg,OK,imagem=ERRO | mao=OK
3683,LOUSA,lousaSm_Prog001.mp4,lousaSm_Prog001.jpg,cg19.jpg,OK,imagem=ERRO | mao=OK
3686,LUA,lua1Sm_Prog001.mp4,lua1Sm_Prog001.jpg,cg01.jpg,OK,imagem=OK | mao=OK
3687,LUA-DE-MEL,lua-de-melSm_Prog001.mp4,lua-de-melSm_Prog001.jpg,cg20.jpg,OK,imagem=ERRO | mao=OK
4301,LUBRIFICANTE,lubrificanteSm_Prog001.mp4,lubrificanteSm_Prog001.jpg,cg40.jpg,OK,imagem=ERRO | mao=OK
3689,LUBRIFICAR,lubrificarSm_Prog001.mp4,lubrificarSm_Prog001.jpg,cg40.jpg,OK,imagem=ERRO | mao=OK
3692,LUCRAR,lucrarSm_Prog001.mp4,lucrarSm_Prog001.jpg,cg20.jpg,OK,imagem=ERRO | mao=OK
3693,LUCRO,lucroSm_Prog001.mp4,lucroSm_Prog001.jpg,cg08a.jpg,OK,imagem=ERRO | mao=OK
4585,LULA,lulaSm_Prog001.mp4,lulaSm_Prog001.jpg,cg57.jpg,OK,imagem=OK | mao=OK
3700,LUMINÁRIA,luminariaSm_Prog001.mp4,luminariaSm_Prog001.jpg,cg57.jpg,OK,imagem=ERRO | mao=OK
3701,LUMINOSO,luminosoSm_Prog001.mp4,luminosoSm_Prog001.jpg,cg42.jpg,OK,imagem=ERRO | mao=OK
3702,LUNETA,lunetaSm_Prog001.mp4,lunetaSm_Prog001.jpg,cg51a.jpg,OK,imagem=ERRO | mao=OK
3704,LUPA,lupaSm_Prog001.mp4,lupaSm_Prog001.jpg,cg05.jpg,OK,imagem=ERRO | mao=OK
3705,LUSTRAR,lustrarSm_Prog001.mp4,lustrarSm_Prog001.jpg,cg01.jpg,OK,imagem=ERRO | mao=OK
3706,LUSTRE,lustreSm_Prog001.mp4,lustreSm_Prog001.jpg,cg57.jpg,OK,imagem=ERRO | mao=OK
3710,LUTAR1,lutar1Sm_Prog001.mp4,lutar1Sm_Prog001.jpg,cg32.jpg,OK,imagem=ERRO | mao=OK
3711,LUTAR2,lutar2Sm_Prog001.mp4,lutar2Sm_Prog001.jpg,cg08a.jpg,OK,imagem=ERRO | mao=OK
3712,LUTERANO,luteranoSm_Prog001.mp4,luteranoSm_Prog001.jpg,cg08a.jpg,OK,imagem=ERRO | mao=OK
3714,LUVA,luvaSm_Prog001.mp4,luvaSm_Prog001.jpg,cg01.jpg,OK,imagem=ERRO | mao=OK
3715,LUXAR,luxarSm_Prog001.mp4,luxarSm_Prog001.jpg,cg02.jpg,OK,imagem=ERRO | mao=OK
3716,LUXO,luxoSm_Prog001.mp4,luxoSm_Prog001.jpg,cg49.jpg,OK,imagem=ERRO | mao=OK
3717,LUZ,luzSm_Prog001.mp4,luzSm_Prog001.jpg,cg57.jpg,OK,imagem=ERRO | mao=OK
7060,M,mSm_Prog001.mp4,mSm_Prog001.jpg,cg60.jpg,OK,imagem=ERRO | mao=OK
3120,MAÇÃ,macaSm_Prog001.mp4,macaSm_Prog001.jpg,cg51a.jpg,ERRO,video_download_falhou
4640,MACA,maca_Sm_Prog001.mp4,maca_Sm_Prog001.jpg,cg02.jpg,ERRO,video_download_falhou
3121,MACACÃO,macacaoSm_Prog001.mp4,macacaoSm_Prog001.jpg,cg22a.jpg,OK,imagem=ERRO | mao=OK
4083,MACACO,macacoSm_Prog001.mp4,macacoSm_Prog001.jpg,cg47.jpg,OK,imagem=OK | mao=OK
4587,MACACO MECÂNICO,macaco_mecanicoSm_Prog001.mp4,macaco_mecanicoSm_Prog001.jpg,cg02.jpg,OK,imagem=ERRO | mao=OK
3122,MACARRÃO,macarraoSm_Prog001.mp4,macarraoSm_Prog001.jpg,cg26.jpg,OK,imagem=ERRO | mao=OK
3123,MACEIÓ,maceioSm_Prog001.mp4,maceioSm_Prog001.jpg,cg20.jpg,OK,imagem=ERRO | mao=OK
4641,MACHADO,machadoSm_Prog001.mp4,machadoSm_Prog001.jpg,cg05.jpg,OK,imagem=ERRO | mao=OK
4642,MACHÃO,machaoSm_Prog001.mp4,machaoSm_Prog001.jpg,cg05.jpg,OK,imagem=ERRO | mao=OK
3124,MACHISTA,machistaSm_Prog001.mp4,machistaSm_Prog001.jpg,cg05.jpg,OK,imagem=ERRO | mao=OK
4085,MACHO,machoSm_Prog001.mp4,machoSm_Prog001.jpg,cg44.jpg,OK,imagem=ERRO | mao=OK
3125,MACHUCAR1,machucar1Sm_Prog001.mp4,machucar1Sm_Prog001.jpg,cg63.jpg,OK,imagem=ERRO | mao=OK
3126,MACHUCAR2,machucar2Sm_Prog001.mp4,machucar2Sm_Prog001.jpg,cg54.jpg,OK,imagem=ERRO | mao=OK
3127,MACIO,macioSm_Prog001.mp4,macioSm_Prog001.jpg,cg53a.jpg,OK,imagem=ERRO | mao=OK
3128,MACONHA1,maconha1Sm_Prog001.mp4,maconha1Sm_Prog001.jpg,cg05.jpg,OK,imagem=ERRO | mao=OK
3129,MACONHA2,maconha2Sm_Prog001.mp4,maconha2Sm_Prog001.jpg,cg05.jpg,OK,imagem=ERRO | mao=OK
3130,MACUMBA,macumbaSm_Prog001.mp4,macumbaSm_Prog001.jpg,cg23.jpg,OK,imagem=ERRO | mao=OK
3131,MADEIRA,madeiraSm_Prog001.mp4,madeiraSm_Prog001.jpg,cg63.jpg,OK,imagem=OK | mao=OK
3111,MADRASTA,madrastaSm_Prog001.mp4,madrastaSm_Prog001.jpg,cg52.jpg,OK,imagem=ERRO | mao=OK
4643,MADRE,madreSm_Prog001.mp4,madreSm_Prog001.jpg,cg53a.jpg,OK,imagem=ERRO | mao=OK
3112,MADRINHA,madrinhaSm_Prog001.mp4,madrinhaSm_Prog001.jpg,cg44.jpg,OK,imagem=ERRO | mao=OK
3113,MADRUGADA,madrugadaSm_Prog001.mp4,madrugadaSm_Prog001.jpg,cg02.jpg,OK,imagem=ERRO | mao=OK
3114,MADURO,maduroSm_Prog001.mp4,maduroSm_Prog001.jpg,cg53a.jpg,OK,imagem=ERRO | mao=OK
4644,MAESTRO,maestroSm_Prog001.mp4,maestroSm_Prog001.jpg,cg14.jpg,OK,imagem=ERRO | mao=OK
7439,MÁGICA,magicaSm_Prog001.mp4,magicaSm_Prog001.jpg,cg02.jpg,OK,imagem=ERRO | mao=OK
3117,MÁGICO,magicoSm_Prog001.mp4,magicoSm_Prog001.jpg,cg02.jpg,OK,imagem=ERRO | mao=OK
3132,MAGISTÉRIO,magisterioSm_Prog001.mp4,magisterioSm_Prog001.jpg,cg57.jpg,OK,imagem=ERRO | mao=OK
4645,MAGNÍFICO,magnificoSm_Prog001.mp4,magnificoSm_Prog001.jpg,cg07.jpg,OK,imagem=ERRO | mao=OK
3134,MAGOAR,magoarSm_Prog001.mp4,magoarSm_Prog001.jpg,cg02.jpg,OK,imagem=ERRO | mao=OK
3135,MAGRO,magroSm_Prog001.mp4,magroSm_Prog001.jpg,cg38.jpg,OK,imagem=ERRO | mao=OK
3137,MAIÔ,maiôSm_Prog001.mp4,maiôSm_Prog001.jpg,cg58.jpg,ERRO,video_download_falhou
3136,MAIO,maioSm_Prog001.mp4,maioSm_Prog001.jpg,cg52.jpg,OK,imagem=ERRO | mao=OK
4590,MAIONESE,maioneseSm_Prog001.mp4,maioneseSm_Prog001.jpg,cg53a.jpg,OK,imagem=ERRO | mao=OK
3138,MAIOR1,maior1Sm_Prog001.mp4,maior1Sm_Prog001.jpg,cg47.jpg,OK,imagem=ERRO | mao=OK
3139,MAIOR2,maior2Sm_Prog001.mp4,maior2Sm_Prog001.jpg,cg07.jpg,OK,imagem=ERRO | mao=OK
3140,MAIORIA,maioriaSm_Prog001.mp4,maioriaSm_Prog001.jpg,cg18a.jpg,OK,imagem=ERRO | mao=OK
3141,MAIS 1,mais1Sm_Prog001.mp4,mais1Sm_Prog001.jpg,cg63.jpg,OK,imagem=ERRO | mao=OK
3142,MAIS2,mais2Sm_Prog001.mp4,mais2Sm_Prog001.jpg,cg14.jpg,OK,imagem=ERRO | mao=OK
3143,MAIS3,mais3Sm_Prog001.mp4,mais3Sm_Prog001.jpg,cg08a.jpg,OK,imagem=ERRO | mao=OK
3144,MAIS4,mais4Sm_Prog001.mp4,mais4Sm_Prog001.jpg,cg63.jpg,OK,imagem=ERRO | mao=OK
3145,MAIS5,mais5Sm_Prog001.mp4,mais5Sm_Prog001.jpg,cg52.jpg,OK,imagem=ERRO | mao=OK
3146,MAIS6,mais6Sm_Prog001.mp4,mais6Sm_Prog001.jpg,cg63.jpg,OK,imagem=ERRO | mao=OK
3152,MAL1,malSm_Prog001.mp4,malSm_Prog001.jpg,cg07.jpg,OK,imagem=OK | mao=OK
5326,MAL2,mal2Sm_Prog001.mp4,mal2Sm_Prog001.jpg,cg07.jpg,OK,imagem=OK | mao=OK
3154,MALA,malaSm_Prog001.mp4,malaSm_Prog001.jpg,cg02.jpg,OK,imagem=ERRO | mao=OK
3155,MALANDRO,malandroSm_Prog001.mp4,malandroSm_Prog001.jpg,cg64.jpg,OK,imagem=ERRO | mao=OK
4591,MALÁSIA,malasiaSm_Prog001.mp4,malasiaSm_Prog001.jpg,cg63.jpg,OK,imagem=ERRO | mao=OK
3156,MALCRIADO,malcriadoSm_Prog001.mp4,malcriadoSm_Prog001.jpg,cg07.jpg,OK,imagem=ERRO | mao=OK
3157,MALDADE,maldadeSm_Prog001.mp4,maldadeSm_Prog001.jpg,cg15.jpg,OK,imagem=ERRO | mao=OK
3158,MALFEITOR,malfeitorSm_Prog001.mp4,malfeitorSm_Prog001.jpg,cg07.jpg,OK,imagem=ERRO | mao=OK
3159,MALTRATAR,maltratarSm_Prog001.mp4,maltratarSm_Prog001.jpg,cg01.jpg,OK,imagem=ERRO | mao=OK
3160,MALUCO,malucoSm_Prog001.mp4,malucoSm_Prog001.jpg,cg14.jpg,OK,imagem=ERRO | mao=OK
3161,MALVADO,malvadoSm_Prog001.mp4,malvadoSm_Prog001.jpg,cg02.jpg,OK,imagem=ERRO | mao=OK
4646,MAMA,mamaSm_Prog001.mp4,mamaSm_Prog001.jpg,cg63.jpg,OK,imagem=ERRO | mao=OK
3162,MAMADEIRA,mamadeiraSm_Prog001.mp4,mamadeiraSm_Prog001.jpg,cg51a.jpg,OK,imagem=ERRO | mao=OK
3115,MAMÃE1,mamae1Sm_Prog001.mp4,mamae1Sm_Prog001.jpg,cg07.jpg,OK,imagem=ERRO | mao=OK
3116,MAMÃE2,mamae2Sm_Prog001.mp4,mamae2Sm_Prog001.jpg,cg01.jpg,OK,imagem=ERRO | mao=OK
3163,MAMÃO,mamao1Sm_Prog001.mp4,mamao1Sm_Prog001.jpg,cg57.jpg,OK,imagem=OK | mao=OK
5335,MAMAR,mamarSm_Prog001.mp4,mamarSm_Prog001.jpg,cg44.jpg,OK,imagem=ERRO | mao=OK
5340,MAMÍFERO,mamiferoSm_Prog001.mp4,mamiferoSm_Prog001.jpg,cg47.jpg,OK,imagem=ERRO | mao=OK
3164,MANAUS,manausSm_Prog001.mp4,manausSm_Prog001.jpg,cg01.jpg,OK,imagem=ERRO | mao=OK
3165,MANCAR,mancarSm_Prog001.mp4,mancarSm_Prog001.jpg,cg32.jpg,OK,imagem=ERRO | mao=OK
4086,MANCHA,manchaSm_Prog001.mp4,manchaSm_Prog001.jpg,cg14.jpg,OK,imagem=ERRO | mao=OK
3166,MANDAMENTOS,mandamentosSm_Prog001.mp4,mandamentosSm_Prog001.jpg,cg14.jpg,OK,imagem=ERRO | mao=OK
3167,MANDAR,mandarSm_Prog001.mp4,mandarSm_Prog001.jpg,cg14.jpg,OK,imagem=ERRO | mao=OK
4592,MANDIOCA,mandiocaSm_Prog001.mp4,mandiocaSm_Prog001.jpg,cg63.jpg,OK,imagem=OK | mao=OK
3168,MANGA1,manga1Sm_Prog001.mp4,manga1Sm_Prog001.jpg,cg63.jpg,OK,imagem=ERRO | mao=OK
3169,MANGA2,manga2Sm_Prog001.mp4,manga2Sm_Prog001.jpg,cg61.jpg,OK,imagem=ERRO | mao=OK
4595,MANGUEIRA,mangueiraSm_Prog001.mp4,mangueiraSm_Prog001.jpg,cg05.jpg,OK,imagem=ERRO | mao=OK
3170,MANHÃ,manhaSm_Prog001.mp4,manhaSm_Prog001.jpg,cg31.jpg,OK,imagem=OK | mao=OK
3172,MANIA,maniaSm_Prog001.mp4,maniaSm_Prog001.jpg,cg11.jpg,OK,imagem=ERRO | mao=OK
4647,MANÍACO,maniacoSm_Prog001.mp4,maniacoSm_Prog001.jpg,cg63.jpg,OK,imagem=ERRO | mao=OK
3173,MANICURE,manicureSm_Prog001.mp4,manicureSm_Prog001.jpg,cg14.jpg,OK,imagem=ERRO | mao=OK
7441,MANIFESTAÇÃO1,manifestacao1Sm_Prog001.mp4,manifestacao1Sm_Prog001.jpg,cg05.jpg,OK,imagem=ERRO | mao=OK
7442,MANIFESTAÇÃO2,manifestacao2Sm_Prog001.mp4,manifestacao2Sm_Prog001.jpg,cg47.jpg,OK,imagem=ERRO | mao=OK
3174,MANIFESTAR1,manifestar1Sm_Prog001.mp4,manifestar1Sm_Prog001.jpg,cg05.jpg,OK,imagem=ERRO | mao=OK
3175,MANIFESTAR2,manifestar2Sm_Prog001.mp4,manifestar2Sm_Prog001.jpg,cg47.jpg,OK,imagem=ERRO | mao=OK
4648,MANO,manoSm_Prog001.mp4,manoSm_Prog001.jpg,cg14.jpg,OK,imagem=ERRO | mao=OK
4649,MANOBRA,manobraSm_Prog001.mp4,manobraSm_Prog001.jpg,cg02.jpg,OK,imagem=ERRO | mao=OK
6147,MANOBRAR,manobrarSm_Prog001.mp4,manobrarSm_Prog001.jpg,cg02.jpg,OK,imagem=ERRO | mao=OK
4650,MANSO,mansoSm_Prog001.mp4,mansoSm_Prog001.jpg,cg63.jpg,OK,imagem=ERRO | mao=OK
3176,MANTEIGA,manteigaSm_Prog001.mp4,manteigaSm_Prog001.jpg,cg63.jpg,OK,imagem=ERRO | mao=OK
5336,MANTER,manterSm_Prog001.mp4,manterSm_Prog001.jpg,cg32.jpg,OK,imagem=ERRO | mao=OK
4651,MANUTENÇÃO,manutencaoSm_Prog001.mp4,manutencaoSm_Prog001.jpg,cg14.jpg,OK,imagem=ERRO | mao=OK
3177,MÃO,maoSm_Prog001.mp4,maoSm_Prog001.jpg,cg64.jpg,OK,imagem=ERRO | mao=OK
3178,MAPA,mapaSm_Prog001.mp4,mapaSm_Prog001.jpg,cg01.jpg,OK,imagem=ERRO | mao=OK
3179,MAQUIAGEM,maquiagemSm_Prog001.mp4,maquiagemSm_Prog001.jpg,cg63.jpg,OK,imagem=ERRO | mao=OK
4084,MÁQUINA,maquina1Sm_Prog001.mp4,maquina1Sm_Prog001.jpg,cg14.jpg,OK,imagem=ERRO | mao=OK
4158,MÁQUINA DE COSTURA,maquina_de_costurarSm_Prog001.mp4,maquina_de_costurarSm_Prog001.jpg,cg62.jpg,ERRO,video_download_falhou
4159,MÁQUINA DE ESCREVER,maquina-de_escreverSm_Prog001.mp4,maquina-de_escreverSm_Prog001.jpg,cg57.jpg,OK,imagem=ERRO | mao=OK
5328,MÁQUINA DE LAVAR ROUPA,maquina_de_lavar_roupaSm_Prog001.mp4,maquina_de_lavar_roupaSm_Prog001.jpg,cg14.jpg,OK,imagem=ERRO | mao=OK
4161,MÁQUINA FOTOGRÁFICA,maquina_de_fotografiaSm_Prog001.mp4,maquina_de_fotografiaSm_Prog001.jpg,cg18a.jpg,ERRO,video_download_falhou
3181,MAR,marSm_Prog001.mp4,marSm_Prog001.jpg,cg08a.jpg,OK,imagem=OK | mao=OK
3182,MARACUJÁ,maracujaSm_Prog001.mp4,maracujaSm_Prog001.jpg,cg61.jpg,OK,imagem=OK | mao=OK
4652,MARAJÁ,marajaSm_Prog001.mp4,marajaSm_Prog001.jpg,cg20.jpg,OK,imagem=ERRO | mao=OK
3183,MARANHÃO,maranhaoSm_Prog001.mp4,maranhaoSm_Prog001.jpg,cg60.jpg,OK,imagem=ERRO | mao=OK
3184,MARAVILHOSO,maravilhosoSm_Prog001.mp4,maravilhosoSm_Prog001.jpg,cg64.jpg,OK,imagem=ERRO | mao=OK
3188,MARCA,marcaSm_Prog001.mp4,marcaSm_Prog001.jpg,cg02.jpg,OK,imagem=ERRO | mao=OK
3186,MARCAR1,marcar1Sm_Prog001.mp4,marcar1Sm_Prog001.jpg,cg63.jpg,OK,imagem=ERRO | mao=OK
3187,MARCAR2,marcar2Sm_Prog001.mp4,marcar2Sm_Prog001.jpg,cg14.jpg,OK,imagem=ERRO | mao=OK
3189,MARCENEIRO,marceneiroSm_Prog001.mp4,marceneiroSm_Prog001.jpg,cg02.jpg,OK,imagem=ERRO | mao=OK
3190,MARCHAR,marcharSm_Prog001.mp4,marcharSm_Prog001.jpg,cg01.jpg,OK,imagem=ERRO | mao=OK
3191,MARÇO,marcoSm_Prog001.mp4,marcoSm_Prog001.jpg,cg01.jpg,OK,imagem=ERRO | mao=OK
3194,MAREMOTO,maremotoSm_Prog001.mp4,maremotoSm_Prog001.jpg,cg01.jpg,OK,imagem=OK | mao=OK
5329,MARGARINA,margarinaSm_Prog001.mp4,margarinaSm_Prog001.jpg,cg63.jpg,OK,imagem=ERRO | mao=OK
4653,MARIA-FUMAÇA,maria_fumacaSm_Prog001.mp4,maria_fumacaSm_Prog001.jpg,cg14.jpg,OK,imagem=ERRO | mao=OK
3195,MARIDO1,marido1Sm_Prog001.mp4,marido1Sm_Prog001.jpg,cg52.jpg,OK,imagem=ERRO | mao=OK
3196,MARIDO2,marido2Sm_Prog001.mp4,marido2Sm_Prog001.jpg,cg52.jpg,OK,imagem=ERRO | mao=OK
3197,MARINHA,marinhaSm_Prog001.mp4,marinhaSm_Prog001.jpg,cg63.jpg,OK,imagem=ERRO | mao=OK
4599,MARIONETE,marioneteSm_Prog001.mp4,marioneteSm_Prog001.jpg,cg49.jpg,OK,imagem=ERRO | mao=OK
3199,MARMITA,marmitaSm_Prog001.mp4,marmitaSm_Prog001.jpg,cg53a.jpg,OK,imagem=ERRO | mao=OK
3200,MARROM,marromSm_Prog001.mp4,marromSm_Prog001.jpg,cg24.jpg,OK,imagem=ERRO | mao=OK
3201,MARTELAR,martelarSm_Prog001.mp4,martelarSm_Prog001.jpg,cg05.jpg,OK,imagem=ERRO | mao=OK
3202,MARTELO,marteloSm_Prog001.mp4,marteloSm_Prog001.jpg,cg05.jpg,OK,imagem=ERRO | mao=OK
3204,MAS1,mas1Sm_Prog001.mp4,mas1Sm_Prog001.jpg,cg01.jpg,OK,imagem=ERRO | mao=OK
3203,MAS2,mas2Sm_Prog001.mp4,mas2Sm_Prog001.jpg,cg64.jpg,OK,imagem=ERRO | mao=OK
3205,MÁSCARA,mascaraSm_Prog001.mp4,mascaraSm_Prog001.jpg,cg47.jpg,OK,imagem=ERRO | mao=OK
4654,MASCULINO,masculinoSm_Prog001.mp4,masculinoSm_Prog001.jpg,cg44.jpg,OK,imagem=ERRO | mao=OK
4655,MASSA,massaSm_Prog001.mp4,massaSm_Prog001.jpg,cg02.jpg,OK,imagem=ERRO | mao=OK
3207,MASSAGEAR,massagearSm_Prog001.mp4,massagearSm_Prog001.jpg,cg63.jpg,OK,imagem=ERRO | mao=OK
4656,MASSAGEM,massagemSm_Prog001.mp4,massagemSm_Prog001.jpg,cg57.jpg,OK,imagem=OK | mao=OK
3208,MASTIGAR,mastigarSm_Prog001.mp4,mastigarSm_Prog001.jpg,cg01.jpg,OK,imagem=ERRO | mao=OK
3212,MASTURBAÇÃO1,masturbacao1Sm_Prog001.mp4,masturbacao1Sm_Prog001.jpg,cg14.jpg,OK,imagem=ERRO | mao=OK
3210,MASTURBAÇÃO2,masturbacao2Sm_Prog001.mp4,masturbacao2Sm_Prog001.jpg,cg35a.jpg,OK,imagem=ERRO | mao=OK
3209,MASTURBAR1,masturbar1Sm_Prog001.mp4,masturbar1Sm_Prog001.jpg,cg14.jpg,OK,imagem=ERRO | mao=OK
3211,MASTURBAR2,masturbar2Sm_Prog001.mp4,masturbar2Sm_Prog001.jpg,cg35a.jpg,OK,imagem=ERRO | mao=OK
4162,MATA,mataSm_Prog001.mp4,mataSm_Prog001.jpg,cg64.jpg,OK,imagem=OK | mao=OK
3213,MATAR1,matar1Sm_Prog001.mp4,matar1Sm_Prog001.jpg,cg02.jpg,OK,imagem=ERRO | mao=OK
3214,MATAR2,matar2Sm_Prog001.mp4,matar2Sm_Prog001.jpg,cg16.jpg,OK,imagem=ERRO | mao=OK
3215,MATE,mateSm_Prog001.mp4,mateSm_Prog001.jpg,cg47.jpg,OK,imagem=ERRO | mao=OK
3216,MATEMÁTICA,matematicaSm_Prog001.mp4,matematicaSm_Prog001.jpg,cg60.jpg,OK,imagem=ERRO | mao=OK
7032,MATERIAL1,material1Sm_Prog001.mp4,material1Sm_Prog001.jpg,cg14.jpg,ERRO,video_download_falhou
3217,MATERIAL2,materialSm_Prog001.mp4,materialSm_Prog001.jpg,cg14.jpg,OK,imagem=ERRO | mao=OK
5330,MATO,matoSm_Prog001.mp4,matoSm_Prog001.jpg,cg14.jpg,OK,imagem=OK | mao=OK
3218,MATO GROSSO,mato grossoSm_Prog001.mp4,mato grossoSm_Prog001.jpg,cg62.jpg,OK,imagem=ERRO | mao=OK
3219,MATO GROSSO DO SUL,mato-grosso-do-sulSm_Prog001.mp4,mato-grosso-do-sulSm_Prog001.jpg,cg02.jpg,OK,imagem=ERRO | mao=OK
3220,MATRÍCULA,matriculaSm_Prog001.mp4,matriculaSm_Prog001.jpg,cg20.jpg,OK,imagem=ERRO | mao=OK
3221,MATRICULAR,matricularSm_Prog001.mp4,matricularSm_Prog001.jpg,cg20.jpg,OK,imagem=ERRO | mao=OK
5331,MATRIZ1,matrizSm_Prog001.mp4,matrizSm_Prog001.jpg,cg14.jpg,ERRO,video_download_falhou
7443,MATRIZ2,matriz2Sm_Prog001.mp4,matriz2Sm_Prog001.jpg,cg62.jpg,OK,imagem=ERRO | mao=OK
3224,MAU1,mau1Sm_Prog001.mp4,mau1Sm_Prog001.jpg,cg64.jpg,OK,imagem=ERRO | mao=OK
3223,MAU2,mau2Sm_Prog001.mp4,mau2Sm_Prog001.jpg,cg01.jpg,OK,imagem=ERRO | mao=OK
5218,MÁXIMO,maximoSm_Prog001.mp4,maximoSm_Prog001.jpg,cg63.jpg,OK,imagem=ERRO | mao=OK
3225,MECÂNICO,mecânicoSm_Prog001.mp4,mecânicoSm_Prog001.jpg,cg14.jpg,ERRO,video_download_falhou
3226,MEDALHA,medalhaSm_Prog001.mp4,medalhaSm_Prog001.jpg,cg18a.jpg,OK,imagem=ERRO | mao=OK
3230,MEDICINA,medicinaSm_Prog001.mp4,medicinaSm_Prog001.jpg,cg15.jpg,OK,imagem=OK | mao=OK
3229,MÉDICO,medicoSm_Prog001.mp4,medicoSm_Prog001.jpg,cg14.jpg,OK,imagem=ERRO | mao=OK
5214,MÉDIO1,medio1Sm_Prog001.mp4,medio1Sm_Prog001.jpg,cg14.jpg,OK,imagem=ERRO | mao=OK
5215,MÉDIO2,medio2Sm_Prog001.mp4,medio2Sm_Prog001.jpg,cg63.jpg,OK,imagem=ERRO | mao=OK
3231,MEDIR,medirSm_Prog001.mp4,medirSm_Prog001.jpg,cg55.jpg,OK,imagem=ERRO | mao=OK
3233,MEDITAÇÃO,meditacaoSm_Prog001.mp4,meditacaoSm_Prog001.jpg,cg61.jpg,OK,imagem=ERRO | mao=OK
3232,MEDITAR,meditarSm_Prog001.mp4,meditarSm_Prog001.jpg,cg61.jpg,ERRO,video_download_falhou
4600,MEDONHO,medonhoSm_Prog001.mp4,medonhoSm_Prog001.jpg,cg49.jpg,ERRO,video_download_falhou
7444,MEGAFONE,megafoneSm_Prog001.mp4,megafoneSm_Prog001.jpg,cg51b.jpg,OK,imagem=ERRO | mao=OK
3237,MEIA,meiaSm_Prog001.mp4,meiaSm_Prog001.jpg,cg16.jpg,OK,imagem=ERRO | mao=OK
3238,MEIA-CALÇA,meia_calcaSm_Prog001.mp4,meia_calcaSm_Prog001.jpg,cg01.jpg,OK,imagem=ERRO | mao=OK
3235,MEIA-HORA,meia-horaSm_Prog001.mp4,meia-horaSm_Prog001.jpg,cg14.jpg,ERRO,video_download_falhou
4172,MEIA-NOITE,meia_noiteSm_Prog001.mp4,meia_noiteSm_Prog001.jpg,cg07.jpg,OK,imagem=ERRO | mao=OK
4171,MEIO-DIA,meio_diaSm_Prog001.mp4,meio_diaSm_Prog001.jpg,cg07.jpg,ERRO,video_download_falhou
3239,MEIO1,meio1Sm_Prog001.mp4,meio1Sm_Prog001.jpg,cg62.jpg,OK,imagem=ERRO | mao=OK
3240,MEIO2,meio2Sm_Prog001.mp4,meio2Sm_Prog001.jpg,cg14.jpg,OK,imagem=ERRO | mao=OK
3241,MEL,melSm_Prog001.mp4,melSm_Prog001.jpg,cg06.jpg,OK,imagem=ERRO | mao=OK
3242,MELANCIA,melanciaSm_Prog001.mp4,melanciaSm_Prog001.jpg,cg44.jpg,OK,imagem=OK | mao=OK
3244,MELÃO,melao1Sm_Prog001.mp4,melao1Sm_Prog001.jpg,cg14.jpg,ERRO,video_download_falhou
3245,MELHOR,melhorSm_Prog001.mp4,melhorSm_Prog001.jpg,cg07.jpg,OK,imagem=ERRO | mao=OK
4601,MEMBRO,membroSm_Prog001.mp4,membroSm_Prog001.jpg,cg63.jpg,OK,imagem=ERRO | mao=OK
4658,MEMÓRIA,memoriaSm_Prog001.mp4,memoriaSm_Prog001.jpg,cg15.jpg,OK,imagem=ERRO | mao=OK
3246,MEMORIZAR,memorizarSm_Prog001.mp4,memorizarSm_Prog001.jpg,cg35a.jpg,OK,imagem=ERRO | mao=OK
3247,MENDIGAR,mendigarSm_Prog001.mp4,mendigarSm_Prog001.jpg,cg63.jpg,OK,imagem=ERRO | mao=OK
7445,MENDIGO,mendigoSm_Prog001.mp4,mendigoSm_Prog001.jpg,cg63.jpg,OK,imagem=ERRO | mao=OK
3248,MENINA1,menina1Sm_Prog001.mp4,menina1Sm_Prog001.jpg,cg07.jpg,OK,imagem=ERRO | mao=OK
3249,MENINA2,menina2Sm_Prog001.mp4,menina2Sm_Prog001.jpg,cg07.jpg,OK,imagem=ERRO | mao=OK
3250,MENINO1,menino1Sm_Prog001.mp4,menino1Sm_Prog001.jpg,cg63.jpg,OK,imagem=ERRO | mao=OK
3251,MENINO2,menino2Sm_Prog001.mp4,menino2Sm_Prog001.jpg,cg44.jpg,OK,imagem=ERRO | mao=OK
3252,MENOR1,menorSm_Prog001.mp4,menorSm_Prog001.jpg,cg63.jpg,OK,imagem=ERRO | mao=OK
7446,MENOR2,menor2Sm_Prog001.mp4,menor2Sm_Prog001.jpg,cg08b.jpg,OK,imagem=ERRO | mao=OK
3253,MENOS1,menos1Sm_Prog001.mp4,menos1Sm_Prog001.jpg,cg14.jpg,OK,imagem=ERRO | mao=OK
3254,MENOS2,menos2Sm_Prog001.mp4,menos2Sm_Prog001.jpg,cg20.jpg,OK,imagem=ERRO | mao=OK
7447,MENOS3,menos3Sm_Prog001.mp4,menos3Sm_Prog001.jpg,cg14.jpg,OK,imagem=ERRO | mao=OK
3256,MENOSPREZAR,menosprezarSm_Prog001.mp4,menosprezarSm_Prog001.jpg,cg44.jpg,OK,imagem=ERRO | mao=OK
3257,MENSAL,mensalSm_Prog001.mp4,mensalSm_Prog001.jpg,cg01.jpg,OK,imagem=ERRO | mao=OK
3258,MENSTRUAÇÃO,menstruacaoSm_Prog001.mp4,menstruacaoSm_Prog001.jpg,cg57.jpg,OK,imagem=OK | mao=OK
4163,MENSTRUAR,menstruarSm_Prog001.mp4,menstruarSm_Prog001.jpg,cg57.jpg,OK,imagem=ERRO | mao=OK
3259,MENTE,menteSm_Prog001.mp4,menteSm_Prog001.jpg,cg18a.jpg,OK,imagem=ERRO | mao=OK
3260,MENTIR,mentirSm_Prog001.mp4,mentirSm_Prog001.jpg,cg15.jpg,OK,imagem=ERRO | mao=OK
3261,MERCADO,mercadoSm_Prog001.mp4,mercadoSm_Prog001.jpg,cg02.jpg,OK,imagem=ERRO | mao=OK
3263,MERDA,merdaSm_Prog001.mp4,merdaSm_Prog001.jpg,cg01.jpg,OK,imagem=ERRO | mao=OK
3265,MERETRIZ1,meretriz1Sm_Prog001.mp4,meretriz1Sm_Prog001.jpg,cg60.jpg,OK,imagem=ERRO | mao=OK
3266,MERETRIZ2,meretriz2Sm_Prog001.mp4,meretriz2Sm_Prog001.jpg,cg14.jpg,OK,imagem=ERRO | mao=OK
3267,MERGULHAR,mergulharSm_Prog001.mp4,mergulharSm_Prog001.jpg,cg08a.jpg,OK,imagem=ERRO | mao=OK
3268,MÊS,mesSm_Prog001.mp4,mesSm_Prog001.jpg,cg01.jpg,OK,imagem=ERRO | mao=OK
3269,MESA1,mesaSm_Prog001.mp4,mesaSm_Prog001.jpg,cg01.jpg,OK,imagem=ERRO | mao=OK
7013,MESA2,mesa2Sm_Prog001.mp4,mesa2Sm_Prog001.jpg,cg62.jpg,OK,imagem=ERRO | mao=OK
3271,MESMO,mesmoSm_Prog001.mp4,mesmoSm_Prog001.jpg,cg32.jpg,OK,imagem=ERRO | mao=OK
5332,MESQUINHO,mesquinhoSm_Prog001.mp4,mesquinhoSm_Prog001.jpg,cg02.jpg,OK,imagem=ERRO | mao=OK
3272,MESTRADO,mestradoSm_Prog001.mp4,mestradoSm_Prog001.jpg,cg02.jpg,OK,imagem=ERRO | mao=OK
4659,MESTRE,mestreSm_Prog001.mp4,mestreSm_Prog001.jpg,cg11.jpg,OK,imagem=ERRO | mao=OK
3273,METADE1,metade1Sm_Prog001.mp4,metade1Sm_Prog001.jpg,cg14.jpg,OK,imagem=ERRO | mao=OK
3274,METADE2,metade2Sm_Prog001.mp4,metade2Sm_Prog001.jpg,cg63.jpg,OK,imagem=ERRO | mao=OK
3275,METAIS,metaisSm_Prog001.mp4,metaisSm_Prog001.jpg,cg27.jpg,OK,imagem=ERRO | mao=OK
5343,METER,meterSm_Prog001.mp4,meterSm_Prog001.jpg,cg51a.jpg,OK,imagem=ERRO | mao=OK
3276,METIDO,metidoSm_Prog001.mp4,metidoSm_Prog001.jpg,cg14.jpg,OK,imagem=ERRO | mao=OK
3277,METODOLOGIA,metodologiaSm_Prog001.mp4,metodologiaSm_Prog001.jpg,cg63.jpg,OK,imagem=ERRO | mao=OK
3278,METRALHADORA,metralhadoraSm_Prog001.mp4,metralhadoraSm_Prog001.jpg,cg02.jpg,OK,imagem=ERRO | mao=OK
3279,METRO,metroSm_Prog001.mp4,metroSm_Prog001.jpg,cg49.jpg,OK,imagem=ERRO | mao=OK
3280,METRÔ1,metro1Sm_Prog001.mp4,metro1Sm_Prog001.jpg,cg31.jpg,OK,imagem=ERRO | mao=OK
3281,METRÔ2,metro2Sm_Prog001.mp4,metro2Sm_Prog001.jpg,cg53a.jpg,OK,imagem=ERRO | mao=OK
3282,MEU1,meu1Sm_Prog001.mp4,meu1Sm_Prog001.jpg,cg63.jpg,OK,imagem=ERRO | mao=OK
3283,MEU2,meu2Sm_Prog001.mp4,meu2Sm_Prog001.jpg,cg11.jpg,OK,imagem=ERRO | mao=OK
3284,MEXER,mexerSm_Prog001.mp4,mexerSm_Prog001.jpg,cg57.jpg,OK,imagem=ERRO | mao=OK
3285,MEXERICA,mexericaSm_Prog001.mp4,mexericaSm_Prog001.jpg,cg44.jpg,OK,imagem=OK | mao=OK
7448,MEXICANO,mexicanoSm_Prog001.mp4,mexicanoSm_Prog001.jpg,cg63.jpg,OK,imagem=ERRO | mao=OK
3286,MÉXICO,mexicoSm_Prog001.mp4,mexicoSm_Prog001.jpg,cg63.jpg,OK,imagem=ERRO | mao=OK
4660,MEXILHÃO,mexilhaoSm_Prog001.mp4,mexilhaoSm_Prog001.jpg,cg53b.jpg,OK,imagem=OK | mao=OK
3288,MICO,micoSm_Prog001.mp4,micoSm_Prog001.jpg,cg47.jpg,OK,imagem=OK | mao=OK
3290,MICROFONE,microfoneSm_Prog001.mp4,microfoneSm_Prog001.jpg,cg02.jpg,OK,imagem=ERRO | mao=OK
3291,MICROONDAS,microondasSm_Prog001.mp4,microondasSm_Prog001.jpg,cg14.jpg,OK,imagem=ERRO | mao=OK
4661,MICROÔNIBUS,microoinbusSm_Prog001.mp4,microoinbusSm_Prog001.jpg,cg07.jpg,OK,imagem=ERRO | mao=OK
3292,MICROSCÓPIO,microscopioSm_Prog001.mp4,microscopioSm_Prog001.jpg,cg51a.jpg,OK,imagem=ERRO | mao=OK
4662,MIJAR,mijarSm_Prog001.mp4,mijarSm_Prog001.jpg,cg02.jpg,OK,imagem=ERRO | mao=OK
5337,MIL,milSm_Prog001.mp4,milSm_Prog001.jpg,cg14.jpg,OK,imagem=ERRO | mao=OK
3293,MILAGRE,milagreSm_Prog001.mp4,milagreSm_Prog001.jpg,cg42.jpg,OK,imagem=ERRO | mao=OK
5338,MILHÃO,milhaoSm_Prog001.mp4,milhaoSm_Prog001.jpg,cg14.jpg,OK,imagem=ERRO | mao=OK
3296,MILHO,milhoSm_Prog001.mp4,milhoSm_Prog001.jpg,cg45.jpg,OK,imagem=OK | mao=OK
3298,MILIONÁRIO,milionarioSm_Prog001.mp4,milionarioSm_Prog001.jpg,cg20.jpg,OK,imagem=ERRO | mao=OK
3299,MILITAR,militarSm_Prog001.mp4,militarSm_Prog001.jpg,cg24.jpg,OK,imagem=ERRO | mao=OK
4170,MIM,mimSm_Prog001.mp4,mimSm_Prog001.jpg,cg63.jpg,OK,imagem=ERRO | mao=OK
3300,MIMADO,mimadoSm_Prog001.mp4,mimadoSm_Prog001.jpg,cg63.jpg,OK,imagem=ERRO | mao=OK
5724,MÍMICA,mimicaSm_Prog001.mp4,mimicaSm_Prog001.jpg,cg52.jpg,OK,imagem=ERRO | mao=OK
3302,MINAS GERAIS,minas-geraisSm_Prog001.mp4,minas-geraisSm_Prog001.jpg,cg14.jpg,ERRO,video_download_falhou
3303,MINGAU,mingauSm_Prog001.mp4,mingauSm_Prog001.jpg,cg05.jpg,OK,imagem=ERRO | mao=OK
3304,MINHOCA,minhocaSm_Prog001.mp4,minhocaSm_Prog001.jpg,cg16.jpg,OK,imagem=OK | mao=OK
4663,MINI-SAIA,mini_saiaSm_Prog001.mp4,mini_saiaSm_Prog001.jpg,cg53a.jpg,OK,imagem=ERRO | mao=OK
5217,MÍNIMO1,minimo1Sm_Prog001.mp4,minimo1Sm_Prog001.jpg,cg14.jpg,OK,imagem=ERRO | mao=OK
5219,MÍNIMO2,minimo2Sm_Prog001.mp4,minimo2Sm_Prog001.jpg,cg53a.jpg,OK,imagem=ERRO | mao=OK
3305,MINISTÉRIO,ministerioSm_Prog001.mp4,ministerioSm_Prog001.jpg,cg07.jpg,OK,imagem=ERRO | mao=OK
3306,MINISTRO,ministroSm_Prog001.mp4,ministroSm_Prog001.jpg,cg07.jpg,OK,imagem=ERRO | mao=OK
3307,MINUTO,minutoSm_Prog001.mp4,minutoSm_Prog001.jpg,cg60.jpg,OK,imagem=ERRO | mao=OK
4664,MISÉRIA,miseriaSm_Prog001.mp4,miseriaSm_Prog001.jpg,cg63.jpg,OK,imagem=ERRO | mao=OK
3309,MISSA,missaSm_Prog001.mp4,missaSm_Prog001.jpg,cg62.jpg,OK,imagem=ERRO | mao=OK
4610,MÍSSIL,missilSm_Prog001.mp4,missilSm_Prog001.jpg,cg14.jpg,OK,imagem=ERRO | mao=OK
4611,MISSIONÁRIO,missionarioSm_Prog001.mp4,missionarioSm_Prog001.jpg,cg59a.jpg,OK,imagem=ERRO | mao=OK
3310,MISTÉRIO,misterioSm_Prog001.mp4,misterioSm_Prog001.jpg,cg01.jpg,OK,imagem=ERRO | mao=OK
3311,MISTO-QUENTE,misto_quenteSm_Prog001.mp4,misto_quenteSm_Prog001.jpg,cg63.jpg,ERRO,video_download_falhou
7450,MISTURA,misturaSm_Prog001.mp4,misturaSm_Prog001.jpg,cg44.jpg,OK,imagem=ERRO | mao=OK
3312,MISTURAR1,misturar1Sm_Prog001.mp4,misturar1Sm_Prog001.jpg,cg44.jpg,OK,imagem=ERRO | mao=OK
7110,MISTURAR2,misturar2Sm_Prog001.mp4,misturar2Sm_Prog001.jpg,cg47.jpg,OK,imagem=ERRO | mao=OK
3313,MOBÍLIA,mobiliaSm_Prog001.mp4,mobiliaSm_Prog001.jpg,cg14.jpg,OK,imagem=ERRO | mao=OK
3314,MOÇA,mocaSm_Prog001.mp4,mocaSm_Prog001.jpg,cg60.jpg,OK,imagem=ERRO | mao=OK
3316,MOCHILA,mochilaSm_Prog001.mp4,mochilaSm_Prog001.jpg,cg07.jpg,OK,imagem=ERRO | mao=OK
3317,MODA1,modaSm_Prog001.mp4,modaSm_Prog001.jpg,cg01.jpg,OK,imagem=ERRO | mao=OK
7452,MODA2,moda2Sm_Prog001.mp4,moda2Sm_Prog001.jpg,cg42.jpg,OK,imagem=ERRO | mao=OK
3319,MODELAR,modelarSm_Prog001.mp4,modelarSm_Prog001.jpg,cg07.jpg,OK,imagem=ERRO | mao=OK
4665,MODELO,modeloSm_Prog001.mp4,modeloSm_Prog001.jpg,cg24.jpg,OK,imagem=ERRO | mao=OK
4666,MODERNO,modernoSm_Prog001.mp4,modernoSm_Prog001.jpg,cg53a.jpg,OK,imagem=ERRO | mao=OK
4667,MODESTO,modestoSm_Prog001.mp4,modestoSm_Prog001.jpg,cg54.jpg,OK,imagem=ERRO | mao=OK
3320,MODIFICAR,modificarSm_Prog001.mp4,modificarSm_Prog001.jpg,cg07.jpg,OK,imagem=ERRO | mao=OK
3322,MOEDA,moedaSm_Prog001.mp4,moedaSm_Prog001.jpg,cg20.jpg,OK,imagem=ERRO | mao=OK
4668,MOER,moerSm_Prog001.mp4,moerSm_Prog001.jpg,cg02.jpg,OK,imagem=ERRO | mao=OK
7453,MOÍDO,moidoSm_Prog001.mp4,moidoSm_Prog001.jpg,cg02.jpg,OK,imagem=ERRO | mao=OK
4669,MOINHO,moinhoSm_Prog001.mp4,moinhoSm_Prog001.jpg,cg14.jpg,OK,imagem=ERRO | mao=OK
5376,MOISES,moisesSm_Prog001.mp4,moisesSm_Prog001.jpg,cg45.jpg,OK,imagem=ERRO | mao=OK
3323,MOLA,molaSm_Prog001.mp4,molaSm_Prog001.jpg,cg14.jpg,OK,imagem=ERRO | mao=OK
3324,MOLE1,mole1Sm_Prog001.mp4,mole1Sm_Prog001.jpg,cg50.jpg,OK,imagem=ERRO | mao=OK
3325,MOLE2,mole2Sm_Prog001.mp4,mole2Sm_Prog001.jpg,cg44.jpg,OK,imagem=ERRO | mao=OK
3326,MOLE3,mole3Sm_Prog001.mp4,mole3Sm_Prog001.jpg,cg44.jpg,OK,imagem=ERRO | mao=OK
3327,MOLEQUE,molequeSm_Prog001.mp4,molequeSm_Prog001.jpg,cg63.jpg,OK,imagem=ERRO | mao=OK
3329,MOLHADO,molhadoSm_Prog001.mp4,molhadoSm_Prog001.jpg,cg02.jpg,OK,imagem=ERRO | mao=OK
3328,MOLHAR,molharSm_Prog001.mp4,molharSm_Prog001.jpg,cg02.jpg,OK,imagem=ERRO | mao=OK
3331,MOLHO,molhoSm_Prog001.mp4,molhoSm_Prog001.jpg,cg53a.jpg,OK,imagem=ERRO | mao=OK
5333,MONARCA,monarcaSm_Prog001.mp4,monarcaSm_Prog001.jpg,cg18b.jpg,OK,imagem=ERRO | mao=OK
3333,MONITOR1,monitor1Sm_Prog001.mp4,monitor1Sm_Prog001.jpg,cg15.jpg,OK,imagem=ERRO | mao=OK
3334,MONITOR2,monitor2Sm_Prog001.mp4,monitor2Sm_Prog001.jpg,cg07.jpg,OK,imagem=ERRO | mao=OK
4628,MONÓLOGO,monologoSm_Prog001.mp4,monologoSm_Prog001.jpg,cg33.jpg,OK,imagem=ERRO | mao=OK
4670,MONSTRO,monstroSm_Prog001.mp4,monstroSm_Prog001.jpg,cg47.jpg,OK,imagem=ERRO | mao=OK
4671,MONTAGEM,montagemSm_Prog001.mp4,montagemSm_Prog001.jpg,cg63.jpg,OK,imagem=ERRO | mao=OK
3335,MONTANHA,montanhaSm_Prog001.mp4,montanhaSm_Prog001.jpg,cg63.jpg,OK,imagem=OK | mao=OK
3336,MONTAR1,montarSm_Prog001.mp4,montarSm_Prog001.jpg,cg32.jpg,ERRO,video_download_falhou
3338,MORANGO,morangoSm_Prog001.mp4,morangoSm_Prog001.jpg,cg15.jpg,OK,imagem=OK | mao=OK
3339,MORAR,morarSm_Prog001.mp4,morarSm_Prog001.jpg,cg63.jpg,OK,imagem=ERRO | mao=OK
3340,MORCEGO,morcegoSm_Prog001.mp4,morcegoSm_Prog001.jpg,cg16.jpg,OK,imagem=OK | mao=OK
3341,MORDER,morderSm_Prog001.mp4,morderSm_Prog001.jpg,cg02.jpg,OK,imagem=ERRO | mao=OK
3342,MORENO,morenoSm_Prog001.mp4,morenoSm_Prog001.jpg,cg14.jpg,OK,imagem=ERRO | mao=OK
5413,MORNO,mornoSm_Prog001.mp4,mornoSm_Prog001.jpg,cg15.jpg,OK,imagem=ERRO | mao=OK
3343,MORRER,morrerSm_Prog001.mp4,morrerSm_Prog001.jpg,cg61.jpg,OK,imagem=ERRO | mao=OK
3346,MORRO1,morroSm_Prog001.mp4,morroSm_Prog001.jpg,cg59a.jpg,OK,imagem=ERRO | mao=OK
7189,MORRO2,morro2Sm_Prog001.mp4,morro2Sm_Prog001.jpg,cg64.jpg,OK,imagem=OK | mao=OK
3344,MORTE,morteSm_Prog001.mp4,morteSm_Prog001.jpg,cg61.jpg,OK,imagem=ERRO | mao=OK
3347,MOSCA,moscaSm_Prog001.mp4,moscaSm_Prog001.jpg,cg32.jpg,OK,imagem=OK | mao=OK
3348,MOSQUITO,mosquitoSm_Prog001.mp4,mosquitoSm_Prog001.jpg,cg47.jpg,OK,imagem=OK | mao=OK
4672,MOSTARDA,mostardaSm_Prog001.mp4,mostardaSm_Prog001.jpg,cg02.jpg,OK,imagem=ERRO | mao=OK
3349,MOSTRAR1,mostrar1Sm_Prog001.mp4,mostrar1Sm_Prog001.jpg,cg14.jpg,OK,imagem=ERRO | mao=OK
3350,MOSTRAR2,mostrar2Sm_Prog001.mp4,mostrar2Sm_Prog001.jpg,cg63.jpg,OK,imagem=ERRO | mao=OK
3351,MOTEL,motelSm_Prog001.mp4,motelSm_Prog001.jpg,cg63.jpg,OK,imagem=ERRO | mao=OK
3352,MOTIVO,motivoSm_Prog001.mp4,motivoSm_Prog001.jpg,cg14.jpg,OK,imagem=ERRO | mao=OK
7454,MOTO,motoSm_Prog001.mp4,motoSm_Prog001.jpg,cg02.jpg,OK,imagem=ERRO | mao=OK
3353,MOTOCICLETA,motocicletaSm_Prog001.mp4,motocicletaSm_Prog001.jpg,cg02.jpg,OK,imagem=ERRO | mao=OK
3354,MOTOR1,motor1Sm_Prog001.mp4,motor1Sm_Prog001.jpg,cg64.jpg,OK,imagem=ERRO | mao=OK
3355,MOTOR2,motor2Sm_Prog001.mp4,motor2Sm_Prog001.jpg,cg14.jpg,OK,imagem=ERRO | mao=OK
3356,MOTORISTA,motoristaSm_Prog001.mp4,motoristaSm_Prog001.jpg,cg02.jpg,OK,imagem=ERRO | mao=OK
3358,MOUSE,mouseSm_Prog001.mp4,mouseSm_Prog001.jpg,cg15.jpg,OK,imagem=ERRO | mao=OK
4673,MOVEDIÇA,movedicaSm_Prog001.mp4,movedicaSm_Prog001.jpg,cg63.jpg,OK,imagem=OK | mao=OK
3359,MÓVEIS,moveisSm_Prog001.mp4,moveisSm_Prog001.jpg,cg14.jpg,OK,imagem=ERRO | mao=OK
3360,MOVER,mover-pessoaSm_Prog001.mp4,mover-pessoaSm_Prog001.jpg,cg14.jpg,OK,imagem=ERRO | mao=OK
3361,MOVIMENTO,movimentoSm_Prog001.mp4,movimentoSm_Prog001.jpg,cg64.jpg,OK,imagem=ERRO | mao=OK
3321,MUDAR1,mudar1Sm_Prog001.mp4,mudar1Sm_Prog001.jpg,cg57.jpg,OK,imagem=ERRO | mao=OK
3363,MUDAR2,mudar2Sm_Prog001.mp4,mudar2Sm_Prog001.jpg,cg07.jpg,OK,imagem=ERRO | mao=OK
4550,MUDAR3,mudar3Sm_Prog001.mp4,mudar3Sm_Prog001.jpg,cg32.jpg,OK,imagem=ERRO | mao=OK
3365,MUDO1,mudo1Sm_Prog001.mp4,mudo1Sm_Prog001.jpg,cg63.jpg,OK,imagem=ERRO | mao=OK
3366,MUDO2,mudo2Sm_Prog001.mp4,mudo2Sm_Prog001.jpg,cg59a.jpg,OK,imagem=ERRO | mao=OK
3367,MUITO1,muito1Sm_Prog001.mp4,muito1Sm_Prog001.jpg,cg47.jpg,OK,imagem=ERRO | mao=OK
3368,MUITO2,muito2Sm_Prog001.mp4,muito2Sm_Prog001.jpg,cg63.jpg,OK,imagem=ERRO | mao=OK
3369,MUITO3,muito3Sm_Prog001.mp4,muito3Sm_Prog001.jpg,cg32.jpg,OK,imagem=ERRO | mao=OK
4674,MULATO,mulatoSm_Prog001.mp4,mulatoSm_Prog001.jpg,cg14.jpg,OK,imagem=ERRO | mao=OK
4629,MULETA,muletaSm_Prog001.mp4,muletaSm_Prog001.jpg,cg07.jpg,OK,imagem=ERRO | mao=OK
3371,MULHER,mulherSm_Prog001.mp4,mulherSm_Prog001.jpg,cg07.jpg,OK,imagem=ERRO | mao=OK
4675,MULHERENGO,mulherengoSm_Prog001.mp4,mulherengoSm_Prog001.jpg,cg07.jpg,OK,imagem=ERRO | mao=OK
3373,MULTA,multaSm_Prog001.mp4,multaSm_Prog001.jpg,cg07.jpg,OK,imagem=ERRO | mao=OK
3374,MULTAR,multarSm_Prog001.mp4,multarSm_Prog001.jpg,cg07.jpg,OK,imagem=ERRO | mao=OK
4630,MULTIDÃO,multidaoSm_Prog001.mp4,multidaoSm_Prog001.jpg,cg35a.jpg,OK,imagem=ERRO | mao=OK
3376,MULTIPLICAR,multiplicarSm_Prog001.mp4,multiplicarSm_Prog001.jpg,cg02.jpg,OK,imagem=ERRO | mao=OK
3377,MUNDO,mundoSm_Prog001.mp4,mundoSm_Prog001.jpg,cg01.jpg,OK,imagem=OK | mao=OK
3378,MUNICÍPIO,municipioSm_Prog001.mp4,municipioSm_Prog001.jpg,cg02.jpg,OK,imagem=ERRO | mao=OK
3379,MURAL,muralSm_Prog001.mp4,muralSm_Prog001.jpg,cg63.jpg,OK,imagem=ERRO | mao=OK
3380,MURCHAR,murcharSm_Prog001.mp4,murcharSm_Prog001.jpg,cg02.jpg,OK,imagem=ERRO | mao=OK
3381,MURO,muroSm_Prog001.mp4,muroSm_Prog001.jpg,cg63.jpg,OK,imagem=ERRO | mao=OK
4676,MURRO,murroSm_Prog001.mp4,murroSm_Prog001.jpg,cg02.jpg,OK,imagem=ERRO | mao=OK
3382,MÚSCULO,musculoSm_Prog001.mp4,musculoSm_Prog001.jpg,cg02.jpg,OK,imagem=ERRO | mao=OK
5381,MUSEU,museu1Sm_Prog001.mp4,museu1Sm_Prog001.jpg,cg40.jpg,ERRO,video_download_falhou
3385,MÚSICA1,musica1Sm_Prog001.mp4,musica1Sm_Prog001.jpg,cg47.jpg,OK,imagem=ERRO | mao=OK
3386,MÚSICA2,musica2Sm_Prog001.mp4,musica2Sm_Prog001.jpg,cg14.jpg,OK,imagem=ERRO | mao=OK
3387,MUTILAR,mutilarSm_Prog001.mp4,mutilarSm_Prog001.jpg,cg63.jpg,OK,imagem=ERRO | mao=OK
7061,N,nSm_Prog001.mp4,nSm_Prog001.jpg,cg24.jpg,OK,imagem=ERRO | mao=OK
4019,NACIONALIDADE,nacionalidadeSm_Prog001.mp4,nacionalidadeSm_Prog001.jpg,cg63.jpg,OK,imagem=ERRO | mao=OK
670,NADA,nadaSm_Prog001.mp4,nadaSm_Prog001.jpg,cg64.jpg,OK,imagem=ERRO | mao=OK
7455,NADA1,nada1Sm_Prog001.mp4,nada1Sm_Prog001.jpg,cg22b.jpg,ERRO,video_download_falhou
671,NADAR,nadarSm_Prog001.mp4,nadarSm_Prog001.jpg,cg53a.jpg,OK,imagem=ERRO | mao=OK
672,NÁDEGA,nadegaSm_Prog001.mp4,nadegaSm_Prog001.jpg,cg47.jpg,OK,imagem=ERRO | mao=OK
673,NAMORADO,namoradoSm_Prog001.mp4,namoradoSm_Prog001.jpg,cg35a.jpg,OK,imagem=ERRO | mao=OK
674,NAMORAR,namorarSm_Prog001.mp4,namorarSm_Prog001.jpg,cg35a.jpg,OK,imagem=ERRO | mao=OK
675,NAMORO,namoroSm_Prog001.mp4,namoroSm_Prog001.jpg,cg35a.jpg,OK,imagem=ERRO | mao=OK
6658,NÃO LIGAR,ligar_naoSm_Prog001.mp4,ligar_naoSm_Prog001.jpg,cg44.jpg,ERRO,video_download_falhou
788,NÃO1,nao1Sm_Prog001.mp4,nao1Sm_Prog001.jpg,cg14.jpg,ERRO,video_download_falhou
4138,NÃO2,nao2Sm_Prog001.mp4,nao2Sm_Prog001.jpg,cg40.jpg,ERRO,video_download_falhou
677,NARIZ,narizSm_Prog001.mp4,narizSm_Prog001.jpg,cg14.jpg,OK,imagem=ERRO | mao=OK
678,NARRAR,narrarSm_Prog001.mp4,narrarSm_Prog001.jpg,cg40.jpg,OK,imagem=ERRO | mao=OK
679,NASCER,nascerSm_Prog001.mp4,nascerSm_Prog001.jpg,cg63.jpg,OK,imagem=ERRO | mao=OK
4013,NASCIMENTO,nascimentoSm_Prog001.mp4,nascimentoSm_Prog001.jpg,cg63.jpg,OK,imagem=ERRO | mao=OK
4014,NATAÇÃO,natacaoSm_Prog001.mp4,natacaoSm_Prog001.jpg,cg62.jpg,OK,imagem=ERRO | mao=OK
680,NATAL1,natalSm_Prog001.mp4,natalSm_Prog001.jpg,cg51b.jpg,OK,imagem=ERRO | mao=OK
4073,NATAL2,natal2Sm_Prog001.mp4,natal2Sm_Prog001.jpg,cg31.jpg,OK,imagem=ERRO | mao=OK
681,NATURAL,naturalSm_Prog001.mp4,naturalSm_Prog001.jpg,cg27.jpg,OK,imagem=OK | mao=OK
4012,NATUREZA,naturezaSm_Prog001.mp4,naturezaSm_Prog001.jpg,cg47.jpg,OK,imagem=OK | mao=OK
4020,NAUFRAGAR,naufragarSm_Prog001.mp4,naufragarSm_Prog001.jpg,cg63.jpg,OK,imagem=ERRO | mao=OK
4015,NÁUSEA,nauseaSm_Prog001.mp4,nauseaSm_Prog001.jpg,cg64.jpg,OK,imagem=OK | mao=OK
682,NAVALHA,navalhaSm_Prog001.mp4,navalhaSm_Prog001.jpg,cg40.jpg,OK,imagem=ERRO | mao=OK
4679,NAVE1,nave1Sm_Prog001.mp4,nave1Sm_Prog001.jpg,cg14.jpg,OK,imagem=ERRO | mao=OK
4022,NAVEGAÇÃO,navegacaoSm_Prog001.mp4,navegacaoSm_Prog001.jpg,cg63.jpg,OK,imagem=ERRO | mao=OK
683,NAVIO,navioSm_Prog001.mp4,navioSm_Prog001.jpg,cg63.jpg,OK,imagem=ERRO | mao=OK
7456,NEBLINA,neblinaSm_Prog001.mp4,neblinaSm_Prog001.jpg,cg64.jpg,OK,imagem=OK | mao=OK
5414,NECESSÁRIO,necessarioSm_Prog001.mp4,necessarioSm_Prog001.jpg,cg05.jpg,OK,imagem=ERRO | mao=OK
4009,NECESSITAR,necessitarSm_Prog001.mp4,necessitarSm_Prog001.jpg,cg05.jpg,OK,imagem=ERRO | mao=OK
4632,NEGATIVO1,negativo1Sm_Prog001.mp4,negativo1Sm_Prog001.jpg,cg07.jpg,OK,imagem=ERRO | mao=OK
5281,NEGATIVO3,negativo3Sm_Prog001.mp4,negativo3Sm_Prog001.jpg,cg08b.jpg,OK,imagem=ERRO | mao=OK
4016,NEGLICENCIAR,negligenciarSm_Prog001.mp4,negligenciarSm_Prog001.jpg,cg62.jpg,OK,imagem=ERRO | mao=OK
684,NEGOCIAR,negociarSm_Prog001.mp4,negociarSm_Prog001.jpg,cg05.jpg,OK,imagem=ERRO | mao=OK
685,NEGÓCIO,negocioSm_Prog001.mp4,negocioSm_Prog001.jpg,cg05.jpg,OK,imagem=ERRO | mao=OK
686,NEGRO,negroSm_Prog001.mp4,negroSm_Prog001.jpg,cg05.jpg,OK,imagem=ERRO | mao=OK
687,NENÊ OU NENÉM,neneSm_Prog001.mp4,neneSm_Prog001.jpg,cg62.jpg,OK,imagem=ERRO | mao=OK
4021,NENHUM,nenhumSm_Prog001.mp4,nenhumSm_Prog001.jpg,cg63.jpg,OK,imagem=ERRO | mao=OK
689,NERVOSO,nervosoSm_Prog001.mp4,nervosoSm_Prog001.jpg,cg15.jpg,OK,imagem=OK | mao=OK
4017,NETO,netoSm_Prog001.mp4,netoSm_Prog001.jpg,cg24.jpg,OK,imagem=ERRO | mao=OK
691,NEUTRO,neutroSm_Prog001.mp4,neutroSm_Prog001.jpg,cg08a.jpg,OK,imagem=ERRO | mao=OK
692,NEVAR,nevarSm_Prog001.mp4,nevarSm_Prog001.jpg,cg64.jpg,OK,imagem=ERRO | mao=OK
693,NEVE,neveSm_Prog001.mp4,neveSm_Prog001.jpg,cg64.jpg,OK,imagem=OK | mao=OK
7457,NEVOEIRO,nevoeiroSm_Prog001.mp4,nevoeiroSm_Prog001.jpg,cg64.jpg,OK,imagem=OK | mao=OK
4633,NICARÁGUA,nicaraguaSm_Prog001.mp4,nicaraguaSm_Prog001.jpg,cg28.jpg,OK,imagem=ERRO | mao=OK
4680,NINAR,ninarSm_Prog001.mp4,ninarSm_Prog001.jpg,cg63.jpg,OK,imagem=ERRO | mao=OK
694,NINGUÉM1,ninguem1Sm_Prog001.mp4,ninguem1Sm_Prog001.jpg,cg35a.jpg,OK,imagem=ERRO | mao=OK
4008,NINGUÉM2,ninguem2Sm_Prog001.mp4,ninguem2Sm_Prog001.jpg,cg49.jpg,OK,imagem=ERRO | mao=OK
7458,NINGUÉM3,ninguem4Sm_Prog001.mp4,ninguem4Sm_Prog001.jpg,cg08a.jpg,OK,imagem=ERRO | mao=OK
7459,NINGUÉM4,ninguem5Sm_Prog001.mp4,ninguem5Sm_Prog001.jpg,cg08a.jpg,OK,imagem=ERRO | mao=OK
7460,NINGUÉM5,ninguem6Sm_Prog001.mp4,ninguem6Sm_Prog001.jpg,cg01.jpg,OK,imagem=ERRO | mao=OK
4682,NÍVEL,nivelSm_Prog001.mp4,nivelSm_Prog001.jpg,cg62.jpg,OK,imagem=ERRO | mao=OK
702,NÓ,noSm_Prog001.mp4,noSm_Prog001.jpg,cg05.jpg,OK,imagem=ERRO | mao=OK
695,NOITE1,noite1Sm_Prog001.mp4,noite1Sm_Prog001.jpg,cg53a.jpg,OK,imagem=OK | mao=OK
4075,NOITE2,noite2Sm_Prog001.mp4,noite2Sm_Prog001.jpg,cg44.jpg,OK,imagem=ERRO | mao=OK
697,NOIVO1,noivo1Sm_Prog001.mp4,noivo1Sm_Prog001.jpg,cg58.jpg,OK,imagem=ERRO | mao=OK
4076,NOIVO2,noivo2Sm_Prog001.mp4,noivo2Sm_Prog001.jpg,cg34.jpg,OK,imagem=ERRO | mao=OK
699,NOME,nomeSm_Prog001.mp4,nomeSm_Prog001.jpg,cg24.jpg,OK,imagem=ERRO | mao=OK
6309,NOMEADO,nomeadoSm_Prog001.mp4,nomeadoSm_Prog001.jpg,cg20.jpg,OK,imagem=ERRO | mao=OK
4010,NOMEAR,nomearSm_Prog001.mp4,nomearSm_Prog001.jpg,cg20.jpg,OK,imagem=ERRO | mao=OK
4683,NOMINAL,nominalSm_Prog001.mp4,nominalSm_Prog001.jpg,cg24.jpg,OK,imagem=ERRO | mao=OK
5324,NORA,nora2Sm_Prog001.mp4,nora2Sm_Prog001.jpg,cg24.jpg,ERRO,video_download_falhou
701,NORMAL,normalSm_Prog001.mp4,normalSm_Prog001.jpg,cg27.jpg,OK,imagem=ERRO | mao=OK
4011,NORTE,norteSm_Prog001.mp4,norteSm_Prog001.jpg,cg24.jpg,ERRO,video_download_falhou
3899,NORUEGA,noruegaSm_Prog001.mp4,noruegaSm_Prog001.jpg,cg24.jpg,OK,imagem=ERRO | mao=OK
7461,NORUEGUES,norueguesSm_Prog001.mp4,norueguesSm_Prog001.jpg,cg24.jpg,OK,imagem=ERRO | mao=OK
703,NÓS,nosSm_Prog001.mp4,nosSm_Prog001.jpg,cg14.jpg,OK,imagem=ERRO | mao=OK
704,NOSSO,nossoSm_Prog001.mp4,nossoSm_Prog001.jpg,cg57.jpg,OK,imagem=ERRO | mao=OK
705,NOTA,notaSm_Prog001.mp4,notaSm_Prog001.jpg,cg02.jpg,OK,imagem=ERRO | mao=OK
707,NOTA FISCAL,nota_fiscalSm_Prog001.mp4,nota_fiscalSm_Prog001.jpg,cg37a.jpg,OK,imagem=ERRO | mao=OK
708,NOTAR,notarSm_Prog001.mp4,notarSm_Prog001.jpg,cg58.jpg,OK,imagem=ERRO | mao=OK
4684,NOTÁVEL,notavelSm_Prog001.mp4,notavelSm_Prog001.jpg,cg64.jpg,OK,imagem=ERRO | mao=OK
709,NOTÍCIA,noticiaSm_Prog001.mp4,noticiaSm_Prog001.jpg,cg40.jpg,OK,imagem=ERRO | mao=OK
4685,NOTURNO,noturnoSm_Prog001.mp4,noturnoSm_Prog001.jpg,cg53a.jpg,OK,imagem=ERRO | mao=OK
4634,NOVA ZELÂNDIA,nova zelandiaSm_Prog001.mp4,nova zelandiaSm_Prog001.jpg,cg60.jpg,OK,imagem=ERRO | mao=OK
4321,NOVE,noveSm_Prog001.mp4,noveSm_Prog001.jpg,cg43.jpg,OK,imagem=ERRO | mao=OK
710,NOVELA,novelaSm_Prog001.mp4,novelaSm_Prog001.jpg,cg24.jpg,OK,imagem=ERRO | mao=OK
3931,NOVEMBRO,novembroSm_Prog001.mp4,novembroSm_Prog001.jpg,cg24.jpg,OK,imagem=ERRO | mao=OK
711,NOVIDADE,novidadeSm_Prog001.mp4,novidadeSm_Prog001.jpg,cg28.jpg,OK,imagem=ERRO | mao=OK
712,NOVO1,novo1Sm_Prog001.mp4,novo1Sm_Prog001.jpg,cg52.jpg,OK,imagem=ERRO | mao=OK
713,NOVO2,novo2Sm_Prog001.mp4,novo2Sm_Prog001.jpg,cg57.jpg,OK,imagem=ERRO | mao=OK
4635,NOZ,nozSm_Prog001.mp4,nozSm_Prog001.jpg,cg46b.jpg,OK,imagem=OK | mao=OK
714,NU,nuSm_Prog001.mp4,nuSm_Prog001.jpg,cg14.jpg,OK,imagem=ERRO | mao=OK
4686,NUBENTE,nubenteSm_Prog001.mp4,nubenteSm_Prog001.jpg,cg52.jpg,OK,imagem=ERRO | mao=OK
715,NUBLADO,nubladoSm_Prog001.mp4,nubladoSm_Prog001.jpg,cg64.jpg,OK,imagem=OK | mao=OK
4023,NUCA,nucaSm_Prog001.mp4,nucaSm_Prog001.jpg,cg63.jpg,OK,imagem=ERRO | mao=OK
4687,NUDEZ,nudezSm_Prog001.mp4,nudezSm_Prog001.jpg,cg24.jpg,OK,imagem=ERRO | mao=OK
4024,NULO,nuloSm_Prog001.mp4,nuloSm_Prog001.jpg,cg14.jpg,OK,imagem=ERRO | mao=OK
716,NÚMERO,numeroSm_Prog001.mp4,numeroSm_Prog001.jpg,cg02.jpg,OK,imagem=ERRO | mao=OK
7462,NUNCA MAIS,nunca_mais1Sm_Prog001.mp4,nunca_mais1Sm_Prog001.jpg,cg14.jpg,ERRO,video_download_falhou
717,NUNCA1,nunca1Sm_Prog001.mp4,nunca1Sm_Prog001.jpg,cg01.jpg,OK,imagem=ERRO | mao=OK
5282,NUNCA2,nunca2Sm_Prog001.mp4,nunca2Sm_Prog001.jpg,cg14.jpg,OK,imagem=ERRO | mao=OK
718,NUVEM,nuvemSm_Prog001.mp4,nuvemSm_Prog001.jpg,cg47.jpg,OK,imagem=ERRO | mao=OK
7062,O,oSm_Prog001.mp4,oSm_Prog001.jpg,cg42.jpg,OK,imagem=ERRO | mao=OK
5592,OBA1,oba1Sm_Prog001.mp4,oba1Sm_Prog001.jpg,cg55.jpg,OK,imagem=ERRO | mao=OK
5593,OBA2,oba2Sm_Prog001.mp4,oba2Sm_Prog001.jpg,cg42.jpg,OK,imagem=ERRO | mao=OK
2060,OBEDECER,obedecerSm_Prog001.mp4,obedecerSm_Prog001.jpg,cg53a.jpg,OK,imagem=ERRO | mao=OK
4886,OBEDIENTE,obedienteSm_Prog001.mp4,obedienteSm_Prog001.jpg,cg53a.jpg,OK,imagem=ERRO | mao=OK
4874,OBESO,obesoSm_Prog001.mp4,obesoSm_Prog001.jpg,cg40.jpg,OK,imagem=ERRO | mao=OK
4887,ÓBITO,obitoSm_Prog001.mp4,obitoSm_Prog001.jpg,cg61.jpg,OK,imagem=ERRO | mao=OK
5576,OBITUÁRIO,obituarioSm_Prog001.mp4,obituarioSm_Prog001.jpg,cg37a.jpg,OK,imagem=ERRO | mao=OK
2061,OBJETIVO1,objetivo1Sm_Prog001.mp4,objetivo1Sm_Prog001.jpg,cg14.jpg,OK,imagem=ERRO | mao=OK
4888,OBJETIVO2,objetivo2Sm_Prog001.mp4,objetivo2Sm_Prog001.jpg,cg61.jpg,OK,imagem=ERRO | mao=OK
2062,OBJETO,objetoSm_Prog001.mp4,objetoSm_Prog001.jpg,cg14.jpg,OK,imagem=ERRO | mao=OK
2063,OBRA,obraSm_Prog001.mp4,obraSm_Prog001.jpg,cg02.jpg,OK,imagem=ERRO | mao=OK
4875,OBRIGAÇÃO,obrigacaoSm_Prog001.mp4,obrigacaoSm_Prog001.jpg,cg05.jpg,OK,imagem=ERRO | mao=OK
2064,OBRIGADO1,obrigado1Sm_Prog001.mp4,obrigado1Sm_Prog001.jpg,cg63.jpg,OK,imagem=ERRO | mao=OK
5577,OBRIGADO2,obrigado2Sm_Prog001.mp4,obrigado2Sm_Prog001.jpg,cg05.jpg,OK,imagem=ERRO | mao=OK
2065,OBRIGAR,obrigarSm_Prog001.mp4,obrigarSm_Prog001.jpg,cg05.jpg,OK,imagem=ERRO | mao=OK
4889,OBRIGATÓRIO,obrigatorioSm_Prog001.mp4,obrigatorioSm_Prog001.jpg,cg05.jpg,OK,imagem=ERRO | mao=OK
2066,OBSERVAR1,observar1Sm_Prog001.mp4,observar1Sm_Prog001.jpg,cg58.jpg,OK,imagem=ERRO | mao=OK
4892,OBSERVAR2,observar2Sm_Prog001.mp4,observar2Sm_Prog001.jpg,cg32.jpg,OK,imagem=ERRO | mao=OK
5579,OBSERVATÓRIO,observatorioSm_Prog001.mp4,observatorioSm_Prog001.jpg,cg32.jpg,OK,imagem=ERRO | mao=OK
2067,OBTER,obterSm_Prog001.mp4,obterSm_Prog001.jpg,cg08a.jpg,OK,imagem=ERRO | mao=OK
4894,OBTURAÇÃO,obturacaoSm_Prog001.mp4,obturacaoSm_Prog001.jpg,cg04.jpg,OK,imagem=OK | mao=OK
4893,OBTURAR,obturarSm_Prog001.mp4,obturarSm_Prog001.jpg,cg04.jpg,OK,imagem=ERRO | mao=OK
2068,ÓBVIO,obvioSm_Prog001.mp4,obvioSm_Prog001.jpg,cg58.jpg,OK,imagem=ERRO | mao=OK
5581,OCA,ocaSm_Prog001.mp4,ocaSm_Prog001.jpg,cg47.jpg,OK,imagem=ERRO | mao=OK
4876,OCEANO,oceanoSm_Prog001.mp4,oceanoSm_Prog001.jpg,cg64.jpg,OK,imagem=OK | mao=OK
2070,OCIOSO,ociosoSm_Prog001.mp4,ociosoSm_Prog001.jpg,cg57.jpg,OK,imagem=ERRO | mao=OK
5582,OCO,ocoSm_Prog001.mp4,ocoSm_Prog001.jpg,cg08a.jpg,OK,imagem=ERRO | mao=OK
5583,OCULISTA,oculistaSm_Prog001.mp4,oculistaSm_Prog001.jpg,cg18a.jpg,OK,imagem=ERRO | mao=OK
5708,ÓCULOS,oculos2Sm_Prog001.mp4,oculos2Sm_Prog001.jpg,cg21.jpg,OK,imagem=ERRO | mao=OK
4896,OCULTO,ocultoSm_Prog001.mp4,ocultoSm_Prog001.jpg,cg52.jpg,OK,imagem=ERRO | mao=OK
2073,OCUPADO,ocupadoSm_Prog001.mp4,ocupadoSm_Prog001.jpg,cg32.jpg,OK,imagem=ERRO | mao=OK
6190,OCUPAR,ocuparSm_Prog001.mp4,ocuparSm_Prog001.jpg,cg47.jpg,OK,imagem=ERRO | mao=OK
5709,ODIAR,odiar2Sm_Prog001.mp4,odiar2Sm_Prog001.jpg,cg02.jpg,ERRO,video_download_falhou
5584,ÓDIO,odio2Sm_Prog001.mp4,odio2Sm_Prog001.jpg,cg42.jpg,ERRO,video_download_falhou
2077,ODONTOLOGIA,odontologiaSm_Prog001.mp4,odontologiaSm_Prog001.jpg,cg40.jpg,OK,imagem=OK | mao=OK
2078,OESTE1,oeste1Sm_Prog001.mp4,oeste1Sm_Prog001.jpg,cg02.jpg,OK,imagem=ERRO | mao=OK
5710,OESTE2,oeste2Sm_Prog001.mp4,oeste2Sm_Prog001.jpg,cg42.jpg,OK,imagem=ERRO | mao=OK
6308,OFEGANTE,ofeganteSm_Prog001.mp4,ofeganteSm_Prog001.jpg,cg63.jpg,OK,imagem=ERRO | mao=OK
4510,OFEGAR,ofegarSm_Prog001.mp4,ofegarSm_Prog001.jpg,cg63.jpg,OK,imagem=ERRO | mao=OK
5433,OFENDER,ofenderSm_Prog001.mp4,ofenderSm_Prog001.jpg,cg08a.jpg,OK,imagem=ERRO | mao=OK
4511,OFENDIDO,ofendidoSm_Prog001.mp4,ofendidoSm_Prog001.jpg,cg53a.jpg,OK,imagem=ERRO | mao=OK
4897,OFENSA,ofensaSm_Prog001.mp4,ofensaSm_Prog001.jpg,cg08a.jpg,OK,imagem=ERRO | mao=OK
2080,OFERECER,oferecerSm_Prog001.mp4,oferecerSm_Prog001.jpg,cg63.jpg,OK,imagem=ERRO | mao=OK
5588,OFERTA,ofertaSm_Prog001.mp4,ofertaSm_Prog001.jpg,cg63.jpg,OK,imagem=ERRO | mao=OK
5589,OFFICE BOY,office_boySm_Prog001.mp4,office_boySm_Prog001.jpg,cg62.jpg,OK,imagem=ERRO | mao=OK
4878,OFICIAL1,oficial1Sm_Prog001.mp4,oficial1Sm_Prog001.jpg,cg34.jpg,OK,imagem=ERRO | mao=OK
5711,OFICIAL2,oficial2Sm_Prog001.mp4,oficial2Sm_Prog001.jpg,cg64.jpg,OK,imagem=ERRO | mao=OK
5712,OFICIAL3,oficial3Sm_Prog001.mp4,oficial3Sm_Prog001.jpg,cg49.jpg,OK,imagem=ERRO | mao=OK
5591,OFICIALIZAÇÃO,oficializacaoSm_Prog001.mp4,oficializacaoSm_Prog001.jpg,cg49.jpg,OK,imagem=ERRO | mao=OK
5590,OFICIALIZAR,oficializarSm_Prog001.mp4,oficializarSm_Prog001.jpg,cg49.jpg,OK,imagem=ERRO | mao=OK
7463,OFICINA,oficina2Sm_Prog001.mp4,oficina2Sm_Prog001.jpg,cg59a.jpg,OK,imagem=ERRO | mao=OK
4898,OFÍCIO,oficioSm_Prog001.mp4,oficioSm_Prog001.jpg,cg42.jpg,OK,imagem=ERRO | mao=OK
2082,OFTALMOLOGIA,oftalmologiaSm_Prog001.mp4,oftalmologiaSm_Prog001.jpg,cg14.jpg,OK,imagem=OK | mao=OK
5594,OFTAMOLOGISTA,oftamologistaSm_Prog001.mp4,oftamologistaSm_Prog001.jpg,cg15.jpg,ERRO,video_download_falhou
2083,OFUSCAR,ofuscarSm_Prog001.mp4,ofuscarSm_Prog001.jpg,cg64.jpg,OK,imagem=ERRO | mao=OK
2084,OI,oiSm_Prog001.mp4,oiSm_Prog001.jpg,cg42.jpg,OK,imagem=ERRO | mao=OK
5713,OITAVA-SÉRIE,oitava_serieSm_Prog001.mp4,oitava_serieSm_Prog001.jpg,cg02.jpg,ERRO,video_download_falhou
2085,OITAVO,oitavoSm_Prog001.mp4,oitavoSm_Prog001.jpg,cg02.jpg,OK,imagem=ERRO | mao=OK
2087,OITENTA,oitentaSm_Prog001.mp4,oitentaSm_Prog001.jpg,cg02.jpg,OK,imagem=ERRO | mao=OK
2088,OITO,oitoSm_Prog001.mp4,oitoSm_Prog001.jpg,cg02.jpg,OK,imagem=ERRO | mao=OK
4879,OK,okSm_Prog001.mp4,okSm_Prog001.jpg,cg42.jpg,ERRO,video_download_falhou
6630,OLÁ,olaSm_Prog001.mp4,olaSm_Prog001.jpg,cg64.jpg,OK,imagem=ERRO | mao=OK
5596,OLEOSO,oleosoSm_Prog001.mp4,oleosoSm_Prog001.jpg,cg40.jpg,OK,imagem=ERRO | mao=OK
5597,OLFATO,olfatoSm_Prog001.mp4,olfatoSm_Prog001.jpg,cg57.jpg,OK,imagem=ERRO | mao=OK
2090,OLHAR1,olharSm_Prog001.mp4,olharSm_Prog001.jpg,cg32.jpg,OK,imagem=ERRO | mao=OK
6915,OLHAR2,olhar2Sm_Prog001.mp4,olhar2Sm_Prog001.jpg,cg14.jpg,OK,imagem=ERRO | mao=OK
5598,OLHEIRAS,olheirasSm_Prog001.mp4,olheirasSm_Prog001.jpg,cg14.jpg,OK,imagem=ERRO | mao=OK
2091,OLHO1,olhoSm_Prog001.mp4,olhoSm_Prog001.jpg,cg14.jpg,OK,imagem=ERRO | mao=OK
5599,OLHO2,olho2Sm_Prog001.mp4,olho2Sm_Prog001.jpg,cg18a.jpg,OK,imagem=ERRO | mao=OK
2092,OLIMPÍADAS,ombreiraSm_Prog001.mp4,ombreiraSm_Prog001.jpg,cg49.jpg,OK,imagem=ERRO | mao=OK
5715,OMBREIRA,ombreiraSm_Prog001.mp4,ombreiraSm_Prog001.jpg,cg50.jpg,OK,imagem=ERRO | mao=OK
2093,OMBRO,ombroSm_Prog001.mp4,ombroSm_Prog001.jpg,cg63.jpg,OK,imagem=ERRO | mao=OK
4900,OMITIR,omitirSm_Prog001.mp4,omitirSm_Prog001.jpg,cg52.jpg,OK,imagem=ERRO | mao=OK
2094,ONÇA,oncaSm_Prog001.mp4,oncaSm_Prog001.jpg,cg47.jpg,OK,imagem=OK | mao=OK
2095,ONDA,ondaSm_Prog001.mp4,ondaSm_Prog001.jpg,cg64.jpg,OK,imagem=OK | mao=OK
2096,ONDE,ondeSm_Prog001.mp4,ondeSm_Prog001.jpg,cg18b.jpg,OK,imagem=ERRO | mao=OK
6631,ONDULADO,onduladoSm_Prog001.mp4,onduladoSm_Prog001.jpg,cg53a.jpg,OK,imagem=ERRO | mao=OK
4512,ONDULAR,ondularSm_Prog001.mp4,ondularSm_Prog001.jpg,cg64.jpg,OK,imagem=ERRO | mao=OK
4880,ÔNIBUS1,onibus2Sm_Prog001.mp4,onibus2Sm_Prog001.jpg,cg07.jpg,OK,imagem=ERRO | mao=OK
5603,ÔNIBUS2,onibus3Sm_Prog001.mp4,onibus3Sm_Prog001.jpg,cg62.jpg,OK,imagem=ERRO | mao=OK
2098,ONTEM,ontemSm_Prog001.mp4,ontemSm_Prog001.jpg,cg08a.jpg,OK,imagem=ERRO | mao=OK
2099,ONZE,onzeSm_Prog001.mp4,onzeSm_Prog001.jpg,cg07.jpg,OK,imagem=ERRO | mao=OK
5604,OPACO,opacoSm_Prog001.mp4,opacoSm_Prog001.jpg,cg46a.jpg,OK,imagem=ERRO | mao=OK
2100,OPÇÃO,opcaoSm_Prog001.mp4,opcaoSm_Prog001.jpg,cg20.jpg,OK,imagem=ERRO | mao=OK
2101,OPERAÇÃO,operacaoSm_Prog001.mp4,operacaoSm_Prog001.jpg,cg24.jpg,OK,imagem=OK | mao=OK
4521,OPERAR1,operar1Sm_Prog001.mp4,operar1Sm_Prog001.jpg,cg24.jpg,OK,imagem=ERRO | mao=OK
6193,OPERAR2,operar2Sm_Prog001.mp4,operar2Sm_Prog001.jpg,cg24.jpg,OK,imagem=ERRO | mao=OK
2104,OPINAR,opiniarSm_Prog001.mp4,opiniarSm_Prog001.jpg,cg49.jpg,ERRO,video_download_falhou
2103,OPINIÃO,opiniaoSm_Prog001.mp4,opiniaoSm_Prog001.jpg,cg49.jpg,OK,imagem=ERRO | mao=OK
2122,OPOR,oporSm_Prog001.mp4,oporSm_Prog001.jpg,cg14.jpg,OK,imagem=ERRO | mao=OK
4901,OPORTUNIDADE1,oportunidade1Sm_Prog001.mp4,oportunidade1Sm_Prog001.jpg,cg44.jpg,OK,imagem=ERRO | mao=OK
6632,OPORTUNIDADE2,oportunidade2Sm_Prog001.mp4,oportunidade2Sm_Prog001.jpg,cg38.jpg,OK,imagem=ERRO | mao=OK
5606,OPOSIÇÃO,oposicaoSm_Prog001.mp4,oposicaoSm_Prog001.jpg,cg14.jpg,OK,imagem=ERRO | mao=OK
4881,OPOSTO,opostoSm_Prog001.mp4,opostoSm_Prog001.jpg,cg32.jpg,OK,imagem=ERRO | mao=OK
2105,OPRIMIR,oprimirSm_Prog001.mp4,oprimirSm_Prog001.jpg,cg64.jpg,OK,imagem=ERRO | mao=OK
2106,OPTAR,optarSm_Prog001.mp4,optarSm_Prog001.jpg,cg20.jpg,OK,imagem=ERRO | mao=OK
2108,ORAÇÃO,oracaoSm_Prog001.mp4,oracaoSm_Prog001.jpg,cg63.jpg,OK,imagem=ERRO | mao=OK
2109,ORAL,oralSm_Prog001.mp4,oralSm_Prog001.jpg,cg31.jpg,OK,imagem=ERRO | mao=OK
4513,ORALISMO,oralismoSm_Prog001.mp4,oralismoSm_Prog001.jpg,cg31.jpg,OK,imagem=ERRO | mao=OK
4508,ORAR,orarSm_Prog001.mp4,orarSm_Prog001.jpg,cg63.jpg,OK,imagem=ERRO | mao=OK
6194,ÓRBITA,orbitaSm_Prog001.mp4,orbitaSm_Prog001.jpg,cg14.jpg,OK,imagem=OK | mao=OK
4902,ORÇAMENTO,orcamentoSm_Prog001.mp4,orcamentoSm_Prog001.jpg,cg20.jpg,OK,imagem=ERRO | mao=OK
2111,ORDEM1,ordemSm_Prog001.mp4,ordemSm_Prog001.jpg,cg14.jpg,OK,imagem=ERRO | mao=OK
5607,ORDEM2,ordem2Sm_Prog001.mp4,ordem2Sm_Prog001.jpg,cg64.jpg,OK,imagem=ERRO | mao=OK
4882,ORDENADO,ordenado_mensalSm_Prog001.mp4,ordenado_mensalSm_Prog001.jpg,cg44.jpg,OK,imagem=ERRO | mao=OK
2112,ORDENAR1,ordenarSm_Prog001.mp4,ordenarSm_Prog001.jpg,cg14.jpg,OK,imagem=ERRO | mao=OK
6195,ORDENAR2,ordenar2Sm_Prog001.mp4,ordenar2Sm_Prog001.jpg,cg64.jpg,OK,imagem=ERRO | mao=OK
2113,ORELHA,orelhaSm_Prog001.mp4,orelhaSm_Prog001.jpg,cg14.jpg,OK,imagem=ERRO | mao=OK
5775,ORELHÃO ( TELEFONE PÚBLICO ),orelhaoSm_Prog001.mp4,orelhaoSm_Prog001.jpg,cg40.jpg,OK,imagem=ERRO | mao=OK
5608,ORELHUDO,orelhudoSm_Prog001.mp4,orelhudoSm_Prog001.jpg,cg18b.jpg,OK,imagem=ERRO | mao=OK
5609,ORGANISMO,organismoSm_Prog001.mp4,organismoSm_Prog001.jpg,cg46a.jpg,OK,imagem=ERRO | mao=OK
2115,ORGANIZAÇÃO,organizacaoSm_Prog001.mp4,organizacaoSm_Prog001.jpg,cg49.jpg,OK,imagem=ERRO | mao=OK
2114,ORGANIZAR,organizarSm_Prog001.mp4,organizarSm_Prog001.jpg,cg49.jpg,OK,imagem=ERRO | mao=OK
2116,ORGASMO,orgasmoSm_Prog001.mp4,orgasmoSm_Prog001.jpg,cg55.jpg,OK,imagem=ERRO | mao=OK
2117,ORGULHAR,orgulharSm_Prog001.mp4,orgulharSm_Prog001.jpg,cg40.jpg,OK,imagem=ERRO | mao=OK
2119,ORGULHOSO,orgulhosoSm_Prog001.mp4,orgulhosoSm_Prog001.jpg,cg40.jpg,OK,imagem=ERRO | mao=OK
2120,ORIENTADOR,orientadorSm_Prog001.mp4,orientadorSm_Prog001.jpg,cg50.jpg,OK,imagem=ERRO | mao=OK
5610,ORIENTAR,orientarSm_Prog001.mp4,orientarSm_Prog001.jpg,cg50.jpg,OK,imagem=ERRO | mao=OK
4905,ORIGEM,origemSm_Prog001.mp4,origemSm_Prog001.jpg,cg63.jpg,OK,imagem=ERRO | mao=OK
2121,ORIGINAL,originalSm_Prog001.mp4,originalSm_Prog001.jpg,cg34.jpg,OK,imagem=ERRO | mao=OK
4906,ORQUESTRA,orquestraSm_Prog001.mp4,orquestraSm_Prog001.jpg,cg14.jpg,OK,imagem=ERRO | mao=OK
4515,OSCILAR,oscilarSm_Prog001.mp4,oscilarSm_Prog001.jpg,cg52.jpg,OK,imagem=ERRO | mao=OK
2123,OSSO1,ossoSm_Prog001.mp4,ossoSm_Prog001.jpg,cg42.jpg,OK,imagem=ERRO | mao=OK
6634,OSSO2,osso2Sm_Prog001.mp4,osso2Sm_Prog001.jpg,cg01.jpg,OK,imagem=ERRO | mao=OK
2125,OSTRA,ostraSm_Prog001.mp4,ostraSm_Prog001.jpg,cg53a.jpg,OK,imagem=ERRO | mao=OK
5778,OTIMISTA,otimistaSm_Prog001.mp4,otimistaSm_Prog001.jpg,cg07.jpg,OK,imagem=ERRO | mao=OK
5781,OTITE,otiteSm_Prog001.mp4,otiteSm_Prog001.jpg,cg55.jpg,OK,imagem=ERRO | mao=OK
2127,OU,ouSm_Prog001.mp4,ouSm_Prog001.jpg,cg42.jpg,OK,imagem=ERRO | mao=OK
2128,OURO1,ouroSm_Prog001.mp4,ouroSm_Prog001.jpg,cg42.jpg,OK,imagem=ERRO | mao=OK
6635,OURO2,ouro2Sm_Prog001.mp4,ouro2Sm_Prog001.jpg,cg35a.jpg,OK,imagem=ERRO | mao=OK
5612,OUSADA,ousadaSm_Prog001.mp4,ousadaSm_Prog001.jpg,cg57.jpg,OK,imagem=ERRO | mao=OK
4884,OUSADIA,ousadiaSm_Prog001.mp4,ousadiaSm_Prog001.jpg,cg57.jpg,OK,imagem=ERRO | mao=OK
2129,OUTONO1,outonoSm_Prog001.mp4,outonoSm_Prog001.jpg,cg42.jpg,ERRO,video_download_falhou
6636,OUTONO2,outono2Sm_Prog001.mp4,outono2Sm_Prog001.jpg,cg64.jpg,OK,imagem=ERRO | mao=OK
4516,OUTORGAR,outorgarSm_Prog001.mp4,outorgarSm_Prog001.jpg,cg55.jpg,OK,imagem=ERRO | mao=OK
2130,OUTRA VEZ,outra-vezSm_Prog001.mp4,outra-vezSm_Prog001.jpg,cg08a.jpg,ERRO,video_download_falhou
2131,OUTRO,outroSm_Prog001.mp4,outroSm_Prog001.jpg,cg08a.jpg,OK,imagem=ERRO | mao=OK
2132,OUTUBRO,outubroSm_Prog001.mp4,outubroSm_Prog001.jpg,cg42.jpg,OK,imagem=ERRO | mao=OK
2133,OUVINTE,ouvinteSm_Prog001.mp4,ouvinteSm_Prog001.jpg,cg57.jpg,OK,imagem=ERRO | mao=OK
2134,OUVIR,ouvirSm_Prog001.mp4,ouvirSm_Prog001.jpg,cg57.jpg,OK,imagem=ERRO | mao=OK
2135,OVAL,ovalSm_Prog001.mp4,ovalSm_Prog001.jpg,cg51b.jpg,OK,imagem=ERRO | mao=OK
4885,OVÁRIO,ovarioSm_Prog001.mp4,ovarioSm_Prog001.jpg,cg42.jpg,OK,imagem=ERRO | mao=OK
4517,OVELHA,ovelhaSm_Prog001.mp4,ovelhaSm_Prog001.jpg,cg25.jpg,OK,imagem=OK | mao=OK
2137,OVO1,ovo1Sm_Prog001.mp4,ovo1Sm_Prog001.jpg,cg45.jpg,OK,imagem=ERRO | mao=OK
2138,OVO2,ovo2Sm_Prog001.mp4,ovo2Sm_Prog001.jpg,cg42.jpg,OK,imagem=ERRO | mao=OK
4907,OXIGÊNIO,oxigenioSm_Prog001.mp4,oxigenioSm_Prog001.jpg,cg01.jpg,OK,imagem=ERRO | mao=OK
7063,P,pSm_Prog001.mp4,pSm_Prog001.jpg,cg11.jpg,OK,imagem=ERRO | mao=OK
1777,PÁ,paSm_Prog001.mp4,paSm_Prog001.jpg,cg01.jpg,OK,imagem=ERRO | mao=OK
5783,PACOTE,pacoteSm_Prog001.mp4,pacoteSm_Prog001.jpg,cg63.jpg,OK,imagem=ERRO | mao=OK
1780,PADARIA,padariaSm_Prog001.mp4,padariaSm_Prog001.jpg,cg05.jpg,OK,imagem=ERRO | mao=OK
1781,PADEIRO,padeiroSm_Prog001.mp4,padeiroSm_Prog001.jpg,cg05.jpg,OK,imagem=ERRO | mao=OK
5784,PADRÃO1,padrao1Sm_Prog001.mp4,padrao1Sm_Prog001.jpg,cg25.jpg,OK,imagem=ERRO | mao=OK
5785,PADRÃO2,padrao2Sm_Prog001.mp4,padrao2Sm_Prog001.jpg,cg61.jpg,OK,imagem=ERRO | mao=OK
1782,PADRASTO,padrastoSm_Prog001.mp4,padrastoSm_Prog001.jpg,cg01.jpg,OK,imagem=ERRO | mao=OK
1783,PADRE,padreSm_Prog001.mp4,padreSm_Prog001.jpg,cg24.jpg,OK,imagem=ERRO | mao=OK
5787,PADRONIZAR,padronizarSm_Prog001.mp4,padronizarSm_Prog001.jpg,cg61.jpg,OK,imagem=ERRO | mao=OK
1784,PAGAMENTO1,pagamento1Sm_Prog001.mp4,pagamento1Sm_Prog001.jpg,cg44.jpg,OK,imagem=ERRO | mao=OK
6947,PAGAMENTO2,pagamento2Sm_Prog001.mp4,pagamento2Sm_Prog001.jpg,cg20.jpg,OK,imagem=ERRO | mao=OK
1785,PAGAR1,pagar1Sm_Prog001.mp4,pagar1Sm_Prog001.jpg,cg01.jpg,OK,imagem=ERRO | mao=OK
4530,PAGAR2,pagar2Sm_Prog001.mp4,pagar2Sm_Prog001.jpg,cg05.jpg,OK,imagem=ERRO | mao=OK
5789,PÁGINA1,paginaSm_Prog001.mp4,paginaSm_Prog001.jpg,cg02.jpg,OK,imagem=ERRO | mao=OK
1776,PAGODE,pagodeSm_Prog001.mp4,pagodeSm_Prog001.jpg,cg64.jpg,OK,imagem=ERRO | mao=OK
1786,PAI1,pai1Sm_Prog001.mp4,pai1Sm_Prog001.jpg,cg39.jpg,OK,imagem=ERRO | mao=OK
1787,PAI2,pai2Sm_Prog001.mp4,pai2Sm_Prog001.jpg,cg02.jpg,OK,imagem=ERRO | mao=OK
5790,PAINEL,painelSm_Prog001.mp4,painelSm_Prog001.jpg,cg14.jpg,OK,imagem=ERRO | mao=OK
1788,PAÍS,paisSm_Prog001.mp4,paisSm_Prog001.jpg,cg11.jpg,OK,imagem=ERRO | mao=OK
5791,PAISAGEM,paisagemSm_Prog001.mp4,paisagemSm_Prog001.jpg,cg64.jpg,OK,imagem=OK | mao=OK
1789,PALADAR,paladarSm_Prog001.mp4,paladarSm_Prog001.jpg,cg14.jpg,OK,imagem=ERRO | mao=OK
1790,PALAVRA,palavraSm_Prog001.mp4,palavraSm_Prog001.jpg,cg18a.jpg,OK,imagem=ERRO | mao=OK
1791,PALAVRÃO,palavraoSm_Prog001.mp4,palavraoSm_Prog001.jpg,cg14.jpg,OK,imagem=ERRO | mao=OK
5794,PALCO,palcoSm_Prog001.mp4,palcoSm_Prog001.jpg,cg24.jpg,OK,imagem=ERRO | mao=OK
1792,PALESTRA,palestraSm_Prog001.mp4,palestraSm_Prog001.jpg,cg64.jpg,OK,imagem=ERRO | mao=OK
5795,PALESTRAR,palestrarSm_Prog001.mp4,palestrarSm_Prog001.jpg,cg64.jpg,OK,imagem=ERRO | mao=OK
1793,PALETÓ,paletoSm_Prog001.mp4,paletoSm_Prog001.jpg,cg01.jpg,OK,imagem=ERRO | mao=OK
5796,PALHA,palhaSm_Prog001.mp4,palhaSm_Prog001.jpg,cg47.jpg,OK,imagem=ERRO | mao=OK
5799,PALHAÇADA,palhacadaSm_Prog001.mp4,palhacadaSm_Prog001.jpg,cg45.jpg,OK,imagem=ERRO | mao=OK
1794,PALHAÇO,palhacoSm_Prog001.mp4,palhacoSm_Prog001.jpg,cg45.jpg,OK,imagem=ERRO | mao=OK
1795,PÁLIDO,palidoSm_Prog001.mp4,palidoSm_Prog001.jpg,cg52.jpg,OK,imagem=ERRO | mao=OK
1796,PALITO,palitoSm_Prog001.mp4,palitoSm_Prog001.jpg,cg20.jpg,OK,imagem=OK | mao=OK
5800,PALMA1,palma1Sm_Prog001.mp4,palma1Sm_Prog001.jpg,cg63.jpg,OK,imagem=ERRO | mao=OK
5801,PALMA2,palma2Sm_Prog001.mp4,palma2Sm_Prog001.jpg,cg64.jpg,OK,imagem=ERRO | mao=OK
5802,PALMAS,palmas3Sm_Prog001.mp4,palmas3Sm_Prog001.jpg,cg63.jpg,ERRO,video_download_falhou
4910,PALMITO,palmitoSm_Prog001.mp4,palmitoSm_Prog001.jpg,cg63.jpg,OK,imagem=OK | mao=OK
4911,PÁLPEBRA,palpebraSm_Prog001.mp4,palpebraSm_Prog001.jpg,cg14.jpg,OK,imagem=ERRO | mao=OK
4531,PALPITAR1,palpitar1Sm_Prog001.mp4,palpitar1Sm_Prog001.jpg,cg02.jpg,OK,imagem=ERRO | mao=OK
4533,PALPITAR2,palpitar2Sm_Prog001.mp4,palpitar2Sm_Prog001.jpg,cg20.jpg,OK,imagem=ERRO | mao=OK
1797,PALPITE,palpiteSm_Prog001.mp4,palpiteSm_Prog001.jpg,cg49.jpg,OK,imagem=ERRO | mao=OK
4912,PANCADA,pancadaSm_Prog001.mp4,pancadaSm_Prog001.jpg,cg53a.jpg,OK,imagem=ERRO | mao=OK
5805,PANDA,pandaSm_Prog001.mp4,pandaSm_Prog001.jpg,cg18a.jpg,OK,imagem=OK | mao=OK
1798,PANE,pane1Sm_Prog001.mp4,pane1Sm_Prog001.jpg,cg07.jpg,OK,imagem=ERRO | mao=OK
1799,PANELA,panelaSm_Prog001.mp4,panelaSm_Prog001.jpg,cg05.jpg,OK,imagem=ERRO | mao=OK
1800,PANO1,pano1Sm_Prog001.mp4,pano1Sm_Prog001.jpg,cg05.jpg,OK,imagem=ERRO | mao=OK
1801,PANO2,pano2Sm_Prog001.mp4,pano2Sm_Prog001.jpg,cg21.jpg,OK,imagem=ERRO | mao=OK
4534,PANO3,pano3Sm_Prog001.mp4,pano3Sm_Prog001.jpg,cg21.jpg,OK,imagem=ERRO | mao=OK
4913,PANQUECA,panquecaSm_Prog001.mp4,panquecaSm_Prog001.jpg,cg14.jpg,OK,imagem=ERRO | mao=OK
1802,PÃO,paoSm_Prog001.mp4,paoSm_Prog001.jpg,cg05.jpg,OK,imagem=ERRO | mao=OK
6701,PÃO-DURO,pao-duroSm_Prog001.mp4,pao-duroSm_Prog001.jpg,cg02.jpg,OK,imagem=ERRO | mao=OK
1803,PAPA,papaSm_Prog001.mp4,papaSm_Prog001.jpg,cg63.jpg,OK,imagem=ERRO | mao=OK
1804,PAPAGAIO,papagaioSm_Prog001.mp4,papagaioSm_Prog001.jpg,cg32.jpg,OK,imagem=OK | mao=OK
5807,PAPAR,paparSm_Prog001.mp4,paparSm_Prog001.jpg,cg53a.jpg,OK,imagem=ERRO | mao=OK
1805,PAPEL,papelSm_Prog001.mp4,papelSm_Prog001.jpg,cg08a.jpg,OK,imagem=ERRO | mao=OK
1806,PAPEL HIGIÊNICO,papel-higienicoSm_Prog001.mp4,papel-higienicoSm_Prog001.jpg,cg01.jpg,OK,imagem=OK | mao=OK
5808,PAPELADA,papeladaSm_Prog001.mp4,papeladaSm_Prog001.jpg,cg08a.jpg,OK,imagem=ERRO | mao=OK
5809,PAPELÃO,papelaoSm_Prog001.mp4,papelaoSm_Prog001.jpg,cg08a.jpg,OK,imagem=ERRO | mao=OK
1807,PAPELARIA,papelariaSm_Prog001.mp4,papelariaSm_Prog001.jpg,cg08a.jpg,OK,imagem=ERRO | mao=OK
5810,PAPO1,papo1Sm_Prog001.mp4,papo1Sm_Prog001.jpg,cg63.jpg,OK,imagem=ERRO | mao=OK
5811,PAPO2,papo2Sm_Prog001.mp4,papo2Sm_Prog001.jpg,cg14.jpg,OK,imagem=ERRO | mao=OK
1808,PAQUERAR1,paquerarSm_Prog001.mp4,paquerarSm_Prog001.jpg,cg02.jpg,OK,imagem=ERRO | mao=OK
5806,PAQUERAR2,paquerar2Sm_Prog001.mp4,paquerar2Sm_Prog001.jpg,cg57.jpg,OK,imagem=ERRO | mao=OK
5813,PAR1,par1Sm_Prog001.mp4,par1Sm_Prog001.jpg,cg11.jpg,OK,imagem=ERRO | mao=OK
6702,PAR2,par2Sm_Prog001.mp4,par2Sm_Prog001.jpg,cg32.jpg,OK,imagem=ERRO | mao=OK
3900,PARÁ,paraSm_Prog001.mp4,paraSm_Prog001.jpg,cg63.jpg,OK,imagem=ERRO | mao=OK
4770,PARA,paraSm_Prog001.mp4,paraSm_Prog001.jpg,cg11.jpg,OK,imagem=ERRO | mao=OK
1810,PARA QUE?,para-queSm_Prog001.mp4,para-queSm_Prog001.jpg,cg44.jpg,ERRO,video_download_falhou
4766,PÁRA-BRISA,para-brisaSm_Prog001.mp4,para-brisaSm_Prog001.jpg,cg53a.jpg,OK,imagem=ERRO | mao=OK
1817,PÁRA-QUEDAS,paraquedaSm_Prog001.mp4,paraquedaSm_Prog001.jpg,cg47.jpg,ERRO,video_download_falhou
5814,PARABENIZAR1,parabenizar1Sm_Prog001.mp4,parabenizar1Sm_Prog001.jpg,cg52.jpg,OK,imagem=ERRO | mao=OK
5815,PARABENIZAR2,parabenizar2Sm_Prog001.mp4,parabenizar2Sm_Prog001.jpg,cg63.jpg,OK,imagem=ERRO | mao=OK
1809,PARABÉNS,parabensSm_Prog001.mp4,parabensSm_Prog001.jpg,cg52.jpg,OK,imagem=ERRO | mao=OK
5816,PARADA,parada1Sm_Prog001.mp4,parada1Sm_Prog001.jpg,cg64.jpg,ERRO,video_download_falhou
1816,PARADA DE ÔNIBUS,parada_de_onibusSm_Prog001.mp4,parada_de_onibusSm_Prog001.jpg,cg61.jpg,OK,imagem=ERRO | mao=OK
5817,PARADO,paradoSm_Prog001.mp4,paradoSm_Prog001.jpg,cg01.jpg,OK,imagem=ERRO | mao=OK
5818,PARAFUSO,parafusoSm_Prog001.mp4,parafusoSm_Prog001.jpg,cg21.jpg,OK,imagem=ERRO | mao=OK
3902,PARAGUAI,paraguaiSm_Prog001.mp4,paraguaiSm_Prog001.jpg,cg11.jpg,OK,imagem=ERRO | mao=OK
7464,PARAGUAIO,paraguaioSm_Prog001.mp4,paraguaioSm_Prog001.jpg,cg11.jpg,OK,imagem=ERRO | mao=OK
3903,PARAÍBA,paraibaSm_Prog001.mp4,paraibaSm_Prog001.jpg,cg11.jpg,OK,imagem=ERRO | mao=OK
4763,PARAÍSO,paraisoSm_Prog001.mp4,paraisoSm_Prog001.jpg,cg64.jpg,OK,imagem=ERRO | mao=OK
5819,PARALELO,paraleloSm_Prog001.mp4,paraleloSm_Prog001.jpg,cg14.jpg,ERRO,video_download_falhou
5820,PARALISIA CEREBRAL,paralisia_cerebralSm_Prog001.mp4,paralisia_cerebralSm_Prog001.jpg,cg14.jpg,OK,imagem=OK | mao=OK
5821,PARALÍTICO,paraliticoSm_Prog001.mp4,paraliticoSm_Prog001.jpg,cg01.jpg,OK,imagem=OK | mao=OK
5823,PARALIZAÇÃO,paralizacaoSm_Prog001.mp4,paralizacaoSm_Prog001.jpg,cg01.jpg,OK,imagem=ERRO | mao=OK
3904,PARANÁ,paranaSm_Prog001.mp4,paranaSm_Prog001.jpg,cg63.jpg,OK,imagem=ERRO | mao=OK
1811,PARAR1,parar1Sm_Prog001.mp4,parar1Sm_Prog001.jpg,cg02.jpg,OK,imagem=ERRO | mao=OK
1813,PARAR2,parar2Sm_Prog001.mp4,parar2Sm_Prog001.jpg,cg63.jpg,OK,imagem=ERRO | mao=OK
4536,PARAR3,parar3Sm_Prog001.mp4,parar3Sm_Prog001.jpg,cg63.jpg,OK,imagem=ERRO | mao=OK
4537,PARAR4,parar4Sm_Prog001.mp4,parar4Sm_Prog001.jpg,cg02.jpg,OK,imagem=ERRO | mao=OK
6703,PARAR5,parar5Sm_Prog001.mp4,parar5Sm_Prog001.jpg,cg63.jpg,OK,imagem=ERRO | mao=OK
5831,PARCEIRO,parceiroSm_Prog001.mp4,parceiroSm_Prog001.jpg,cg01.jpg,OK,imagem=ERRO | mao=OK
5833,PARCELA,parcelasSm_Prog001.mp4,parcelasSm_Prog001.jpg,cg64.jpg,OK,imagem=ERRO | mao=OK
1814,PARCELAR,parcelarSm_Prog001.mp4,parcelarSm_Prog001.jpg,cg64.jpg,OK,imagem=ERRO | mao=OK
5834,PARCERIA,parceriaSm_Prog001.mp4,parceriaSm_Prog001.jpg,cg33.jpg,OK,imagem=ERRO | mao=OK
5527,PARCIAL,parcialSm_Prog001.mp4,parcialSm_Prog001.jpg,cg63.jpg,OK,imagem=ERRO | mao=OK
1815,PARECER,parecerSm_Prog001.mp4,parecerSm_Prog001.jpg,cg24.jpg,OK,imagem=ERRO | mao=OK
4914,PARECIDO,parecido2Sm_Prog001.mp4,parecido2Sm_Prog001.jpg,cg24.jpg,OK,imagem=ERRO | mao=OK
1818,PAREDE,paredeSm_Prog001.mp4,paredeSm_Prog001.jpg,cg63.jpg,OK,imagem=ERRO | mao=OK
5836,PARÊNTESES,parentesesSm_Prog001.mp4,parentesesSm_Prog001.jpg,cg14.jpg,OK,imagem=ERRO | mao=OK
1819,PARQUE,parqueSm_Prog001.mp4,parqueSm_Prog001.jpg,cg64.jpg,OK,imagem=ERRO | mao=OK
1820,PARQUE DE DIVERSÃO,parque-de-diversaoSm_Prog001.mp4,parque-de-diversaoSm_Prog001.jpg,cg31.jpg,OK,imagem=ERRO | mao=OK
4916,PARTE,parteSm_Prog001.mp4,parteSm_Prog001.jpg,cg63.jpg,OK,imagem=ERRO | mao=OK
5839,PARTICIPAÇÃO,participacao2Sm_Prog001.mp4,participacao2Sm_Prog001.jpg,cg44.jpg,ERRO,video_download_falhou
1821,PARTICIPAR,participarSm_Prog001.mp4,participarSm_Prog001.jpg,cg63.jpg,OK,imagem=ERRO | mao=OK
1822,PARTICULAR,particularSm_Prog001.mp4,particularSm_Prog001.jpg,cg28.jpg,OK,imagem=ERRO | mao=OK
5840,PARTIDA,partidaSm_Prog001.mp4,partidaSm_Prog001.jpg,cg01.jpg,OK,imagem=ERRO | mao=OK
1823,PARTIR1,partir1Sm_Prog001.mp4,partir1Sm_Prog001.jpg,cg53a.jpg,OK,imagem=ERRO | mao=OK
1824,PARTIR2,partir2Sm_Prog001.mp4,partir2Sm_Prog001.jpg,cg63.jpg,OK,imagem=ERRO | mao=OK
5530,PARTIR3,partir3Sm_Prog001.mp4,partir3Sm_Prog001.jpg,cg61.jpg,OK,imagem=ERRO | mao=OK
6708,PARTIR4,partir4Sm_Prog001.mp4,partir4Sm_Prog001.jpg,cg51a.jpg,OK,imagem=ERRO | mao=OK
1825,PÁSCOA,pascoaSm_Prog001.mp4,pascoaSm_Prog001.jpg,cg27.jpg,OK,imagem=ERRO | mao=OK
5843,PASMO,pasmoSm_Prog001.mp4,pasmoSm_Prog001.jpg,cg63.jpg,OK,imagem=ERRO | mao=OK
5873,PASSA-TEMPO,passar6Sm_Prog001.mp4,passar6Sm_Prog001.jpg,cg39.jpg,OK,imagem=ERRO | mao=OK
1826,PASSADO,passadoSm_Prog001.mp4,passadoSm_Prog001.jpg,cg63.jpg,OK,imagem=ERRO | mao=OK
5844,PASSAGEIRO,passageiroSm_Prog001.mp4,passageiroSm_Prog001.jpg,cg31.jpg,OK,imagem=ERRO | mao=OK
1827,PASSAGEM1,passagem1Sm_Prog001.mp4,passagem1Sm_Prog001.jpg,cg36.jpg,OK,imagem=ERRO | mao=OK
5846,PASSAGEM2,passagem2Sm_Prog001.mp4,passagem2Sm_Prog001.jpg,cg18a.jpg,OK,imagem=ERRO | mao=OK
6686,PASSAGEM3,passagem3Sm_Prog001.mp4,passagem3Sm_Prog001.jpg,cg24.jpg,OK,imagem=ERRO | mao=OK
1828,PASSAPORTE,passaporteSm_Prog001.mp4,passaporteSm_Prog001.jpg,cg02.jpg,OK,imagem=ERRO | mao=OK
1830,PASSAR,passar2Sm_Prog001.mp4,passar2Sm_Prog001.jpg,cg08a.jpg,OK,imagem=ERRO | mao=OK
1829,PASSAR PESSOA,passar1Sm_Prog001.mp4,passar1Sm_Prog001.jpg,cg14.jpg,OK,imagem=ERRO | mao=OK
4543,PASSAR RODO,passar5Sm_Prog001.mp4,passar5Sm_Prog001.jpg,cg53a.jpg,OK,imagem=ERRO | mao=OK
1831,PASSAR ROUPA,passar3Sm_Prog001.mp4,passar3Sm_Prog001.jpg,cg02.jpg,OK,imagem=ERRO | mao=OK
6705,PASSARELA,passarelaSm_Prog001.mp4,passarelaSm_Prog001.jpg,cg32.jpg,OK,imagem=ERRO | mao=OK
6704,PÁSSARO1,passaroSm_Prog001.mp4,passaroSm_Prog001.jpg,cg20.jpg,OK,imagem=ERRO | mao=OK
7021,PÁSSARO2,passaro2Sm_Prog001.mp4,passaro2Sm_Prog001.jpg,cg20.jpg,OK,imagem=OK | mao=OK
6707,PASSEAR,passearSm_Prog001.mp4,passearSm_Prog001.jpg,cg07.jpg,OK,imagem=ERRO | mao=OK
1834,PASSEATA,passeataSm_Prog001.mp4,passeataSm_Prog001.jpg,cg64.jpg,OK,imagem=ERRO | mao=OK
4544,PASSEIO,passeioSm_Prog001.mp4,passeioSm_Prog001.jpg,cg07.jpg,OK,imagem=ERRO | mao=OK
5851,PASSO,passoSm_Prog001.mp4,passoSm_Prog001.jpg,cg53a.jpg,OK,imagem=ERRO | mao=OK
1835,PASTA,pastaSm_Prog001.mp4,pastaSm_Prog001.jpg,cg63.jpg,OK,imagem=ERRO | mao=OK
1836,PASTA DENTAL,pasta dentalSm_Prog001.mp4,pasta dentalSm_Prog001.jpg,cg07.jpg,ERRO,video_download_falhou
1837,PASTEL,pastelSm_Prog001.mp4,pastelSm_Prog001.jpg,cg63.jpg,OK,imagem=ERRO | mao=OK
1838,PASTOR,pastorSm_Prog001.mp4,pastorSm_Prog001.jpg,cg11.jpg,OK,imagem=ERRO | mao=OK
5852,PASTORAL,pastoralSm_Prog001.mp4,pastoralSm_Prog001.jpg,cg11.jpg,OK,imagem=ERRO | mao=OK
5853,PATA,pataSm_Prog001.mp4,pataSm_Prog001.jpg,cg02.jpg,OK,imagem=OK | mao=OK
7465,PATIM,patim2Sm_Prog001.mp4,patim2Sm_Prog001.jpg,cg40.jpg,ERRO,video_download_falhou
1839,PATINAR1,patinar1Sm_Prog001.mp4,patinar1Sm_Prog001.jpg,cg62.jpg,OK,imagem=ERRO | mao=OK
4545,PATINAR2,patinar2Sm_Prog001.mp4,patinar2Sm_Prog001.jpg,cg40.jpg,OK,imagem=ERRO | mao=OK
4546,PATINAR3,patinar3Sm_Prog001.mp4,patinar3Sm_Prog001.jpg,cg63.jpg,OK,imagem=ERRO | mao=OK
1840,PATINS,patins1Sm_Prog001.mp4,patins1Sm_Prog001.jpg,cg49.jpg,ERRO,video_download_falhou
1841,PATO,patoSm_Prog001.mp4,patoSm_Prog001.jpg,cg23.jpg,OK,imagem=OK | mao=OK
5855,PATRIMÔNIO,patrimonioSm_Prog001.mp4,patrimonioSm_Prog001.jpg,cg02.jpg,OK,imagem=ERRO | mao=OK
5856,PATRULHA,patrulhaSm_Prog001.mp4,patrulhaSm_Prog001.jpg,cg02.jpg,OK,imagem=ERRO | mao=OK
1843,PAU,pauSm_Prog001.mp4,pauSm_Prog001.jpg,cg63.jpg,OK,imagem=ERRO | mao=OK
5857,PAULADA,pauladaSm_Prog001.mp4,pauladaSm_Prog001.jpg,cg01.jpg,OK,imagem=ERRO | mao=OK
7466,PAULISTA,paulistaSm_Prog001.mp4,paulistaSm_Prog001.jpg,cg11.jpg,OK,imagem=ERRO | mao=OK
5858,PAUSA,pausaSm_Prog001.mp4,pausaSm_Prog001.jpg,cg01.jpg,OK,imagem=ERRO | mao=OK
5859,PAUTA,pautaSm_Prog001.mp4,pautaSm_Prog001.jpg,cg61.jpg,OK,imagem=ERRO | mao=OK
4547,PAVÃO,pavaoSm_Prog001.mp4,pavaoSm_Prog001.jpg,cg01.jpg,OK,imagem=OK | mao=OK
1844,PAZ,pazSm_Prog001.mp4,pazSm_Prog001.jpg,cg01.jpg,OK,imagem=ERRO | mao=OK
1845,PÉ,pe1Sm_Prog001.mp4,pe1Sm_Prog001.jpg,cg11.jpg,ERRO,video_download_falhou
1846,PÉ(EM PÉ),pe-(em pe)Sm_Prog001.mp4,pe-(em pe)Sm_Prog001.jpg,cg32.jpg,ERRO,video_download_falhou
5866,PÉ-DE-PATO,pe de patoSm_Prog001.mp4,pe de patoSm_Prog001.jpg,cg24.jpg,ERRO,video_download_falhou
5863,PEBOLIM,pebolimSm_Prog001.mp4,pebolimSm_Prog001.jpg,cg02.jpg,OK,imagem=ERRO | mao=OK
1847,PECADO,pecadoSm_Prog001.mp4,pecadoSm_Prog001.jpg,cg44.jpg,OK,imagem=ERRO | mao=OK
7467,PECAR,pecarSm_Prog001.mp4,pecarSm_Prog001.jpg,cg44.jpg,OK,imagem=ERRO | mao=OK
1848,PEDAÇO,pedaco1Sm_Prog001.mp4,pedaco1Sm_Prog001.jpg,cg18a.jpg,ERRO,video_download_falhou
1849,PEDÁGIO,pedagioSm_Prog001.mp4,pedagioSm_Prog001.jpg,cg14.jpg,OK,imagem=ERRO | mao=OK
1850,PEDAGOGIA,pedagogiaSm_Prog001.mp4,pedagogiaSm_Prog001.jpg,cg11.jpg,OK,imagem=ERRO | mao=OK
5864,PEDAGOGICO,pedagogicoSm_Prog001.mp4,pedagogicoSm_Prog001.jpg,cg11.jpg,OK,imagem=ERRO | mao=OK
5865,PEDAGOGO,pedagogoSm_Prog001.mp4,pedagogoSm_Prog001.jpg,cg11.jpg,OK,imagem=ERRO | mao=OK
5867,PEDICURE,pedicureSm_Prog001.mp4,pedicureSm_Prog001.jpg,cg06.jpg,OK,imagem=ERRO | mao=OK
5868,PEDIDO,pedidoSm_Prog001.mp4,pedidoSm_Prog001.jpg,cg07.jpg,OK,imagem=ERRO | mao=OK
1851,PEDIR1,pedir1Sm_Prog001.mp4,pedir1Sm_Prog001.jpg,cg52.jpg,OK,imagem=ERRO | mao=OK
1852,PEDIR2,pedir2Sm_Prog001.mp4,pedir2Sm_Prog001.jpg,cg63.jpg,OK,imagem=ERRO | mao=OK
1853,PEDRA,pedraSm_Prog001.mp4,pedraSm_Prog001.jpg,cg47.jpg,OK,imagem=ERRO | mao=OK
1854,PEDREIRO,pedreiroSm_Prog001.mp4,pedreiroSm_Prog001.jpg,cg02.jpg,OK,imagem=ERRO | mao=OK
1855,PEGAR1,pegar1Sm_Prog001.mp4,pegar1Sm_Prog001.jpg,cg02.jpg,OK,imagem=ERRO | mao=OK
1856,PEGAR2,pegar2Sm_Prog001.mp4,pegar2Sm_Prog001.jpg,cg02.jpg,OK,imagem=ERRO | mao=OK
1857,PEGAR3,pegar3Sm_Prog001.mp4,pegar3Sm_Prog001.jpg,cg02.jpg,OK,imagem=ERRO | mao=OK
1858,PEIDO,peidoSm_Prog001.mp4,peidoSm_Prog001.jpg,cg02.jpg,OK,imagem=OK | mao=OK
1859,PEITO,peitoSm_Prog001.mp4,peitoSm_Prog001.jpg,cg63.jpg,OK,imagem=ERRO | mao=OK
1860,PEIXE1,peixe1Sm_Prog001.mp4,peixe1Sm_Prog001.jpg,cg15.jpg,OK,imagem=OK | mao=OK
5869,PEIXE2,peixe2Sm_Prog001.mp4,peixe2Sm_Prog001.jpg,cg63.jpg,OK,imagem=OK | mao=OK
5870,PELADO,peladoSm_Prog001.mp4,peladoSm_Prog001.jpg,cg02.jpg,OK,imagem=ERRO | mao=OK
1861,PELE,peleSm_Prog001.mp4,peleSm_Prog001.jpg,cg53a.jpg,OK,imagem=ERRO | mao=OK
5874,PELICANO,pelicanoSm_Prog001.mp4,pelicanoSm_Prog001.jpg,cg20.jpg,OK,imagem=OK | mao=OK
1862,PÊLO,peloSm_Prog001.mp4,peloSm_Prog001.jpg,cg57.jpg,OK,imagem=ERRO | mao=OK
6924,PELÚCIA,peluciaSm_Prog001.mp4,peluciaSm_Prog001.jpg,cg57.jpg,OK,imagem=ERRO | mao=OK
5875,PELUDO,peludoSm_Prog001.mp4,peludoSm_Prog001.jpg,cg57.jpg,OK,imagem=ERRO | mao=OK
1863,PENA1,pena1Sm_Prog001.mp4,pena1Sm_Prog001.jpg,cg20.jpg,OK,imagem=OK | mao=OK
5876,PENA3,pena3Sm_Prog001.mp4,pena3Sm_Prog001.jpg,cg20.jpg,OK,imagem=ERRO | mao=OK
5877,PENA4,pena4Sm_Prog001.mp4,pena4Sm_Prog001.jpg,cg31.jpg,OK,imagem=ERRO | mao=OK
1865,PÊNALTI,penâltiSm_Prog001.mp4,penâltiSm_Prog001.jpg,cg18a.jpg,ERRO,video_download_falhou
1866,PENDURAR1,pendurar1Sm_Prog001.mp4,pendurar1Sm_Prog001.jpg,cg15.jpg,OK,imagem=ERRO | mao=OK
4552,PENDURAR2,pendurar2Sm_Prog001.mp4,pendurar2Sm_Prog001.jpg,cg15.jpg,OK,imagem=ERRO | mao=OK
5878,PENEIRA,peneiraSm_Prog001.mp4,peneiraSm_Prog001.jpg,cg01.jpg,OK,imagem=ERRO | mao=OK
5880,PENEIRAR,peneirarSm_Prog001.mp4,peneirarSm_Prog001.jpg,cg47.jpg,OK,imagem=ERRO | mao=OK
1867,PENETRA,penetraSm_Prog001.mp4,penetraSm_Prog001.jpg,cg62.jpg,OK,imagem=ERRO | mao=OK
5531,PENETRAR,penetrarSm_Prog001.mp4,penetrarSm_Prog001.jpg,cg62.jpg,OK,imagem=ERRO | mao=OK
5882,PENICO,penicoSm_Prog001.mp4,penicoSm_Prog001.jpg,cg01.jpg,OK,imagem=ERRO | mao=OK
1868,PÊNIS,penis1Sm_Prog001.mp4,penis1Sm_Prog001.jpg,cg64.jpg,ERRO,video_download_falhou
4918,PENITÊNCIARIA,penitenciariaSm_Prog001.mp4,penitenciariaSm_Prog001.jpg,cg47.jpg,OK,imagem=ERRO | mao=OK
1869,PENSAMENTO1,pensamento1Sm_Prog001.mp4,pensamento1Sm_Prog001.jpg,cg14.jpg,OK,imagem=ERRO | mao=OK
5884,PENSAMENTO2,pensamento2Sm_Prog001.mp4,pensamento2Sm_Prog001.jpg,cg64.jpg,OK,imagem=ERRO | mao=OK
5883,PENSÃO1,pensao1Sm_Prog001.mp4,pensao1Sm_Prog001.jpg,cg02.jpg,OK,imagem=ERRO | mao=OK
6754,PENSÃO2,pensao2Sm_Prog001.mp4,pensao2Sm_Prog001.jpg,cg61.jpg,OK,imagem=ERRO | mao=OK
1870,PENSAR1,pensar1Sm_Prog001.mp4,pensar1Sm_Prog001.jpg,cg64.jpg,OK,imagem=ERRO | mao=OK
4553,PENSAR2,pensar2Sm_Prog001.mp4,pensar2Sm_Prog001.jpg,cg15.jpg,OK,imagem=ERRO | mao=OK
5886,PENSIONATO,pensionatoSm_Prog001.mp4,pensionatoSm_Prog001.jpg,cg02.jpg,OK,imagem=ERRO | mao=OK
1871,PENSIONISTA,pensionistaSm_Prog001.mp4,pensionistaSm_Prog001.jpg,cg02.jpg,OK,imagem=ERRO | mao=OK
1872,PENTE,penteSm_Prog001.mp4,penteSm_Prog001.jpg,cg24.jpg,OK,imagem=OK | mao=OK
5888,PENTEADO,penteadoSm_Prog001.mp4,penteadoSm_Prog001.jpg,cg47.jpg,OK,imagem=ERRO | mao=OK
4919,PENTEAR,pentearSm_Prog001.mp4,pentearSm_Prog001.jpg,cg04.jpg,OK,imagem=ERRO | mao=OK
5889,PENTELHO,pentelhoSm_Prog001.mp4,pentelhoSm_Prog001.jpg,cg53a.jpg,OK,imagem=ERRO | mao=OK
4920,PEPINO,pepinoSm_Prog001.mp4,pepinoSm_Prog001.jpg,cg42.jpg,OK,imagem=OK | mao=OK
5890,PEQUENINO,pequeninoSm_Prog001.mp4,pequeninoSm_Prog001.jpg,cg62.jpg,OK,imagem=ERRO | mao=OK
1873,PEQUENO1,pequeno1Sm_Prog001.mp4,pequeno1Sm_Prog001.jpg,cg21.jpg,OK,imagem=ERRO | mao=OK
1874,PEQUENO2,pequeno2Sm_Prog001.mp4,pequeno2Sm_Prog001.jpg,cg63.jpg,OK,imagem=ERRO | mao=OK
4764,PEQUENO3,pequeno3Sm_Prog001.mp4,pequeno3Sm_Prog001.jpg,cg08a.jpg,OK,imagem=ERRO | mao=OK
1875,PÊRA,peraSm_Prog001.mp4,peraSm_Prog001.jpg,cg01.jpg,OK,imagem=OK | mao=OK
1876,PERAMBULAR,perambularSm_Prog001.mp4,perambularSm_Prog001.jpg,cg27.jpg,OK,imagem=ERRO | mao=OK
1877,PERCEBER1,perceber1Sm_Prog001.mp4,perceber1Sm_Prog001.jpg,cg32.jpg,OK,imagem=ERRO | mao=OK
1878,PERCEBER2,perceber2Sm_Prog001.mp4,perceber2Sm_Prog001.jpg,cg14.jpg,OK,imagem=ERRO | mao=OK
1879,PERCENTAGEM,percentagemSm_Prog001.mp4,percentagemSm_Prog001.jpg,cg49.jpg,OK,imagem=ERRO | mao=OK
5892,PERCURSO,percursoSm_Prog001.mp4,percursoSm_Prog001.jpg,cg63.jpg,OK,imagem=ERRO | mao=OK
5893,PERDÃO,perdaoSm_Prog001.mp4,perdaoSm_Prog001.jpg,cg40.jpg,OK,imagem=ERRO | mao=OK
1880,PERDER,perderSm_Prog001.mp4,perderSm_Prog001.jpg,cg63.jpg,OK,imagem=ERRO | mao=OK
5894,PERDIDO,perdidoSm_Prog001.mp4,perdidoSm_Prog001.jpg,cg64.jpg,OK,imagem=ERRO | mao=OK
1881,PERDOAR,perdoarSm_Prog001.mp4,perdoarSm_Prog001.jpg,cg40.jpg,OK,imagem=ERRO | mao=OK
1882,PERFEITO,perfeitoSm_Prog001.mp4,perfeitoSm_Prog001.jpg,cg49.jpg,OK,imagem=ERRO | mao=OK
1883,PERFUME,perfumeSm_Prog001.mp4,perfumeSm_Prog001.jpg,cg39.jpg,OK,imagem=ERRO | mao=OK
4922,PERFURAR,perfurarSm_Prog001.mp4,perfurarSm_Prog001.jpg,cg14.jpg,OK,imagem=ERRO | mao=OK
5895,PERFURATRIZ,perfuratrizSm_Prog001.mp4,perfuratrizSm_Prog001.jpg,cg08a.jpg,OK,imagem=ERRO | mao=OK
1884,PERGUNTAR,perguntarSm_Prog001.mp4,perguntarSm_Prog001.jpg,cg14.jpg,OK,imagem=ERRO | mao=OK
1885,PERIGO,perigoSm_Prog001.mp4,perigoSm_Prog001.jpg,cg14.jpg,OK,imagem=ERRO | mao=OK
6903,PERIGOSO,perigosoSm_Prog001.mp4,perigosoSm_Prog001.jpg,cg14.jpg,OK,imagem=ERRO | mao=OK
5897,PERIQUITO,periquitoSm_Prog001.mp4,periquitoSm_Prog001.jpg,cg04.jpg,OK,imagem=OK | mao=OK
1886,PERMANECER,permanecerSm_Prog001.mp4,permanecerSm_Prog001.jpg,cg32.jpg,OK,imagem=ERRO | mao=OK
5898,PERMANENTE,permanenteSm_Prog001.mp4,permanenteSm_Prog001.jpg,cg64.jpg,OK,imagem=ERRO | mao=OK
1887,PERMITIR,permitirSm_Prog001.mp4,permitirSm_Prog001.jpg,cg33.jpg,OK,imagem=ERRO | mao=OK
1888,PERNA,pernaSm_Prog001.mp4,pernaSm_Prog001.jpg,cg63.jpg,OK,imagem=ERRO | mao=OK
3905,PERNAMBUCO,pernambucoSm_Prog001.mp4,pernambucoSm_Prog001.jpg,cg47.jpg,OK,imagem=ERRO | mao=OK
5901,PERNILONGO,pernilongoSm_Prog001.mp4,pernilongoSm_Prog001.jpg,cg49.jpg,OK,imagem=OK | mao=OK
4923,PÉROLA,perolaSm_Prog001.mp4,perolaSm_Prog001.jpg,cg19.jpg,OK,imagem=ERRO | mao=OK
4924,PERPÉTUO,perpetuoSm_Prog001.mp4,perpetuoSm_Prog001.jpg,cg14.jpg,OK,imagem=ERRO | mao=OK
4555,PERSEGUIÇÃO,perseguicaoSm_Prog001.mp4,perseguicaoSm_Prog001.jpg,cg07.jpg,OK,imagem=ERRO | mao=OK
1889,PERSEGUIR,perseguirSm_Prog001.mp4,perseguirSm_Prog001.jpg,cg07.jpg,OK,imagem=ERRO | mao=OK
4925,PERSIANA,persianaSm_Prog001.mp4,persianaSm_Prog001.jpg,cg62.jpg,OK,imagem=ERRO | mao=OK
5902,PERSISTENTE,persistenteSm_Prog001.mp4,persistenteSm_Prog001.jpg,cg58.jpg,OK,imagem=ERRO | mao=OK
4556,PERSISTIR,persistir2Sm_Prog001.mp4,persistir2Sm_Prog001.jpg,cg05.jpg,ERRO,video_download_falhou
5903,PERSONAGEM,personagemSm_Prog001.mp4,personagemSm_Prog001.jpg,cg18a.jpg,OK,imagem=ERRO | mao=OK
5904,PERSONALIDADE,personalidadeSm_Prog001.mp4,personalidadeSm_Prog001.jpg,cg18b.jpg,OK,imagem=ERRO | mao=OK
5907,PERSPECTIVA,perspectivaSm_Prog001.mp4,perspectivaSm_Prog001.jpg,cg32.jpg,OK,imagem=ERRO | mao=OK
1890,PERTENCER,pertencerSm_Prog001.mp4,pertencerSm_Prog001.jpg,cg11.jpg,OK,imagem=ERRO | mao=OK
1891,PERTO1,perto1Sm_Prog001.mp4,perto1Sm_Prog001.jpg,cg42.jpg,OK,imagem=ERRO | mao=OK
4557,PERTO2,perto2Sm_Prog001.mp4,perto2Sm_Prog001.jpg,cg15.jpg,OK,imagem=ERRO | mao=OK
4926,PERTURBAR,pertubarSm_Prog001.mp4,pertubarSm_Prog001.jpg,cg63.jpg,OK,imagem=ERRO | mao=OK
1892,PERU1,peru1Sm_Prog001.mp4,peru1Sm_Prog001.jpg,cg20.jpg,OK,imagem=OK | mao=OK
3906,PERU2,peru2Sm_Prog001.mp4,peru2Sm_Prog001.jpg,cg20.jpg,OK,imagem=ERRO | mao=OK
7468,PERUANO,peruanoSm_Prog001.mp4,peruanoSm_Prog001.jpg,cg20.jpg,OK,imagem=ERRO | mao=OK
5908,PERUCA,perucaSm_Prog001.mp4,perucaSm_Prog001.jpg,cg01.jpg,OK,imagem=ERRO | mao=OK
4927,PERVERSO,perversoSm_Prog001.mp4,perversoSm_Prog001.jpg,cg57.jpg,OK,imagem=ERRO | mao=OK
1894,PESADO,pesadoSm_Prog001.mp4,pesadoSm_Prog001.jpg,cg02.jpg,OK,imagem=ERRO | mao=OK
1895,PESCADOR,pescadorSm_Prog001.mp4,pescadorSm_Prog001.jpg,cg05.jpg,OK,imagem=ERRO | mao=OK
1896,PESCAR,pescarSm_Prog001.mp4,pescarSm_Prog001.jpg,cg05.jpg,OK,imagem=ERRO | mao=OK
1897,PESCOÇO,pescocoSm_Prog001.mp4,pescocoSm_Prog001.jpg,cg51a.jpg,OK,imagem=ERRO | mao=OK
5912,PESO1,peso1Sm_Prog001.mp4,peso1Sm_Prog001.jpg,cg14.jpg,OK,imagem=ERRO | mao=OK
5914,PESO2,peso2Sm_Prog001.mp4,peso2Sm_Prog001.jpg,cg53a.jpg,OK,imagem=ERRO | mao=OK
1898,PESQUISA,pesquisaSm_Prog001.mp4,pesquisaSm_Prog001.jpg,cg14.jpg,OK,imagem=ERRO | mao=OK
1899,PÊSSEGO,pessegoSm_Prog001.mp4,pessegoSm_Prog001.jpg,cg02.jpg,OK,imagem=OK | mao=OK
5910,PÉSSIMO,pessimoSm_Prog001.mp4,pessimoSm_Prog001.jpg,cg07.jpg,OK,imagem=ERRO | mao=OK
1900,PESSOA1,pessoaSm_Prog001.mp4,pessoaSm_Prog001.jpg,cg35a.jpg,ERRO,video_download_falhou
5911,PESSOA2,pessoa2Sm_Prog001.mp4,pessoa2Sm_Prog001.jpg,cg18a.jpg,OK,imagem=ERRO | mao=OK
4928,PESSOAL,pessoalSm_Prog001.mp4,pessoalSm_Prog001.jpg,cg28.jpg,OK,imagem=ERRO | mao=OK
4559,PESTANEJAR,pestanejarSm_Prog001.mp4,pestanejarSm_Prog001.jpg,cg20.jpg,OK,imagem=ERRO | mao=OK
1901,PETECA,petecaSm_Prog001.mp4,petecaSm_Prog001.jpg,cg02.jpg,OK,imagem=ERRO | mao=OK
4929,PETISCAR,petiscarSm_Prog001.mp4,petiscarSm_Prog001.jpg,cg55.jpg,OK,imagem=ERRO | mao=OK
1903,PIA,piaSm_Prog001.mp4,piaSm_Prog001.jpg,cg08a.jpg,OK,imagem=OK | mao=OK
1904,PIADA,piadaSm_Prog001.mp4,piadaSm_Prog001.jpg,cg19.jpg,OK,imagem=ERRO | mao=OK
1905,PIANO,pianoSm_Prog001.mp4,pianoSm_Prog001.jpg,cg64.jpg,OK,imagem=ERRO | mao=OK
5915,PIÃO,piaoSm_Prog001.mp4,piaoSm_Prog001.jpg,cg19.jpg,OK,imagem=ERRO | mao=OK
3908,PIAUÍ,piauiSm_Prog001.mp4,piauiSm_Prog001.jpg,cg11.jpg,OK,imagem=ERRO | mao=OK
1906,PICA-PAU,pica-pauSm_Prog001.mp4,pica-pauSm_Prog001.jpg,cg20.jpg,OK,imagem=OK | mao=OK
5916,PICADA,picadaSm_Prog001.mp4,picadaSm_Prog001.jpg,cg14.jpg,OK,imagem=OK | mao=OK
1907,PICAR1,picar1Sm_Prog001.mp4,picar1Sm_Prog001.jpg,cg55.jpg,OK,imagem=ERRO | mao=OK
4560,PICAR2,picar2Sm_Prog001.mp4,picar2Sm_Prog001.jpg,cg62.jpg,OK,imagem=ERRO | mao=OK
4561,PICAR3,picar3Sm_Prog001.mp4,picar3Sm_Prog001.jpg,cg23.jpg,OK,imagem=ERRO | mao=OK
1908,PICHAR,picharSm_Prog001.mp4,picharSm_Prog001.jpg,cg15.jpg,OK,imagem=ERRO | mao=OK
1909,PICOLÉ,picoleSm_Prog001.mp4,picoleSm_Prog001.jpg,cg24.jpg,OK,imagem=ERRO | mao=OK
1910,PIJAMA,pijamaSm_Prog001.mp4,pijamaSm_Prog001.jpg,cg24.jpg,OK,imagem=ERRO | mao=OK
5920,PILAR,pilarSm_Prog001.mp4,pilarSm_Prog001.jpg,cg02.jpg,OK,imagem=ERRO | mao=OK
5921,PILEQUE,pilequeSm_Prog001.mp4,pilequeSm_Prog001.jpg,cg24.jpg,OK,imagem=ERRO | mao=OK
1911,PILHA1,pilha1Sm_Prog001.mp4,pilha1Sm_Prog001.jpg,cg01.jpg,OK,imagem=ERRO | mao=OK
6755,PILHA2,pilha2Sm_Prog001.mp4,pilha2Sm_Prog001.jpg,cg01.jpg,OK,imagem=ERRO | mao=OK
6886,PILHA3,pilha3Sm_Prog001.mp4,pilha3Sm_Prog001.jpg,cg64.jpg,OK,imagem=ERRO | mao=OK
4563,PILOTAR,pilotarSm_Prog001.mp4,pilotarSm_Prog001.jpg,cg07.jpg,OK,imagem=ERRO | mao=OK
1912,PILOTO,pilotoSm_Prog001.mp4,pilotoSm_Prog001.jpg,cg07.jpg,OK,imagem=ERRO | mao=OK
1913,PÍLULA,pilulaSm_Prog001.mp4,pilulaSm_Prog001.jpg,cg19.jpg,OK,imagem=OK | mao=OK
1914,PIMENTA,pimentaSm_Prog001.mp4,pimentaSm_Prog001.jpg,cg14.jpg,OK,imagem=ERRO | mao=OK
1915,PIMENTÃO,pimentaoSm_Prog001.mp4,pimentaoSm_Prog001.jpg,cg47.jpg,OK,imagem=ERRO | mao=OK
1916,PINÇA,pincaSm_Prog001.mp4,pincaSm_Prog001.jpg,cg19.jpg,OK,imagem=OK | mao=OK
4930,PINCEL1,pincel1Sm_Prog001.mp4,pincel1Sm_Prog001.jpg,cg24.jpg,OK,imagem=ERRO | mao=OK
4931,PINCEL2,pincel2Sm_Prog001.mp4,pincel2Sm_Prog001.jpg,cg45.jpg,OK,imagem=OK | mao=OK
1917,PINGA,pingaSm_Prog001.mp4,pingaSm_Prog001.jpg,cg37a.jpg,OK,imagem=ERRO | mao=OK
1918,PINGAR,pingarSm_Prog001.mp4,pingarSm_Prog001.jpg,cg19.jpg,OK,imagem=ERRO | mao=OK
5922,PINGO,pingoSm_Prog001.mp4,pingoSm_Prog001.jpg,cg19.jpg,ERRO,video_download_falhou
1919,PINGUE-PONGUE,pingue-pongueSm_Prog001.mp4,pingue-pongueSm_Prog001.jpg,cg42.jpg,OK,imagem=ERRO | mao=OK
5923,PINGÜIM,pinguimSm_Prog001.mp4,pinguimSm_Prog001.jpg,cg62.jpg,OK,imagem=OK | mao=OK
5925,PINTA,pintaSm_Prog001.mp4,pintaSm_Prog001.jpg,cg14.jpg,OK,imagem=ERRO | mao=OK
1920,PINTAR1,pintar1Sm_Prog001.mp4,pintar1Sm_Prog001.jpg,cg02.jpg,OK,imagem=ERRO | mao=OK
1921,PINTAR2,pintar2Sm_Prog001.mp4,pintar2Sm_Prog001.jpg,cg20.jpg,OK,imagem=ERRO | mao=OK
1922,PINTAR3,pintar3Sm_Prog001.mp4,pintar3Sm_Prog001.jpg,cg24.jpg,OK,imagem=ERRO | mao=OK
1923,PINTAR4,pintar4Sm_Prog001.mp4,pintar4Sm_Prog001.jpg,cg52.jpg,OK,imagem=ERRO | mao=OK
1924,PINTAR5,pintar5Sm_Prog001.mp4,pintar5Sm_Prog001.jpg,cg57.jpg,OK,imagem=ERRO | mao=OK
1925,PINTAR6,pintar6Sm_Prog001.mp4,pintar6Sm_Prog001.jpg,cg63.jpg,OK,imagem=ERRO | mao=OK
1926,PINTAR7,pintar7Sm_Prog001.mp4,pintar7Sm_Prog001.jpg,cg17.jpg,OK,imagem=ERRO | mao=OK
4564,PINTAR8,pintar8Sm_Prog001.mp4,pintar8Sm_Prog001.jpg,cg53a.jpg,OK,imagem=ERRO | mao=OK
6887,PINTAR9,pintar9Sm_Prog001.mp4,pintar9Sm_Prog001.jpg,cg02.jpg,OK,imagem=ERRO | mao=OK
1927,PINTO,pintoSm_Prog001.mp4,pintoSm_Prog001.jpg,cg20.jpg,OK,imagem=OK | mao=OK
1928,PINTOR1,pintor1Sm_Prog001.mp4,pintor1Sm_Prog001.jpg,cg53a.jpg,OK,imagem=ERRO | mao=OK
5926,PINTOR2,pintor2Sm_Prog001.mp4,pintor2Sm_Prog001.jpg,cg08a.jpg,OK,imagem=ERRO | mao=OK
5927,PINTURA,pinturaSm_Prog001.mp4,pinturaSm_Prog001.jpg,cg24.jpg,OK,imagem=ERRO | mao=OK
1929,PIOLHO,piolhoSm_Prog001.mp4,piolhoSm_Prog001.jpg,cg05.jpg,OK,imagem=ERRO | mao=OK
5928,PIONEIRO,pioneiroSm_Prog001.mp4,pioneiroSm_Prog001.jpg,cg07.jpg,OK,imagem=ERRO | mao=OK
1930,PIOR1,pior1Sm_Prog001.mp4,pior1Sm_Prog001.jpg,cg07.jpg,OK,imagem=ERRO | mao=OK
5929,PIOR2,pior2Sm_Prog001.mp4,pior2Sm_Prog001.jpg,cg42.jpg,OK,imagem=ERRO | mao=OK
6787,PIOR3,pior3Sm_Prog001.mp4,pior3Sm_Prog001.jpg,cg52.jpg,OK,imagem=ERRO | mao=OK
6788,PIORAR,piorarSm_Prog001.mp4,piorarSm_Prog001.jpg,cg07.jpg,OK,imagem=ERRO | mao=OK
1931,PIPA,pipaSm_Prog001.mp4,pipaSm_Prog001.jpg,cg14.jpg,OK,imagem=ERRO | mao=OK
1932,PIPOCA,pipocaSm_Prog001.mp4,pipocaSm_Prog001.jpg,cg19.jpg,OK,imagem=ERRO | mao=OK
1933,PIRÂMIDE,pirâmideSm_Prog001.mp4,pirâmideSm_Prog001.jpg,cg31.jpg,ERRO,video_download_falhou
1934,PIRANHA1,piranha1Sm_Prog001.mp4,piranha1Sm_Prog001.jpg,cg15.jpg,OK,imagem=OK | mao=OK
6789,PIRANHA2,piranha2Sm_Prog001.mp4,piranha2Sm_Prog001.jpg,cg63.jpg,OK,imagem=ERRO | mao=OK
1935,PIRATA,pirataSm_Prog001.mp4,pirataSm_Prog001.jpg,cg60.jpg,OK,imagem=ERRO | mao=OK
1936,PIRES,piresSm_Prog001.mp4,piresSm_Prog001.jpg,cg08a.jpg,OK,imagem=ERRO | mao=OK
4933,PIRULITO,pirulitoSm_Prog001.mp4,pirulitoSm_Prog001.jpg,cg05.jpg,OK,imagem=ERRO | mao=OK
1937,PISAR,pisarSm_Prog001.mp4,pisarSm_Prog001.jpg,cg63.jpg,OK,imagem=ERRO | mao=OK
1938,PISCINA,piscinaSm_Prog001.mp4,piscinaSm_Prog001.jpg,cg14.jpg,OK,imagem=ERRO | mao=OK
4934,PISO,pisoSm_Prog001.mp4,pisoSm_Prog001.jpg,cg02.jpg,OK,imagem=ERRO | mao=OK
4935,PISTOLA,pistolaSm_Prog001.mp4,pistolaSm_Prog001.jpg,cg16.jpg,OK,imagem=ERRO | mao=OK
6793,PITADA,pitadaSm_Prog001.mp4,pitadaSm_Prog001.jpg,cg20.jpg,OK,imagem=ERRO | mao=OK
1939,PIZZA1,pizza1Sm_Prog001.mp4,pizza1Sm_Prog001.jpg,cg01.jpg,OK,imagem=ERRO | mao=OK
5930,PIZZA2,pizza2Sm_Prog001.mp4,pizza2Sm_Prog001.jpg,cg11.jpg,OK,imagem=ERRO | mao=OK
5931,PLACA,placaSm_Prog001.mp4,placaSm_Prog001.jpg,cg18a.jpg,OK,imagem=ERRO | mao=OK
5932,PLACAR,placarSm_Prog001.mp4,placarSm_Prog001.jpg,cg02.jpg,OK,imagem=ERRO | mao=OK
4936,PLANEJAMENTO,planejamentoSm_Prog001.mp4,planejamentoSm_Prog001.jpg,cg49.jpg,OK,imagem=ERRO | mao=OK
1940,PLANEJAR,planejarSm_Prog001.mp4,planejarSm_Prog001.jpg,cg49.jpg,OK,imagem=ERRO | mao=OK
5934,PLANETA,planetaSm_Prog001.mp4,planetaSm_Prog001.jpg,cg01.jpg,OK,imagem=ERRO | mao=OK
1941,PLANILHA,planilhaSm_Prog001.mp4,planilhaSm_Prog001.jpg,cg08a.jpg,OK,imagem=ERRO | mao=OK
5935,PLANO,planoSm_Prog001.mp4,planoSm_Prog001.jpg,cg49.jpg,OK,imagem=ERRO | mao=OK
1942,PLANTA1,planta1Sm_Prog001.mp4,planta1Sm_Prog001.jpg,cg47.jpg,OK,imagem=OK | mao=OK
4565,PLANTA2,planta2Sm_Prog001.mp4,planta2Sm_Prog001.jpg,cg55.jpg,OK,imagem=ERRO | mao=OK
5936,PLANTAÇÃO,plantacaoSm_Prog001.mp4,plantacaoSm_Prog001.jpg,cg47.jpg,OK,imagem=OK | mao=OK
1943,PLANTAR,plantarSm_Prog001.mp4,plantarSm_Prog001.jpg,cg44.jpg,OK,imagem=ERRO | mao=OK
1944,PLÁSTICO,plasticoSm_Prog001.mp4,plasticoSm_Prog001.jpg,cg15.jpg,OK,imagem=ERRO | mao=OK
1945,PLASTIFICAR,plastificarSm_Prog001.mp4,plastificarSm_Prog001.jpg,cg15.jpg,OK,imagem=ERRO | mao=OK
1946,PLATÉIA,plateiaSm_Prog001.mp4,plateiaSm_Prog001.jpg,cg64.jpg,OK,imagem=ERRO | mao=OK
1948,PNEU,pneuSm_Prog001.mp4,pneuSm_Prog001.jpg,cg05.jpg,ERRO,video_download_falhou
1949,PÓ1,poSm_Prog001.mp4,poSm_Prog001.jpg,cg44.jpg,OK,imagem=ERRO | mao=OK
7469,PÓ2,po2Sm_Prog001.mp4,po2Sm_Prog001.jpg,cg11.jpg,OK,imagem=ERRO | mao=OK
1950,POBRE,pobreSm_Prog001.mp4,pobreSm_Prog001.jpg,cg63.jpg,OK,imagem=ERRO | mao=OK
5937,POBREZA,pobrezaSm_Prog001.mp4,pobrezaSm_Prog001.jpg,cg63.jpg,OK,imagem=ERRO | mao=OK
5938,POÇA,pocaSm_Prog001.mp4,pocaSm_Prog001.jpg,cg14.jpg,OK,imagem=ERRO | mao=OK
1951,POÇO,pocoSm_Prog001.mp4,pocoSm_Prog001.jpg,cg14.jpg,OK,imagem=OK | mao=OK
4937,PODAR,podarSm_Prog001.mp4,podarSm_Prog001.jpg,cg44.jpg,OK,imagem=ERRO | mao=OK
6650,PODER-NÃO,poder_naoSm_Prog001.mp4,poder_naoSm_Prog001.jpg,cg32.jpg,ERRO,video_download_falhou
1952,PODER1,poder1Sm_Prog001.mp4,poder1Sm_Prog001.jpg,cg02.jpg,OK,imagem=ERRO | mao=OK
1953,PODER2,poder2Sm_Prog001.mp4,poder2Sm_Prog001.jpg,cg02.jpg,OK,imagem=ERRO | mao=OK
5940,PODEROSO,poderosoSm_Prog001.mp4,poderosoSm_Prog001.jpg,cg02.jpg,OK,imagem=ERRO | mao=OK
1954,PODRE,podreSm_Prog001.mp4,podreSm_Prog001.jpg,cg16.jpg,OK,imagem=ERRO | mao=OK
4567,POEIRA,poeiraSm_Prog001.mp4,poeiraSm_Prog001.jpg,cg44.jpg,OK,imagem=ERRO | mao=OK
1956,POESIA,poesia2Sm_Prog001.mp4,poesia2Sm_Prog001.jpg,cg57.jpg,OK,imagem=ERRO | mao=OK
1955,POESIA,poesia1Sm_Prog001.mp4,poesia1Sm_Prog001.jpg,cg11.jpg,ERRO,video_download_falhou
1957,POLEGAR,polegarSm_Prog001.mp4,polegarSm_Prog001.jpg,cg07.jpg,OK,imagem=ERRO | mao=OK
5943,POLÊMICA,polemicaSm_Prog001.mp4,polemicaSm_Prog001.jpg,cg14.jpg,OK,imagem=ERRO | mao=OK
5945,POLÍCIA CIVIL,policia_civilSm_Prog001.mp4,policia_civilSm_Prog001.jpg,cg47.jpg,OK,imagem=ERRO | mao=OK
5944,POLÍCIA MILITAR,policia_militarSm_Prog001.mp4,policia_militarSm_Prog001.jpg,cg11.jpg,OK,imagem=ERRO | mao=OK
4570,POLICIAL,policialSm_Prog001.mp4,policialSm_Prog001.jpg,cg49.jpg,OK,imagem=ERRO | mao=OK
5946,POLIDO,polidoSm_Prog001.mp4,polidoSm_Prog001.jpg,cg01.jpg,OK,imagem=ERRO | mao=OK
4572,POLIGAMIA,poligamiaSm_Prog001.mp4,poligamiaSm_Prog001.jpg,cg51b.jpg,OK,imagem=ERRO | mao=OK
5948,POLIGLOTA,poliglotaSm_Prog001.mp4,poliglotaSm_Prog001.jpg,cg27.jpg,OK,imagem=ERRO | mao=OK
4938,POLIR,polirSm_Prog001.mp4,polirSm_Prog001.jpg,cg01.jpg,ERRO,video_download_falhou
1959,POLÍTICA,politicaSm_Prog001.mp4,politicaSm_Prog001.jpg,cg14.jpg,OK,imagem=ERRO | mao=OK
5949,POLÍTICO,politicoSm_Prog001.mp4,politicoSm_Prog001.jpg,cg14.jpg,OK,imagem=ERRO | mao=OK
5950,PÓLO1,polo1Sm_Prog001.mp4,polo1Sm_Prog001.jpg,cg05.jpg,OK,imagem=ERRO | mao=OK
5951,PÓLO2,polo2Sm_Prog001.mp4,polo2Sm_Prog001.jpg,cg08a.jpg,OK,imagem=ERRO | mao=OK
5952,PÓLO3,polo3Sm_Prog001.mp4,polo3Sm_Prog001.jpg,cg44.jpg,OK,imagem=ERRO | mao=OK
7470,POLONÊS,polonesSm_Prog001.mp4,polonesSm_Prog001.jpg,cg11.jpg,OK,imagem=ERRO | mao=OK
3909,POLÔNIA,poloniaSm_Prog001.mp4,poloniaSm_Prog001.jpg,cg11.jpg,OK,imagem=ERRO | mao=OK
4939,POLTRONA,poltronaSm_Prog001.mp4,poltronaSm_Prog001.jpg,cg14.jpg,OK,imagem=ERRO | mao=OK
1960,POLUIÇÃO,poluicaoSm_Prog001.mp4,poluicaoSm_Prog001.jpg,cg16.jpg,OK,imagem=OK | mao=OK
5953,POLUÍDO,poluidoSm_Prog001.mp4,poluidoSm_Prog001.jpg,cg14.jpg,OK,imagem=OK | mao=OK
1961,POLVO,polvoSm_Prog001.mp4,polvoSm_Prog001.jpg,cg47.jpg,OK,imagem=OK | mao=OK
4940,POMADA,pomadaSm_Prog001.mp4,pomadaSm_Prog001.jpg,cg63.jpg,OK,imagem=OK | mao=OK
4941,POMBO,pomboSm_Prog001.mp4,pomboSm_Prog001.jpg,cg20.jpg,OK,imagem=OK | mao=OK
4942,PÔNEI,poneiSm_Prog001.mp4,poneiSm_Prog001.jpg,cg27.jpg,OK,imagem=OK | mao=OK
5954,PONTA,pontaSm_Prog001.mp4,pontaSm_Prog001.jpg,cg61.jpg,OK,imagem=ERRO | mao=OK
1962,PONTAPÉ,pontapeSm_Prog001.mp4,pontapeSm_Prog001.jpg,cg53a.jpg,OK,imagem=ERRO | mao=OK
1963,PONTE,ponteSm_Prog001.mp4,ponteSm_Prog001.jpg,cg32.jpg,OK,imagem=ERRO | mao=OK
5955,PONTEIRO1,ponteiro1Sm_Prog001.mp4,ponteiro1Sm_Prog001.jpg,cg14.jpg,OK,imagem=ERRO | mao=OK
5956,PONTEIRO2,ponteiro2Sm_Prog001.mp4,ponteiro2Sm_Prog001.jpg,cg14.jpg,OK,imagem=ERRO | mao=OK
6866,PONTO-1,dois4Sm_Prog001.mp4,dois4Sm_Prog001.jpg,cg32.jpg,ERRO,video_download_falhou
1964,PONTO1,ponto1Sm_Prog001.mp4,ponto1Sm_Prog001.jpg,cg14.jpg,OK,imagem=ERRO | mao=OK
1965,PONTO2,ponto2Sm_Prog001.mp4,ponto2Sm_Prog001.jpg,cg47.jpg,OK,imagem=OK | mao=OK
5957,PONTO3,ponto3Sm_Prog001.mp4,ponto3Sm_Prog001.jpg,cg07.jpg,OK,imagem=ERRO | mao=OK
5962,PONTO4,ponto4Sm_Prog001.mp4,ponto4Sm_Prog001.jpg,cg14.jpg,OK,imagem=ERRO | mao=OK
6800,PONTO5,ponto5Sm_Prog001.mp4,ponto5Sm_Prog001.jpg,cg14.jpg,OK,imagem=ERRO | mao=OK
6888,PONTO6,ponto6Sm_Prog001.mp4,ponto6Sm_Prog001.jpg,cg61.jpg,OK,imagem=ERRO | mao=OK
6889,PONTO7,ponto7Sm_Prog001.mp4,ponto7Sm_Prog001.jpg,cg49.jpg,OK,imagem=ERRO | mao=OK
5933,PONTUAÇÃO,pontuacaoSm_Prog001.mp4,pontuacaoSm_Prog001.jpg,cg02.jpg,OK,imagem=ERRO | mao=OK
4943,PONTUAL,pontualSm_Prog001.mp4,pontualSm_Prog001.jpg,cg61.jpg,OK,imagem=ERRO | mao=OK
5964,POPULAÇÃO,populacaoSm_Prog001.mp4,populacaoSm_Prog001.jpg,cg35a.jpg,OK,imagem=ERRO | mao=OK
4575,PÔR,porSm_Prog001.mp4,porSm_Prog001.jpg,cg63.jpg,OK,imagem=ERRO | mao=OK
5965,POR ACASO,por_acasoSm_Prog001.mp4,por_acasoSm_Prog001.jpg,cg40.jpg,OK,imagem=ERRO | mao=OK
4576,POR CAUSA,por_causaSm_Prog001.mp4,por_causaSm_Prog001.jpg,cg24.jpg,OK,imagem=ERRO | mao=OK
1967,POR FAVOR,por_favorSm_Prog001.mp4,por_favorSm_Prog001.jpg,cg63.jpg,OK,imagem=ERRO | mao=OK
1968,POR ISSO,por_issoSm_Prog001.mp4,por_issoSm_Prog001.jpg,cg24.jpg,OK,imagem=ERRO | mao=OK
5968,PÔR-DO-SOL,por_de_solSm_Prog001.mp4,por_de_solSm_Prog001.jpg,cg42.jpg,OK,imagem=OK | mao=OK
1969,PORCARIA,porcariaSm_Prog001.mp4,porcariaSm_Prog001.jpg,cg64.jpg,OK,imagem=ERRO | mao=OK
4944,PORCENTAGEM,porcentagemSm_Prog001.mp4,porcentagemSm_Prog001.jpg,cg49.jpg,OK,imagem=ERRO | mao=OK
1970,PORCO,porcoSm_Prog001.mp4,porcoSm_Prog001.jpg,cg61.jpg,OK,imagem=OK | mao=OK
5976,PORCO-ESPINHO,porco-espinhoSm_Prog001.mp4,porco-espinhoSm_Prog001.jpg,cg01.jpg,OK,imagem=OK | mao=OK
5980,PORNOGRAFIA,pornografiaSm_Prog001.mp4,pornografiaSm_Prog001.jpg,cg14.jpg,OK,imagem=ERRO | mao=OK
1971,PORQUE,porqueSm_Prog001.mp4,porqueSm_Prog001.jpg,cg14.jpg,OK,imagem=ERRO | mao=OK
5982,PORRADA,porradaSm_Prog001.mp4,porradaSm_Prog001.jpg,cg02.jpg,OK,imagem=ERRO | mao=OK
5984,PORRE,porreSm_Prog001.mp4,porreSm_Prog001.jpg,cg37a.jpg,OK,imagem=ERRO | mao=OK
6008,PORTA-MALAS,porta_malaSm_Prog001.mp4,porta_malaSm_Prog001.jpg,cg02.jpg,ERRO,video_download_falhou
1974,PORTA-RETRATO,porta-retratoSm_Prog001.mp4,porta-retratoSm_Prog001.jpg,cg08a.jpg,OK,imagem=ERRO | mao=OK
1972,PORTA1,portaSm_Prog001.mp4,portaSm_Prog001.jpg,cg61.jpg,OK,imagem=ERRO | mao=OK
1973,PORTÃO,portaoSm_Prog001.mp4,portaoSm_Prog001.jpg,cg58.jpg,OK,imagem=ERRO | mao=OK
6018,PORTÃO AUTOMÁTICO,portao_automaticoSm_Prog001.mp4,portao_automaticoSm_Prog001.jpg,cg40.jpg,OK,imagem=ERRO | mao=OK
6011,PORTARIA,portariaSm_Prog001.mp4,portariaSm_Prog001.jpg,cg61.jpg,OK,imagem=ERRO | mao=OK
4945,PORTEIRO,porteiroSm_Prog001.mp4,porteiroSm_Prog001.jpg,cg14.jpg,OK,imagem=ERRO | mao=OK
6024,PORTO,portoSm_Prog001.mp4,portoSm_Prog001.jpg,cg63.jpg,OK,imagem=ERRO | mao=OK
3911,PORTO ALEGRE,porto alegreSm_Prog001.mp4,porto alegreSm_Prog001.jpg,cg42.jpg,OK,imagem=ERRO | mao=OK
4577,PORTO VELHO,porto_velhoSm_Prog001.mp4,porto_velhoSm_Prog001.jpg,cg02.jpg,OK,imagem=ERRO | mao=OK
3912,PORTUGAL,portugalSm_Prog001.mp4,portugalSm_Prog001.jpg,cg57.jpg,OK,imagem=ERRO | mao=OK
1975,PORTUGUÊS,portuguesSm_Prog001.mp4,portuguesSm_Prog001.jpg,cg57.jpg,OK,imagem=ERRO | mao=OK
6027,POSIÇÃO,posicaoSm_Prog001.mp4,posicaoSm_Prog001.jpg,cg18a.jpg,OK,imagem=ERRO | mao=OK
1977,POSITIVO,positivoSm_Prog001.mp4,positivoSm_Prog001.jpg,cg14.jpg,OK,imagem=OK | mao=OK
7471,POSSIBILIDADE,possibilidadeSm_Prog001.mp4,possibilidadeSm_Prog001.jpg,cg05.jpg,OK,imagem=ERRO | mao=OK
1978,POSSÍVEL,possivelSm_Prog001.mp4,possivelSm_Prog001.jpg,cg05.jpg,OK,imagem=ERRO | mao=OK
1979,POSTE,posteSm_Prog001.mp4,posteSm_Prog001.jpg,cg51a.jpg,OK,imagem=ERRO | mao=OK
4948,POSTERIOR,posteriorSm_Prog001.mp4,posteriorSm_Prog001.jpg,cg14.jpg,OK,imagem=ERRO | mao=OK
6031,POSTIÇO,posticoSm_Prog001.mp4,posticoSm_Prog001.jpg,cg01.jpg,OK,imagem=ERRO | mao=OK
1980,POSTO DE GASOLINA,posto-de-gasolinaSm_Prog001.mp4,posto-de-gasolinaSm_Prog001.jpg,cg42.jpg,OK,imagem=ERRO | mao=OK
6033,POSTO DE SAÚDE,posto_de_saudeSm_Prog001.mp4,posto_de_saudeSm_Prog001.jpg,cg35a.jpg,OK,imagem=OK | mao=OK
6034,POSTURA,posturaSm_Prog001.mp4,posturaSm_Prog001.jpg,cg18a.jpg,OK,imagem=ERRO | mao=OK
6035,POTE1,pote1Sm_Prog001.mp4,pote1Sm_Prog001.jpg,cg63.jpg,OK,imagem=ERRO | mao=OK
6872,POTE2,pote2Sm_Prog001.mp4,pote2Sm_Prog001.jpg,cg47.jpg,OK,imagem=ERRO | mao=OK
6039,POTENCIAL,potencialSm_Prog001.mp4,potencialSm_Prog001.jpg,cg05.jpg,OK,imagem=ERRO | mao=OK
1981,POTENTE,potenteSm_Prog001.mp4,potenteSm_Prog001.jpg,cg02.jpg,OK,imagem=ERRO | mao=OK
1982,POUCO1,pouco1Sm_Prog001.mp4,pouco1Sm_Prog001.jpg,cg04.jpg,OK,imagem=ERRO | mao=OK
6044,POUCO2,pouco2Sm_Prog001.mp4,pouco2Sm_Prog001.jpg,cg21.jpg,OK,imagem=ERRO | mao=OK
1983,POUPAR1,poupar1Sm_Prog001.mp4,poupar1Sm_Prog001.jpg,cg02.jpg,OK,imagem=ERRO | mao=OK
4579,POUPAR2,poupar2Sm_Prog001.mp4,poupar2Sm_Prog001.jpg,cg53a.jpg,OK,imagem=ERRO | mao=OK
1984,POUSAR,pousarSm_Prog001.mp4,pousarSm_Prog001.jpg,cg40.jpg,OK,imagem=ERRO | mao=OK
1985,POVO,povoSm_Prog001.mp4,povoSm_Prog001.jpg,cg35a.jpg,OK,imagem=ERRO | mao=OK
6802,PRAÇA2,praca2Sm_Prog001.mp4,praca2Sm_Prog001.jpg,cg64.jpg,OK,imagem=ERRO | mao=OK
7225,PRAÇA3,praca3Sm_Prog001.mp4,praca3Sm_Prog001.jpg,cg47.jpg,OK,imagem=ERRO | mao=OK
1987,PRAIA,praiaSm_Prog001.mp4,praiaSm_Prog001.jpg,cg63.jpg,OK,imagem=OK | mao=OK
1988,PRANCHA,pranchaSm_Prog001.mp4,pranchaSm_Prog001.jpg,cg24.jpg,OK,imagem=ERRO | mao=OK
1989,PRATA,prataSm_Prog001.mp4,prataSm_Prog001.jpg,cg47.jpg,OK,imagem=ERRO | mao=OK
6057,PRATEADO,prateadoSm_Prog001.mp4,prateadoSm_Prog001.jpg,cg64.jpg,OK,imagem=ERRO | mao=OK
6058,PRATELEIRA,prateleiraSm_Prog001.mp4,prateleiraSm_Prog001.jpg,cg61.jpg,OK,imagem=ERRO | mao=OK
4949,PRÁTICA,praticaSm_Prog001.mp4,praticaSm_Prog001.jpg,cg63.jpg,OK,imagem=ERRO | mao=OK
6059,PRATICAR,praticarSm_Prog001.mp4,praticarSm_Prog001.jpg,cg63.jpg,OK,imagem=ERRO | mao=OK
1990,PRATO,pratoSm_Prog001.mp4,pratoSm_Prog001.jpg,cg11.jpg,OK,imagem=ERRO | mao=OK
4950,PRAZO1,prazo1Sm_Prog001.mp4,prazo1Sm_Prog001.jpg,cg01.jpg,OK,imagem=ERRO | mao=OK
6804,PRAZO2,prazo2Sm_Prog001.mp4,prazo2Sm_Prog001.jpg,cg64.jpg,OK,imagem=ERRO | mao=OK
6064,PRECÁRIO,precarioSm_Prog001.mp4,precarioSm_Prog001.jpg,cg07.jpg,OK,imagem=ERRO | mao=OK
4951,PRECE,preceSm_Prog001.mp4,preceSm_Prog001.jpg,cg62.jpg,OK,imagem=ERRO | mao=OK
6067,PRECIOSO,preciosoSm_Prog001.mp4,preciosoSm_Prog001.jpg,cg38.jpg,OK,imagem=ERRO | mao=OK
1992,PRECIPITAR,precipitarSm_Prog001.mp4,precipitarSm_Prog001.jpg,cg07.jpg,OK,imagem=ERRO | mao=OK
1993,PRECISÃO,precisaoSm_Prog001.mp4,precisaoSm_Prog001.jpg,cg49.jpg,OK,imagem=ERRO | mao=OK
1994,PRECISAR,precisarSm_Prog001.mp4,precisarSm_Prog001.jpg,cg05.jpg,OK,imagem=ERRO | mao=OK
6068,PREÇO,precoSm_Prog001.mp4,precoSm_Prog001.jpg,cg20.jpg,OK,imagem=ERRO | mao=OK
6069,PRECOCE,precoceSm_Prog001.mp4,precoceSm_Prog001.jpg,cg08a.jpg,OK,imagem=ERRO | mao=OK
1996,PRÉDIO1,predioSm_Prog001.mp4,predioSm_Prog001.jpg,cg63.jpg,OK,imagem=ERRO | mao=OK
7115,PRÉDIO2,predio2Sm_Prog001.mp4,predio2Sm_Prog001.jpg,cg14.jpg,OK,imagem=ERRO | mao=OK
1997,PREENCHER,preencherSm_Prog001.mp4,preencherSm_Prog001.jpg,cg20.jpg,OK,imagem=ERRO | mao=OK
1998,PREFEITO,prefeitoSm_Prog001.mp4,prefeitoSm_Prog001.jpg,cg23.jpg,OK,imagem=ERRO | mao=OK
6070,PREFEITURA,prefeituraSm_Prog001.mp4,prefeituraSm_Prog001.jpg,cg23.jpg,OK,imagem=ERRO | mao=OK
1999,PREFERIR,preferirSm_Prog001.mp4,preferirSm_Prog001.jpg,cg20.jpg,OK,imagem=ERRO | mao=OK
2000,PREGO,pregoSm_Prog001.mp4,pregoSm_Prog001.jpg,cg47.jpg,OK,imagem=ERRO | mao=OK
2001,PREGUIÇA1,preguica1Sm_Prog001.mp4,preguica1Sm_Prog001.jpg,cg40.jpg,OK,imagem=ERRO | mao=OK
6071,PREGUIÇA2,preguica2Sm_Prog001.mp4,preguica2Sm_Prog001.jpg,cg44.jpg,OK,imagem=ERRO | mao=OK
6072,PREGUIÇA3,preguica3Sm_Prog001.mp4,preguica3Sm_Prog001.jpg,cg40.jpg,OK,imagem=OK | mao=OK
2002,PREJUDICAR,prejudicarSm_Prog001.mp4,prejudicarSm_Prog001.jpg,cg05.jpg,OK,imagem=ERRO | mao=OK
6073,PREJUÍZO,prejuizoSm_Prog001.mp4,prejuizoSm_Prog001.jpg,cg57.jpg,OK,imagem=ERRO | mao=OK
6074,PREMATURO,prematuroSm_Prog001.mp4,prematuroSm_Prog001.jpg,cg63.jpg,OK,imagem=ERRO | mao=OK
6075,PRÊMIO1,premioSm_Prog001.mp4,premioSm_Prog001.jpg,cg11.jpg,OK,imagem=ERRO | mao=OK
7472,PRÊMIO2,premio2Sm_Prog001.mp4,premio2Sm_Prog001.jpg,cg08b.jpg,OK,imagem=ERRO | mao=OK
6078,PRENDEDOR DE ROUPAS,prendedorSm_Prog001.mp4,prendedorSm_Prog001.jpg,cg23.jpg,ERRO,video_download_falhou
2003,PRENDER1,prender1Sm_Prog001.mp4,prender1Sm_Prog001.jpg,cg32.jpg,OK,imagem=ERRO | mao=OK
6076,PRENDER2,prender2Sm_Prog001.mp4,prender2Sm_Prog001.jpg,cg02.jpg,OK,imagem=ERRO | mao=OK
2004,PREOCUPAR,preocuparSm_Prog001.mp4,preocuparSm_Prog001.jpg,cg15.jpg,OK,imagem=ERRO | mao=OK
2005,PREPARAR,prepararSm_Prog001.mp4,prepararSm_Prog001.jpg,cg49.jpg,OK,imagem=ERRO | mao=OK
4586,PRESENÇA,presencaSm_Prog001.mp4,presencaSm_Prog001.jpg,cg44.jpg,OK,imagem=ERRO | mao=OK
2006,PRESENTE1,presente1Sm_Prog001.mp4,presente1Sm_Prog001.jpg,cg23.jpg,OK,imagem=ERRO | mao=OK
6080,PRESENTE2,presente2Sm_Prog001.mp4,presente2Sm_Prog001.jpg,cg44.jpg,OK,imagem=ERRO | mao=OK
7473,PRESENTE3,presente3Sm_Prog001.mp4,presente3Sm_Prog001.jpg,cg63.jpg,OK,imagem=ERRO | mao=OK
6079,PRESENTEAR,presentearSm_Prog001.mp4,presentearSm_Prog001.jpg,cg23.jpg,OK,imagem=ERRO | mao=OK
2007,PRESERVAR,preservarSm_Prog001.mp4,preservarSm_Prog001.jpg,cg64.jpg,OK,imagem=ERRO | mao=OK
2008,PRESIDENTE,presidenteSm_Prog001.mp4,presidenteSm_Prog001.jpg,cg11.jpg,OK,imagem=ERRO | mao=OK
2009,PRESIDENTE DA REPÚBLICA,presidente-da-republicaSm_Prog001.mp4,presidente-da-republicaSm_Prog001.jpg,cg63.jpg,ERRO,video_download_falhou
4953,PRESIDIÁRIO,presidiarioSm_Prog001.mp4,presidiarioSm_Prog001.jpg,cg32.jpg,OK,imagem=ERRO | mao=OK
2010,PRESO,presoSm_Prog001.mp4,presoSm_Prog001.jpg,cg32.jpg,OK,imagem=ERRO | mao=OK
6082,PRESSA,pressaSm_Prog001.mp4,pressaSm_Prog001.jpg,cg51a.jpg,OK,imagem=ERRO | mao=OK
6083,PRESSÃO,pressaoSm_Prog001.mp4,pressaoSm_Prog001.jpg,cg47.jpg,OK,imagem=ERRO | mao=OK
6084,PRESSENTIR,pressentirSm_Prog001.mp4,pressentirSm_Prog001.jpg,cg47.jpg,ERRO,video_download_falhou
2011,PRESTAÇÃO1,prestacao1Sm_Prog001.mp4,prestacao1Sm_Prog001.jpg,cg64.jpg,OK,imagem=ERRO | mao=OK
6087,PRESTAÇÃO2,prestacao2Sm_Prog001.mp4,prestacao2Sm_Prog001.jpg,cg01.jpg,OK,imagem=ERRO | mao=OK
6806,PRESTAR ATE NÇÃO,prestar2Sm_Prog001.mp4,prestar2Sm_Prog001.jpg,cg32.jpg,OK,imagem=ERRO | mao=OK
6086,PRESTAR CUNCURSO,prestar1Sm_Prog001.mp4,prestar1Sm_Prog001.jpg,cg14.jpg,OK,imagem=ERRO | mao=OK
6807,PRESTAR SERVIÇO,prestar3Sm_Prog001.mp4,prestar3Sm_Prog001.jpg,cg14.jpg,OK,imagem=ERRO | mao=OK
2013,PRESUNTO,presuntoSm_Prog001.mp4,presuntoSm_Prog001.jpg,cg47.jpg,OK,imagem=ERRO | mao=OK
2014,PRETENDER,pretenderSm_Prog001.mp4,pretenderSm_Prog001.jpg,cg02.jpg,OK,imagem=ERRO | mao=OK
2015,PRETO1,preto1Sm_Prog001.mp4,preto1Sm_Prog001.jpg,cg33.jpg,OK,imagem=ERRO | mao=OK
6815,PRETO2,preto2Sm_Prog001.mp4,preto2Sm_Prog001.jpg,cg05.jpg,OK,imagem=ERRO | mao=OK
2017,PREVENÇÃO,prevencaoSm_Prog001.mp4,prevencaoSm_Prog001.jpg,cg40.jpg,OK,imagem=OK | mao=OK
2018,PRIMAVERA,primaveraSm_Prog001.mp4,primaveraSm_Prog001.jpg,cg54.jpg,OK,imagem=ERRO | mao=OK
6089,PRIMEIRA VEZ,primeira_vezSm_Prog001.mp4,primeira_vezSm_Prog001.jpg,cg07.jpg,OK,imagem=ERRO | mao=OK
6090,PRIMEIRO1,primeiro1Sm_Prog001.mp4,primeiro1Sm_Prog001.jpg,cg07.jpg,OK,imagem=ERRO | mao=OK
6817,PRIMEIRO2,primeiro2Sm_Prog001.mp4,primeiro2Sm_Prog001.jpg,cg07.jpg,OK,imagem=ERRO | mao=OK
2019,PRIMO,primoSm_Prog001.mp4,primoSm_Prog001.jpg,cg14.jpg,OK,imagem=ERRO | mao=OK
6093,PRINCESA,princesaSm_Prog001.mp4,princesaSm_Prog001.jpg,cg07.jpg,OK,imagem=ERRO | mao=OK
2020,PRINCIPAL,principalSm_Prog001.mp4,principalSm_Prog001.jpg,cg61.jpg,OK,imagem=ERRO | mao=OK
6094,PRINCIPE,principeSm_Prog001.mp4,principeSm_Prog001.jpg,cg08a.jpg,OK,imagem=ERRO | mao=OK
6095,PRINCÍPIO,principioSm_Prog001.mp4,principioSm_Prog001.jpg,cg53a.jpg,OK,imagem=ERRO | mao=OK
6096,PRIORIDADE,prioridadeSm_Prog001.mp4,prioridadeSm_Prog001.jpg,cg61.jpg,OK,imagem=ERRO | mao=OK
4954,PRISÃO,prisaoSm_Prog001.mp4,prisaoSm_Prog001.jpg,cg32.jpg,OK,imagem=ERRO | mao=OK
6097,PRIVADA,privadaSm_Prog001.mp4,privadaSm_Prog001.jpg,cg01.jpg,OK,imagem=OK | mao=OK
4589,PRIVADO,privadoSm_Prog001.mp4,privadoSm_Prog001.jpg,cg28.jpg,OK,imagem=ERRO | mao=OK
2021,PROBLEMA,problemaSm_Prog001.mp4,problemaSm_Prog001.jpg,cg14.jpg,OK,imagem=ERRO | mao=OK
6098,PROBLEMÁTICO,problematicoSm_Prog001.mp4,problematicoSm_Prog001.jpg,cg14.jpg,OK,imagem=ERRO | mao=OK
2022,PROCESSAR,processarSm_Prog001.mp4,processarSm_Prog001.jpg,cg63.jpg,OK,imagem=ERRO | mao=OK
2023,PROCURAR,procurarSm_Prog001.mp4,procurarSm_Prog001.jpg,cg47.jpg,OK,imagem=ERRO | mao=OK
6100,PRODUÇÃO,producaoSm_Prog001.mp4,producaoSm_Prog001.jpg,cg14.jpg,OK,imagem=ERRO | mao=OK
4955,PRODUZIR,produzirSm_Prog001.mp4,produzirSm_Prog001.jpg,cg62.jpg,OK,imagem=ERRO | mao=OK
2024,PROFESSOR,professorSm_Prog001.mp4,professorSm_Prog001.jpg,cg11.jpg,OK,imagem=ERRO | mao=OK
2025,PROFISSÃO,profissaoSm_Prog001.mp4,profissaoSm_Prog001.jpg,cg08a.jpg,OK,imagem=ERRO | mao=OK
6101,PROFISSIONAL,profissionalSm_Prog001.mp4,profissionalSm_Prog001.jpg,cg63.jpg,OK,imagem=ERRO | mao=OK
2026,PROFUNDO,profundoSm_Prog001.mp4,profundoSm_Prog001.jpg,cg14.jpg,OK,imagem=ERRO | mao=OK
2027,PROGRAMA1,programaSm_Prog001.mp4,programaSm_Prog001.jpg,cg53a.jpg,OK,imagem=ERRO | mao=OK
6103,PROGRAMA2,programa2Sm_Prog001.mp4,programa2Sm_Prog001.jpg,cg08a.jpg,OK,imagem=ERRO | mao=OK
4956,PROGREDIR,progredirSm_Prog001.mp4,progredirSm_Prog001.jpg,cg53a.jpg,OK,imagem=ERRO | mao=OK
2028,PROGRESSO,progressoSm_Prog001.mp4,progressoSm_Prog001.jpg,cg53a.jpg,OK,imagem=ERRO | mao=OK
2029,PROIBIR,proibirSm_Prog001.mp4,proibirSm_Prog001.jpg,cg14.jpg,OK,imagem=ERRO | mao=OK
2030,PROJETO,projetoSm_Prog001.mp4,projetoSm_Prog001.jpg,cg49.jpg,OK,imagem=ERRO | mao=OK
6104,PROJETOR DE SLIDES,projetor_de_slidesSm_Prog001.mp4,projetor_de_slidesSm_Prog001.jpg,cg42.jpg,OK,imagem=ERRO | mao=OK
6105,PROLONGADO,prolongadoSm_Prog001.mp4,prolongadoSm_Prog001.jpg,cg44.jpg,OK,imagem=ERRO | mao=OK
2031,PROLONGAR,prolongarSm_Prog001.mp4,prolongarSm_Prog001.jpg,cg53a.jpg,OK,imagem=ERRO | mao=OK
2032,PROMETER,prometerSm_Prog001.mp4,prometerSm_Prog001.jpg,cg63.jpg,OK,imagem=ERRO | mao=OK
6106,PROMOÇÃO,promocaoSm_Prog001.mp4,promocaoSm_Prog001.jpg,cg20.jpg,OK,imagem=ERRO | mao=OK
6107,PROMOVER,promoverSm_Prog001.mp4,promoverSm_Prog001.jpg,cg53a.jpg,OK,imagem=ERRO | mao=OK
2033,PRONTO,prontoSm_Prog001.mp4,prontoSm_Prog001.jpg,cg33.jpg,OK,imagem=ERRO | mao=OK
2034,PROPAGANDA,propagandaSm_Prog001.mp4,propagandaSm_Prog001.jpg,cg40.jpg,OK,imagem=ERRO | mao=OK
6108,PROPORCIONAL,proporcionalSm_Prog001.mp4,proporcionalSm_Prog001.jpg,cg61.jpg,OK,imagem=ERRO | mao=OK
2035,PROPÓSITO,propositoSm_Prog001.mp4,propositoSm_Prog001.jpg,cg14.jpg,OK,imagem=ERRO | mao=OK
2036,PROPOSTA,propostaSm_Prog001.mp4,propostaSm_Prog001.jpg,cg52.jpg,OK,imagem=ERRO | mao=OK
6110,PROPRIEDADE,propriedadeSm_Prog001.mp4,propriedadeSm_Prog001.jpg,cg11.jpg,OK,imagem=ERRO | mao=OK
6111,PROPRIETÁRIO,proprietarioSm_Prog001.mp4,proprietarioSm_Prog001.jpg,cg25.jpg,OK,imagem=ERRO | mao=OK
2037,PRÓPRIO,proprioSm_Prog001.mp4,proprioSm_Prog001.jpg,cg11.jpg,OK,imagem=ERRO | mao=OK
6112,PRORROGAR,prorrogarSm_Prog001.mp4,prorrogarSm_Prog001.jpg,cg53a.jpg,OK,imagem=ERRO | mao=OK
6113,PROSA,prosaSm_Prog001.mp4,prosaSm_Prog001.jpg,cg40.jpg,OK,imagem=ERRO | mao=OK
6114,PROSPERAR,prosperarSm_Prog001.mp4,prosperarSm_Prog001.jpg,cg14.jpg,OK,imagem=ERRO | mao=OK
4958,PROSSEGUIR,prosseguirSm_Prog001.mp4,prosseguirSm_Prog001.jpg,cg32.jpg,OK,imagem=ERRO | mao=OK
2038,PROSTITUIÇÃO,prostituicaoSm_Prog001.mp4,prostituicaoSm_Prog001.jpg,cg63.jpg,OK,imagem=ERRO | mao=OK
6828,PROSTITUTA,prostitutaSm_Prog001.mp4,prostitutaSm_Prog001.jpg,cg14.jpg,OK,imagem=ERRO | mao=OK
6115,PROTEÇÃO,protecaoSm_Prog001.mp4,protecaoSm_Prog001.jpg,cg14.jpg,OK,imagem=ERRO | mao=OK
2039,PROTEGER1,protegerSm_Prog001.mp4,protegerSm_Prog001.jpg,cg14.jpg,OK,imagem=ERRO | mao=OK
7035,PROTEGER2,proteger2Sm_Prog001.mp4,proteger2Sm_Prog001.jpg,cg53b.jpg,OK,imagem=ERRO | mao=OK
6116,PRÓTESE AUDITIVA,protese_auditivaSm_Prog001.mp4,protese_auditivaSm_Prog001.jpg,cg15.jpg,OK,imagem=ERRO | mao=OK
2040,PROTESTANTE,protestanteSm_Prog001.mp4,protestanteSm_Prog001.jpg,cg63.jpg,OK,imagem=ERRO | mao=OK
4959,PROTESTAR,protestarSm_Prog001.mp4,protestarSm_Prog001.jpg,cg05.jpg,OK,imagem=ERRO | mao=OK
2041,PROVA,provaSm_Prog001.mp4,provaSm_Prog001.jpg,cg53a.jpg,OK,imagem=ERRO | mao=OK
2042,PROVAR1,provar1Sm_Prog001.mp4,provar1Sm_Prog001.jpg,cg63.jpg,OK,imagem=ERRO | mao=OK
2043,PROVAR2,provar2Sm_Prog001.mp4,provar2Sm_Prog001.jpg,cg44.jpg,OK,imagem=ERRO | mao=OK
4593,PROVAR3,provar3Sm_Prog001.mp4,provar3Sm_Prog001.jpg,cg02.jpg,OK,imagem=ERRO | mao=OK
4594,PROVAR4,provar4Sm_Prog001.mp4,provar4Sm_Prog001.jpg,cg01.jpg,OK,imagem=ERRO | mao=OK
6117,PROVÁVEL,provavelSm_Prog001.mp4,provavelSm_Prog001.jpg,cg02.jpg,OK,imagem=ERRO | mao=OK
6118,PROVIDENCIAR,providenciarSm_Prog001.mp4,providenciarSm_Prog001.jpg,cg08a.jpg,OK,imagem=ERRO | mao=OK
2044,PROVISÓRIO,provisorioSm_Prog001.mp4,provisorioSm_Prog001.jpg,cg14.jpg,OK,imagem=ERRO | mao=OK
6120,PROVOCAÇÃO,provocacaoSm_Prog001.mp4,provocacaoSm_Prog001.jpg,cg14.jpg,OK,imagem=ERRO | mao=OK
2045,PROVOCAR1,provocar1Sm_Prog001.mp4,provocar1Sm_Prog001.jpg,cg14.jpg,OK,imagem=ERRO | mao=OK
4596,PROVOCAR2,provocar2Sm_Prog001.mp4,provocar2Sm_Prog001.jpg,cg14.jpg,OK,imagem=ERRO | mao=OK
2046,PRÓXIMO1,proximo1Sm_Prog001.mp4,proximo1Sm_Prog001.jpg,cg52.jpg,OK,imagem=ERRO | mao=OK
6121,PRÓXIMO2,proximo2Sm_Prog001.mp4,proximo2Sm_Prog001.jpg,cg14.jpg,OK,imagem=ERRO | mao=OK
2047,PSICOLOGIA,psicologiaSm_Prog001.mp4,psicologiaSm_Prog001.jpg,cg63.jpg,OK,imagem=ERRO | mao=OK
6123,PSIQUIATRA,psiquiatraSm_Prog001.mp4,psiquiatraSm_Prog001.jpg,cg15.jpg,OK,imagem=ERRO | mao=OK
6124,PUBLICAR1,publicar1Sm_Prog001.mp4,publicar1Sm_Prog001.jpg,cg40.jpg,OK,imagem=ERRO | mao=OK
6856,PUBLICAR2,publicar2Sm_Prog001.mp4,publicar2Sm_Prog001.jpg,cg63.jpg,OK,imagem=ERRO | mao=OK
6125,PUBLICIDADE,publicidadeSm_Prog001.mp4,publicidadeSm_Prog001.jpg,cg40.jpg,OK,imagem=ERRO | mao=OK
6126,PÚBLICO1,publico1Sm_Prog001.mp4,publico1Sm_Prog001.jpg,cg35a.jpg,OK,imagem=ERRO | mao=OK
6875,PÚBLICO2,publico2Sm_Prog001.mp4,publico2Sm_Prog001.jpg,cg63.jpg,OK,imagem=ERRO | mao=OK
2049,PUDIM,pudimSm_Prog001.mp4,pudimSm_Prog001.jpg,cg12.jpg,OK,imagem=ERRO | mao=OK
6127,PUGILISTA,pugilistaSm_Prog001.mp4,pugilistaSm_Prog001.jpg,cg02.jpg,OK,imagem=ERRO | mao=OK
2050,PULAR1,pular1Sm_Prog001.mp4,pular1Sm_Prog001.jpg,cg32.jpg,OK,imagem=ERRO | mao=OK
2051,PULAR2,pular2Sm_Prog001.mp4,pular2Sm_Prog001.jpg,cg32.jpg,OK,imagem=ERRO | mao=OK
4602,PULAR3,pular3Sm_Prog001.mp4,pular3Sm_Prog001.jpg,cg53a.jpg,OK,imagem=ERRO | mao=OK
4603,PULAR4,pular4Sm_Prog001.mp4,pular4Sm_Prog001.jpg,cg62.jpg,OK,imagem=ERRO | mao=OK
4604,PULAR5,pular5Sm_Prog001.mp4,pular5Sm_Prog001.jpg,cg05.jpg,OK,imagem=ERRO | mao=OK
6857,PULAR6,pular6Sm_Prog001.mp4,pular6Sm_Prog001.jpg,cg47.jpg,OK,imagem=ERRO | mao=OK
6858,PULAR7,pular7Sm_Prog001.mp4,pular7Sm_Prog001.jpg,cg11.jpg,OK,imagem=ERRO | mao=OK
2052,PULGA,pulgaSm_Prog001.mp4,pulgaSm_Prog001.jpg,cg05.jpg,OK,imagem=OK | mao=OK
2053,PULMÃO,pulmaoSm_Prog001.mp4,pulmaoSm_Prog001.jpg,cg63.jpg,OK,imagem=ERRO | mao=OK
2054,PULSAR,pulsarSm_Prog001.mp4,pulsarSm_Prog001.jpg,cg61.jpg,OK,imagem=ERRO | mao=OK
2055,PULSEIRA,pulseiraSm_Prog001.mp4,pulseiraSm_Prog001.jpg,cg02.jpg,OK,imagem=ERRO | mao=OK
4960,PULSO,pulsoSm_Prog001.mp4,pulsoSm_Prog001.jpg,cg14.jpg,OK,imagem=ERRO | mao=OK
2056,PUNHO,punhoSm_Prog001.mp4,punhoSm_Prog001.jpg,cg18a.jpg,OK,imagem=ERRO | mao=OK
6132,PUPILA,pupilaSm_Prog001.mp4,pupilaSm_Prog001.jpg,cg14.jpg,OK,imagem=ERRO | mao=OK
2057,PURO,puroSm_Prog001.mp4,puroSm_Prog001.jpg,cg30.jpg,OK,imagem=ERRO | mao=OK
2058,PUS,pusSm_Prog001.mp4,pusSm_Prog001.jpg,cg02.jpg,OK,imagem=OK | mao=OK
4961,PUTA,putaSm_Prog001.mp4,putaSm_Prog001.jpg,cg60.jpg,OK,imagem=ERRO | mao=OK
6133,PUXA SACO,puxa_sacoSm_Prog001.mp4,puxa_sacoSm_Prog001.jpg,cg02.jpg,OK,imagem=ERRO | mao=OK
2059,PUXAR,puxarSm_Prog001.mp4,puxarSm_Prog001.jpg,cg02.jpg,OK,imagem=ERRO | mao=OK
7064,Q,qSm_Prog001.mp4,qSm_Prog001.jpg,cg09.jpg,OK,imagem=ERRO | mao=OK
738,QUADRA,quadraSm_Prog001.mp4,quadraSm_Prog001.jpg,cg14.jpg,OK,imagem=ERRO | mao=OK
739,QUADRADO1,quadrado1Sm_Prog001.mp4,quadrado1Sm_Prog001.jpg,cg61.jpg,OK,imagem=ERRO | mao=OK
787,QUADRADO2,quadrilha1Sm_Prog001.mp4,quadrilha1Sm_Prog001.jpg,cg14.jpg,OK,imagem=ERRO | mao=OK
7474,QUADRADO3,quadrado3Sm_Prog001.mp4,quadrado3Sm_Prog001.jpg,cg08a.jpg,OK,imagem=ERRO | mao=OK
740,QUADRIL,quadrilSm_Prog001.mp4,quadrilSm_Prog001.jpg,cg51b.jpg,OK,imagem=ERRO | mao=OK
741,QUADRILHA1,quadrilha1Sm_Prog001.mp4,quadrilha1Sm_Prog001.jpg,cg47.jpg,OK,imagem=ERRO | mao=OK
742,QUADRILHA2,quadrilha2Sm_Prog001.mp4,quadrilha2Sm_Prog001.jpg,cg24.jpg,OK,imagem=ERRO | mao=OK
743,QUADRO,quadroSm_Prog001.mp4,quadroSm_Prog001.jpg,cg08a.jpg,OK,imagem=ERRO | mao=OK
744,QUADRO-NEGRO,quadro-negroSm_Prog001.mp4,quadro-negroSm_Prog001.jpg,cg14.jpg,OK,imagem=ERRO | mao=OK
5716,QUAL1,qual1Sm_Prog001.mp4,qual1Sm_Prog001.jpg,cg64.jpg,OK,imagem=ERRO | mao=OK
5717,QUAL2,qual2Sm_Prog001.mp4,qual2Sm_Prog001.jpg,cg14.jpg,OK,imagem=ERRO | mao=OK
6134,QUAL3,qual3Sm_Prog001.mp4,qual3Sm_Prog001.jpg,cg63.jpg,OK,imagem=ERRO | mao=OK
746,QUALIDADE,qualidadeSm_Prog001.mp4,qualidadeSm_Prog001.jpg,cg44.jpg,OK,imagem=ERRO | mao=OK
748,QUALQUER,qualquerSm_Prog001.mp4,qualquerSm_Prog001.jpg,cg63.jpg,OK,imagem=ERRO | mao=OK
749,QUANDO1,quando1Sm_Prog001.mp4,quando1Sm_Prog001.jpg,cg13.jpg,OK,imagem=ERRO | mao=OK
5718,QUANDO2,quando2Sm_Prog001.mp4,quando2Sm_Prog001.jpg,cg63.jpg,OK,imagem=ERRO | mao=OK
750,QUANTIDADE,quantidadeSm_Prog001.mp4,quantidadeSm_Prog001.jpg,cg58.jpg,OK,imagem=ERRO | mao=OK
751,QUANTO,quanto1Sm_Prog001.mp4,quanto1Sm_Prog001.jpg,cg20.jpg,OK,imagem=ERRO | mao=OK
4518,QUANTOS,quantosSm_Prog001.mp4,quantosSm_Prog001.jpg,cg58.jpg,OK,imagem=ERRO | mao=OK
752,QUARENTA,quarentaSm_Prog001.mp4,quarentaSm_Prog001.jpg,cg58.jpg,OK,imagem=ERRO | mao=OK
5719,QUARTA -DE- FINAL,quarta-de-finalSm_Prog001.mp4,quarta-de-finalSm_Prog001.jpg,cg58.jpg,OK,imagem=ERRO | mao=OK
6137,QUARTA SÉRIE,quarta-serieSm_Prog001.mp4,quarta-serieSm_Prog001.jpg,cg58.jpg,OK,imagem=ERRO | mao=OK
753,QUARTA-FEIRA,quarta-feiraSm_Prog001.mp4,quarta-feiraSm_Prog001.jpg,cg58.jpg,OK,imagem=ERRO | mao=OK
754,QUARTEL,quartelSm_Prog001.mp4,quartelSm_Prog001.jpg,cg61.jpg,OK,imagem=ERRO | mao=OK
755,QUARTO1,quarto1Sm_Prog001.mp4,quarto1Sm_Prog001.jpg,cg58.jpg,OK,imagem=ERRO | mao=OK
756,QUARTO2,quarto2Sm_Prog001.mp4,quarto2Sm_Prog001.jpg,cg02.jpg,OK,imagem=ERRO | mao=OK
6641,QUARTO3,quarto3Sm_Prog001.mp4,quarto3Sm_Prog001.jpg,cg02.jpg,OK,imagem=ERRO | mao=OK
6949,QUARTO4,quarto4Sm_Prog001.mp4,quarto4Sm_Prog001.jpg,cg02.jpg,OK,imagem=ERRO | mao=OK
757,QUASE1,quase1Sm_Prog001.mp4,quase1Sm_Prog001.jpg,cg01.jpg,OK,imagem=ERRO | mao=OK
4528,QUASE2,quase2Sm_Prog001.mp4,quase2Sm_Prog001.jpg,cg64.jpg,OK,imagem=ERRO | mao=OK
758,QUATORZE,quatorzeSm_Prog001.mp4,quatorzeSm_Prog001.jpg,cg07.jpg,OK,imagem=ERRO | mao=OK
759,QUATRO,quatroSm_Prog001.mp4,quatroSm_Prog001.jpg,cg58.jpg,OK,imagem=ERRO | mao=OK
6138,QUATROCENTOS,quatrocentosSm_Prog001.mp4,quatrocentosSm_Prog001.jpg,cg58.jpg,OK,imagem=ERRO | mao=OK
6923,QUE-ISSO,que_issoSm_Prog001.mp4,que_issoSm_Prog001.jpg,cg20.jpg,OK,imagem=ERRO | mao=OK
6922,QUE-ISTO ( COISA ),que-istoSm_Prog001.mp4,que-istoSm_Prog001.jpg,cg14.jpg,ERRO,video_download_falhou
760,QUE1,que1Sm_Prog001.mp4,que1Sm_Prog001.jpg,cg20.jpg,OK,imagem=ERRO | mao=OK
6642,QUE2,que2Sm_Prog001.mp4,que2Sm_Prog001.jpg,cg20.jpg,OK,imagem=ERRO | mao=OK
5720,QUEBRA-CABEÇA,quebra-cabecaSm_Prog001.mp4,quebra-cabecaSm_Prog001.jpg,cg44.jpg,OK,imagem=ERRO | mao=OK
761,QUEBRA-MOLAS,quebra-molaSm_Prog001.mp4,quebra-molaSm_Prog001.jpg,cg62.jpg,ERRO,video_download_falhou
5697,QUEBRADO,quebradoSm_Prog001.mp4,quebradoSm_Prog001.jpg,cg02.jpg,OK,imagem=ERRO | mao=OK
762,QUEBRAR1,quebrar1Sm_Prog001.mp4,quebrar1Sm_Prog001.jpg,cg02.jpg,OK,imagem=ERRO | mao=OK
763,QUEBRAR2,quebrar2Sm_Prog001.mp4,quebrar2Sm_Prog001.jpg,cg64.jpg,OK,imagem=ERRO | mao=OK
764,QUEBRAR3,quebrar3Sm_Prog001.mp4,quebrar3Sm_Prog001.jpg,cg02.jpg,OK,imagem=ERRO | mao=OK
765,QUEBRAR4,quebrar4Sm_Prog001.mp4,quebrar4Sm_Prog001.jpg,cg02.jpg,OK,imagem=ERRO | mao=OK
5721,QUEDA,quedaSm_Prog001.mp4,quedaSm_Prog001.jpg,cg64.jpg,OK,imagem=ERRO | mao=OK
5698,QUEDA D´ ÁGUA,queda d´aguaSm_Prog001.mp4,queda d´aguaSm_Prog001.jpg,cg64.jpg,ERRO,video_download_falhou
766,QUEIJO,queijoSm_Prog001.mp4,queijoSm_Prog001.jpg,cg08a.jpg,OK,imagem=ERRO | mao=OK
767,QUEIMADO1,queimado1Sm_Prog001.mp4,queimado1Sm_Prog001.jpg,cg47.jpg,OK,imagem=ERRO | mao=OK
6643,QUEIMADO2,queimado2Sm_Prog001.mp4,queimado2Sm_Prog001.jpg,cg47.jpg,OK,imagem=ERRO | mao=OK
768,QUEIMADURA,queimaduraSm_Prog001.mp4,queimaduraSm_Prog001.jpg,cg50.jpg,OK,imagem=OK | mao=OK
769,QUEIMAR,queimarSm_Prog001.mp4,queimarSm_Prog001.jpg,cg47.jpg,OK,imagem=ERRO | mao=OK
771,QUEIXO,queixoSm_Prog001.mp4,queixoSm_Prog001.jpg,cg50.jpg,OK,imagem=ERRO | mao=OK
772,QUEM1,quem1Sm_Prog001.mp4,quem1Sm_Prog001.jpg,cg20.jpg,OK,imagem=ERRO | mao=OK
5722,QUEM2,quem2Sm_Prog001.mp4,quem2Sm_Prog001.jpg,cg09.jpg,OK,imagem=ERRO | mao=OK
6139,QUEM3,quem3Sm_Prog001.mp4,quem3Sm_Prog001.jpg,cg20.jpg,OK,imagem=ERRO | mao=OK
773,QUENTE,quenteSm_Prog001.mp4,quenteSm_Prog001.jpg,cg50.jpg,OK,imagem=ERRO | mao=OK
774,QUERER,quererSm_Prog001.mp4,quererSm_Prog001.jpg,cg47.jpg,OK,imagem=ERRO | mao=OK
6656,QUERER-NÃO,querer_naoSm_Prog001.mp4,querer_naoSm_Prog001.jpg,cg47.jpg,ERRO,video_download_falhou
5699,QUESTÃO,questaoSm_Prog001.mp4,questaoSm_Prog001.jpg,cg14.jpg,OK,imagem=ERRO | mao=OK
5700,QUESTIONÁRIO,questionarioSm_Prog001.mp4,questionarioSm_Prog001.jpg,cg14.jpg,OK,imagem=ERRO | mao=OK
775,QUIABO,quiaboSm_Prog001.mp4,quiaboSm_Prog001.jpg,cg09.jpg,OK,imagem=OK | mao=OK
776,QUIBE1,quibe1Sm_Prog001.mp4,quibe1Sm_Prog001.jpg,cg11.jpg,OK,imagem=ERRO | mao=OK
6645,QUIBE2,quibe2Sm_Prog001.mp4,quibe2Sm_Prog001.jpg,cg57.jpg,OK,imagem=ERRO | mao=OK
777,QUIETO,quietoSm_Prog001.mp4,quietoSm_Prog001.jpg,cg61.jpg,OK,imagem=ERRO | mao=OK
778,QUILO,quilo1Sm_Prog001.mp4,quilo1Sm_Prog001.jpg,cg63.jpg,OK,imagem=ERRO | mao=OK
779,QUILÔMETRO,quilometroSm_Prog001.mp4,quilometroSm_Prog001.jpg,cg11.jpg,OK,imagem=ERRO | mao=OK
780,QUÍMICA,quimicaSm_Prog001.mp4,quimicaSm_Prog001.jpg,cg39.jpg,OK,imagem=ERRO | mao=OK
786,QUINTA SÉRIE,quinta-serieSm_Prog001.mp4,quinta-serieSm_Prog001.jpg,cg31.jpg,OK,imagem=ERRO | mao=OK
781,QUINTA-FEIRA,quinta-feiraSm_Prog001.mp4,quinta-feiraSm_Prog001.jpg,cg31.jpg,OK,imagem=ERRO | mao=OK
5701,QUINTAL,quintalSm_Prog001.mp4,quintalSm_Prog001.jpg,cg64.jpg,OK,imagem=ERRO | mao=OK
782,QUINTO,quintoSm_Prog001.mp4,quintoSm_Prog001.jpg,cg31.jpg,OK,imagem=ERRO | mao=OK
783,QUINZE,quinzeSm_Prog001.mp4,quinzeSm_Prog001.jpg,cg07.jpg,OK,imagem=ERRO | mao=OK
784,QUINZENA,quinzenaSm_Prog001.mp4,quinzenaSm_Prog001.jpg,cg07.jpg,OK,imagem=ERRO | mao=OK
5702,QUIOSQUE,quiosqueSm_Prog001.mp4,quiosqueSm_Prog001.jpg,cg47.jpg,OK,imagem=ERRO | mao=OK
6687,QUITADO,quitadoSm_Prog001.mp4,quitadoSm_Prog001.jpg,cg64.jpg,OK,imagem=ERRO | mao=OK
5705,QUITAR1,quitar1Sm_Prog001.mp4,quitar1Sm_Prog001.jpg,cg42.jpg,OK,imagem=ERRO | mao=OK
6950,QUITAR2,quitar2Sm_Prog001.mp4,quitar2Sm_Prog001.jpg,cg61.jpg,OK,imagem=ERRO | mao=OK
7475,QUITAR3,quitar3Sm_Prog001.mp4,quitar3Sm_Prog001.jpg,cg05.jpg,OK,imagem=ERRO | mao=OK
5707,QUITE,quiteSm_Prog001.mp4,quiteSm_Prog001.jpg,cg61.jpg,OK,imagem=ERRO | mao=OK
5723,QUIUÍ,quiuiSm_Prog001.mp4,quiuiSm_Prog001.jpg,cg15.jpg,OK,imagem=OK | mao=OK
7065,R,rSm_Prog001.mp4,rSm_Prog001.jpg,cg25.jpg,OK,imagem=ERRO | mao=OK
887,RÃ1,raSm_Prog001.mp4,raSm_Prog001.jpg,cg22b.jpg,OK,imagem=OK | mao=OK
6662,RÃ2,ra2Sm_Prog001.mp4,ra2Sm_Prog001.jpg,cg26.jpg,OK,imagem=OK | mao=OK
4963,RABANETE,rabaneteSm_Prog001.mp4,rabaneteSm_Prog001.jpg,cg42.jpg,OK,imagem=OK | mao=OK
888,RABINO,rabinoSm_Prog001.mp4,rabinoSm_Prog001.jpg,cg14.jpg,OK,imagem=ERRO | mao=OK
4692,RABISCAR,rabiscarSm_Prog001.mp4,rabiscarSm_Prog001.jpg,cg20.jpg,OK,imagem=ERRO | mao=OK
4693,RABO,raboSm_Prog001.mp4,raboSm_Prog001.jpg,cg14.jpg,OK,imagem=ERRO | mao=OK
889,RAÇA1,raca1Sm_Prog001.mp4,raca1Sm_Prog001.jpg,cg01.jpg,OK,imagem=ERRO | mao=OK
6663,RAÇA2,raca2Sm_Prog001.mp4,raca2Sm_Prog001.jpg,cg01.jpg,OK,imagem=OK | mao=OK
891,RACHAR,racharSm_Prog001.mp4,racharSm_Prog001.jpg,cg61.jpg,OK,imagem=ERRO | mao=OK
4694,RACIOCINAR,raciocinarSm_Prog001.mp4,raciocinarSm_Prog001.jpg,cg64.jpg,OK,imagem=ERRO | mao=OK
892,RACIOCÍNIO,raciocinioSm_Prog001.mp4,raciocinioSm_Prog001.jpg,cg64.jpg,OK,imagem=ERRO | mao=OK
893,RADAR1,radar1Sm_Prog001.mp4,radar1Sm_Prog001.jpg,cg50.jpg,OK,imagem=ERRO | mao=OK
5615,RADAR2,radar2Sm_Prog001.mp4,radar2Sm_Prog001.jpg,cg14.jpg,OK,imagem=ERRO | mao=OK
5614,RADICAL,radicalSm_Prog001.mp4,radicalSm_Prog001.jpg,cg05.jpg,OK,imagem=ERRO | mao=OK
894,RÁDIO,radioSm_Prog001.mp4,radioSm_Prog001.jpg,cg52.jpg,OK,imagem=ERRO | mao=OK
895,RAINHA,rainhaSm_Prog001.mp4,rainhaSm_Prog001.jpg,cg18a.jpg,OK,imagem=ERRO | mao=OK
897,RAIOS X,raio_xSm_Prog001.mp4,raio_xSm_Prog001.jpg,cg57.jpg,OK,imagem=ERRO | mao=OK
899,RAIZ,raiz1Sm_Prog001.mp4,raiz1Sm_Prog001.jpg,cg02.jpg,OK,imagem=OK | mao=OK
5617,RALADOR,raladorSm_Prog001.mp4,raladorSm_Prog001.jpg,cg01.jpg,OK,imagem=ERRO | mao=OK
4695,RALAR,ralarSm_Prog001.mp4,ralarSm_Prog001.jpg,cg01.jpg,OK,imagem=ERRO | mao=OK
7476,RAMALHETE,ramalheteSm_Prog001.mp4,ramalheteSm_Prog001.jpg,cg54.jpg,OK,imagem=OK | mao=OK
4696,RAMPA,rampaSm_Prog001.mp4,rampaSm_Prog001.jpg,cg63.jpg,OK,imagem=ERRO | mao=OK
4697,RANGER,rangerSm_Prog001.mp4,rangerSm_Prog001.jpg,cg01.jpg,OK,imagem=ERRO | mao=OK
4698,RAPAZ,rapazSm_Prog001.mp4,rapazSm_Prog001.jpg,cg52.jpg,OK,imagem=ERRO | mao=OK
902,RÁPIDO1,rapido1Sm_Prog001.mp4,rapido1Sm_Prog001.jpg,cg61.jpg,OK,imagem=ERRO | mao=OK
903,RÁPIDO2,rapido2Sm_Prog001.mp4,rapido2Sm_Prog001.jpg,cg02.jpg,OK,imagem=ERRO | mao=OK
904,RÁPIDO3,rapido3Sm_Prog001.mp4,rapido3Sm_Prog001.jpg,cg07.jpg,OK,imagem=ERRO | mao=OK
905,RÁPIDO4,rapido4Sm_Prog001.mp4,rapido4Sm_Prog001.jpg,cg51a.jpg,OK,imagem=ERRO | mao=OK
4700,RAPOSA,raposaSm_Prog001.mp4,raposaSm_Prog001.jpg,cg44.jpg,OK,imagem=OK | mao=OK
4701,RAPTAR,raptarSm_Prog001.mp4,raptarSm_Prog001.jpg,cg02.jpg,OK,imagem=ERRO | mao=OK
4702,RAPTO,raptoSm_Prog001.mp4,raptoSm_Prog001.jpg,cg02.jpg,OK,imagem=ERRO | mao=OK
4703,RAQUETE,raqueteSm_Prog001.mp4,raqueteSm_Prog001.jpg,cg02.jpg,OK,imagem=ERRO | mao=OK
5618,RARO,raroSm_Prog001.mp4,raroSm_Prog001.jpg,cg02.jpg,OK,imagem=ERRO | mao=OK
5619,RASCUNHO,rascunhoSm_Prog001.mp4,rascunhoSm_Prog001.jpg,cg02.jpg,OK,imagem=ERRO | mao=OK
906,RASGAR1,rasgar1Sm_Prog001.mp4,rasgar1Sm_Prog001.jpg,cg05.jpg,OK,imagem=ERRO | mao=OK
907,RASGAR2,rasgar2Sm_Prog001.mp4,rasgar2Sm_Prog001.jpg,cg02.jpg,OK,imagem=ERRO | mao=OK
908,RASO,rasoSm_Prog001.mp4,rasoSm_Prog001.jpg,cg63.jpg,OK,imagem=ERRO | mao=OK
4705,RASPAR,rasparSm_Prog001.mp4,rasparSm_Prog001.jpg,cg53a.jpg,OK,imagem=ERRO | mao=OK
909,RASTEJAR1,rastejarSm_Prog001.mp4,rastejarSm_Prog001.jpg,cg14.jpg,OK,imagem=ERRO | mao=OK
7477,RASTEJAR2,rastejar2Sm_Prog001.mp4,rastejar2Sm_Prog001.jpg,cg01.jpg,OK,imagem=ERRO | mao=OK
5620,RASURA,rasuraSm_Prog001.mp4,rasuraSm_Prog001.jpg,cg05.jpg,OK,imagem=ERRO | mao=OK
4707,RATAZANA,ratazanaSm_Prog001.mp4,ratazanaSm_Prog001.jpg,cg20.jpg,OK,imagem=OK | mao=OK
910,RATO,ratoSm_Prog001.mp4,ratoSm_Prog001.jpg,cg20.jpg,OK,imagem=OK | mao=OK
6667,RATOEIRA,ratoeiraSm_Prog001.mp4,ratoeiraSm_Prog001.jpg,cg18a.jpg,OK,imagem=ERRO | mao=OK
911,RAZÃO,razaoSm_Prog001.mp4,razaoSm_Prog001.jpg,cg25.jpg,OK,imagem=ERRO | mao=OK
4709,RAZOÁVEL,razoavelSm_Prog001.mp4,razoavelSm_Prog001.jpg,cg64.jpg,OK,imagem=ERRO | mao=OK
5621,RÉ,reSm_Prog001.mp4,reSm_Prog001.jpg,cg25.jpg,OK,imagem=ERRO | mao=OK
5622,REAGIR,reagirSm_Prog001.mp4,reagirSm_Prog001.jpg,cg02.jpg,OK,imagem=ERRO | mao=OK
912,REAL1,real1Sm_Prog001.mp4,real1Sm_Prog001.jpg,cg01.jpg,OK,imagem=ERRO | mao=OK
913,REAL2,real2Sm_Prog001.mp4,real2Sm_Prog001.jpg,cg34.jpg,OK,imagem=ERRO | mao=OK
5623,REALIDADE,realidadeSm_Prog001.mp4,realidadeSm_Prog001.jpg,cg34.jpg,OK,imagem=ERRO | mao=OK
4965,REALIZAR,realizarSm_Prog001.mp4,realizarSm_Prog001.jpg,cg01.jpg,OK,imagem=ERRO | mao=OK
5624,REBAIXADO,rebaixadoSm_Prog001.mp4,rebaixadoSm_Prog001.jpg,cg61.jpg,OK,imagem=ERRO | mao=OK
914,REBELDE,rebeldeSm_Prog001.mp4,rebeldeSm_Prog001.jpg,cg02.jpg,OK,imagem=ERRO | mao=OK
5625,REBELIÃO,rebeliaoSm_Prog001.mp4,rebeliaoSm_Prog001.jpg,cg47.jpg,OK,imagem=ERRO | mao=OK
6668,REBOCAR,rebocar_2Sm_Prog001.mp4,rebocar_2Sm_Prog001.jpg,cg15.jpg,OK,imagem=ERRO | mao=OK
7478,REBOCAR2,rebocar2Sm_Prog001.mp4,rebocar2Sm_Prog001.jpg,cg62.jpg,OK,imagem=ERRO | mao=OK
6942,REBOLAR,rebolarSm_Prog001.mp4,rebolarSm_Prog001.jpg,cg57.jpg,OK,imagem=ERRO | mao=OK
916,REBOQUE,reboqueSm_Prog001.mp4,reboqueSm_Prog001.jpg,cg15.jpg,OK,imagem=ERRO | mao=OK
4712,RECADO1,recado_1Sm_Prog001.mp4,recado_1Sm_Prog001.jpg,cg25.jpg,OK,imagem=ERRO | mao=OK
6669,RECADO2,recado2Sm_Prog001.mp4,recado2Sm_Prog001.jpg,cg18a.jpg,OK,imagem=ERRO | mao=OK
917,RECEBER,receberSm_Prog001.mp4,receberSm_Prog001.jpg,cg02.jpg,OK,imagem=ERRO | mao=OK
4714,RECEITA1,receita1Sm_Prog001.mp4,receita1Sm_Prog001.jpg,cg53a.jpg,OK,imagem=ERRO | mao=OK
4715,RECEITA2,receita2Sm_Prog001.mp4,receita2Sm_Prog001.jpg,cg19.jpg,OK,imagem=ERRO | mao=OK
6674,RECÉM,recemSm_Prog001.mp4,recemSm_Prog001.jpg,cg42.jpg,OK,imagem=ERRO | mao=OK
5626,RECENTE,recenteSm_Prog001.mp4,recenteSm_Prog001.jpg,cg21.jpg,OK,imagem=ERRO | mao=OK
5628,RECHEIO,recheioSm_Prog001.mp4,recheioSm_Prog001.jpg,cg63.jpg,OK,imagem=ERRO | mao=OK
6142,RECHONCHUDO,rechonchudoSm_Prog001.mp4,rechonchudoSm_Prog001.jpg,cg40.jpg,OK,imagem=ERRO | mao=OK
918,RECIBO,reciboSm_Prog001.mp4,reciboSm_Prog001.jpg,cg37a.jpg,OK,imagem=ERRO | mao=OK
919,RECIFE,recifeSm_Prog001.mp4,recifeSm_Prog001.jpg,cg47.jpg,OK,imagem=ERRO | mao=OK
920,RECLAMAR,reclamarSm_Prog001.mp4,reclamarSm_Prog001.jpg,cg14.jpg,OK,imagem=ERRO | mao=OK
4717,RECLINAR,reclinarSm_Prog001.mp4,reclinarSm_Prog001.jpg,,ERRO,video_download_falhou
921,RECOLHER,recolherSm_Prog001.mp4,recolherSm_Prog001.jpg,cg02.jpg,OK,imagem=ERRO | mao=OK
4721,RECONCILIAÇÃO,reconciliacaoSm_Prog001.mp4,reconciliacaoSm_Prog001.jpg,cg14.jpg,OK,imagem=ERRO | mao=OK
4720,RECONCILIAR,reconciliarSm_Prog001.mp4,reconciliarSm_Prog001.jpg,cg14.jpg,OK,imagem=ERRO | mao=OK
4722,RECONHECER,reconhecerSm_Prog001.mp4,reconhecerSm_Prog001.jpg,cg32.jpg,OK,imagem=ERRO | mao=OK
923,RECORDAÇÃO,recordacaoSm_Prog001.mp4,recordacaoSm_Prog001.jpg,cg32.jpg,OK,imagem=ERRO | mao=OK
924,RECORDAR,recordarSm_Prog001.mp4,recordarSm_Prog001.jpg,cg32.jpg,OK,imagem=ERRO | mao=OK
5630,RECORTAR,recortarSm_Prog001.mp4,recortarSm_Prog001.jpg,cg32.jpg,OK,imagem=ERRO | mao=OK
4723,RECREIO,recreioSm_Prog001.mp4,recreioSm_Prog001.jpg,cg05.jpg,OK,imagem=ERRO | mao=OK
925,RECUAR,recuarSm_Prog001.mp4,recuarSm_Prog001.jpg,cg53a.jpg,OK,imagem=ERRO | mao=OK
5631,RECUPERAÇÃO1,recuperacao1Sm_Prog001.mp4,recuperacao1Sm_Prog001.jpg,cg02.jpg,OK,imagem=ERRO | mao=OK
6143,RECUPERAÇÃO2,recuperacao2Sm_Prog001.mp4,recuperacao2Sm_Prog001.jpg,cg25.jpg,OK,imagem=ERRO | mao=OK
4725,RECUPERAR,recuperarSm_Prog001.mp4,recuperarSm_Prog001.jpg,cg02.jpg,OK,imagem=ERRO | mao=OK
5632,RECURSO1,recurso1Sm_Prog001.mp4,recurso1Sm_Prog001.jpg,cg20.jpg,OK,imagem=ERRO | mao=OK
6677,RECURSO2,recurso2Sm_Prog001.mp4,recurso2Sm_Prog001.jpg,cg14.jpg,OK,imagem=ERRO | mao=OK
926,RECUSAR,recusar1Sm_Prog001.mp4,recusar1Sm_Prog001.jpg,cg47.jpg,OK,imagem=ERRO | mao=OK
927,REDAÇÃO,redacaoSm_Prog001.mp4,redacaoSm_Prog001.jpg,cg05.jpg,OK,imagem=ERRO | mao=OK
928,REDE 1,rede1Sm_Prog001.mp4,rede1Sm_Prog001.jpg,cg24.jpg,OK,imagem=ERRO | mao=OK
929,REDE 2,rede2Sm_Prog001.mp4,rede2Sm_Prog001.jpg,cg05.jpg,OK,imagem=ERRO | mao=OK
7480,REDE3,rede3Sm_Prog001.mp4,rede3Sm_Prog001.jpg,cg25.jpg,OK,imagem=ERRO | mao=OK
4727,RÉDEA,redeaSm_Prog001.mp4,redeaSm_Prog001.jpg,cg05.jpg,OK,imagem=ERRO | mao=OK
930,REDONDO,redondoSm_Prog001.mp4,redondoSm_Prog001.jpg,cg18a.jpg,OK,imagem=ERRO | mao=OK
5633,REDOR,redorSm_Prog001.mp4,redorSm_Prog001.jpg,cg14.jpg,OK,imagem=ERRO | mao=OK
5634,REDUÇÃO,reducaoSm_Prog001.mp4,reducaoSm_Prog001.jpg,cg21.jpg,OK,imagem=ERRO | mao=OK
5635,REDUZIR,reduzirSm_Prog001.mp4,reduzirSm_Prog001.jpg,cg08a.jpg,OK,imagem=ERRO | mao=OK
5636,REFEIÇÃO,refeicaoSm_Prog001.mp4,refeicaoSm_Prog001.jpg,cg53a.jpg,OK,imagem=ERRO | mao=OK
932,REFLETIR1,refletir1Sm_Prog001.mp4,refletir1Sm_Prog001.jpg,cg14.jpg,OK,imagem=ERRO | mao=OK
5637,REFLETIR2,refletir2Sm_Prog001.mp4,refletir2Sm_Prog001.jpg,cg14.jpg,OK,imagem=ERRO | mao=OK
5638,REFLEXO,reflexoSm_Prog001.mp4,reflexoSm_Prog001.jpg,cg55.jpg,OK,imagem=ERRO | mao=OK
5639,REFORÇO,reforcoSm_Prog001.mp4,reforcoSm_Prog001.jpg,cg02.jpg,OK,imagem=ERRO | mao=OK
933,REFORMA1,reforma1Sm_Prog001.mp4,reforma1Sm_Prog001.jpg,cg02.jpg,OK,imagem=ERRO | mao=OK
6678,REFORMA2,reforma2Sm_Prog001.mp4,reforma2Sm_Prog001.jpg,cg47.jpg,OK,imagem=ERRO | mao=OK
4728,REFORMAR,reformarSm_Prog001.mp4,reformarSm_Prog001.jpg,cg02.jpg,OK,imagem=ERRO | mao=OK
5640,REFRESCAR,refrescarSm_Prog001.mp4,refrescarSm_Prog001.jpg,cg63.jpg,OK,imagem=ERRO | mao=OK
935,REFRIGERANTE1,refrigeranteSm_Prog001.mp4,refrigeranteSm_Prog001.jpg,cg14.jpg,OK,imagem=ERRO | mao=OK
6144,REFRIGERANTE2,refrigerante_lataSm_Prog001.mp4,refrigerante_lataSm_Prog001.jpg,cg05.jpg,ERRO,video_download_falhou
5641,REGER,regerSm_Prog001.mp4,regerSm_Prog001.jpg,cg14.jpg,OK,imagem=ERRO | mao=OK
4967,REGIÃO,regiaoSm_Prog001.mp4,regiaoSm_Prog001.jpg,cg47.jpg,OK,imagem=ERRO | mao=OK
5643,REGIME,regimeSm_Prog001.mp4,regimeSm_Prog001.jpg,cg38.jpg,OK,imagem=ERRO | mao=OK
936,REGIMENTO,regimentoSm_Prog001.mp4,regimentoSm_Prog001.jpg,cg61.jpg,OK,imagem=ERRO | mao=OK
5644,REGIONAL,regionalSm_Prog001.mp4,regionalSm_Prog001.jpg,cg47.jpg,OK,imagem=ERRO | mao=OK
5645,REGISTRO,registroSm_Prog001.mp4,registroSm_Prog001.jpg,cg02.jpg,OK,imagem=ERRO | mao=OK
1166,REGRA,regraSm_Prog001.mp4,regraSm_Prog001.jpg,cg25.jpg,OK,imagem=ERRO | mao=OK
4730,REGRESSAR,regressarSm_Prog001.mp4,regressarSm_Prog001.jpg,cg15.jpg,OK,imagem=ERRO | mao=OK
937,RÉGUA1,regua1Sm_Prog001.mp4,regua1Sm_Prog001.jpg,cg63.jpg,OK,imagem=ERRO | mao=OK
5646,RÉGUA2,regua2Sm_Prog001.mp4,regua2Sm_Prog001.jpg,cg21.jpg,OK,imagem=ERRO | mao=OK
5647,REGULAR1,regular1Sm_Prog001.mp4,regular1Sm_Prog001.jpg,cg45.jpg,OK,imagem=ERRO | mao=OK
5648,REGULAR2,regular2Sm_Prog001.mp4,regular2Sm_Prog001.jpg,cg64.jpg,OK,imagem=ERRO | mao=OK
938,REI,reiSm_Prog001.mp4,reiSm_Prog001.jpg,cg18a.jpg,OK,imagem=ERRO | mao=OK
4731,REINO,reinoSm_Prog001.mp4,reinoSm_Prog001.jpg,cg18a.jpg,OK,imagem=ERRO | mao=OK
5649,REITOR,reitorSm_Prog001.mp4,reitorSm_Prog001.jpg,cg25.jpg,OK,imagem=ERRO | mao=OK
939,REIVINDICAR,reivindicarSm_Prog001.mp4,reivindicarSm_Prog001.jpg,cg14.jpg,OK,imagem=ERRO | mao=OK
940,REJEITADO,rejeitado1Sm_Prog001.mp4,rejeitado1Sm_Prog001.jpg,cg44.jpg,OK,imagem=ERRO | mao=OK
941,REJEITAR,rejeitarSm_Prog001.mp4,rejeitarSm_Prog001.jpg,cg63.jpg,OK,imagem=ERRO | mao=OK
6679,RELAÇÃO SEXUAL,relacao3Sm_Prog001.mp4,relacao3Sm_Prog001.jpg,cg01.jpg,OK,imagem=ERRO | mao=OK
4733,RELAÇÃO1,relacao1Sm_Prog001.mp4,relacao1Sm_Prog001.jpg,cg53a.jpg,OK,imagem=ERRO | mao=OK
4769,RELAÇÃO2,relacao2Sm_Prog001.mp4,relacao2Sm_Prog001.jpg,cg14.jpg,OK,imagem=ERRO | mao=OK
7481,RELACIONAMENTO,relacionamentoSm_Prog001.mp4,relacionamentoSm_Prog001.jpg,cg14.jpg,OK,imagem=ERRO | mao=OK
4968,RELACIONAR,relacionarSm_Prog001.mp4,relacionarSm_Prog001.jpg,cg14.jpg,OK,imagem=ERRO | mao=OK
4969,RELÂMPAGO,relampagoSm_Prog001.mp4,relampagoSm_Prog001.jpg,cg14.jpg,OK,imagem=OK | mao=OK
4735,RELATAR,relatarSm_Prog001.mp4,relatarSm_Prog001.jpg,cg40.jpg,OK,imagem=ERRO | mao=OK
5650,RELATÓRIO,relatorioSm_Prog001.mp4,relatorioSm_Prog001.jpg,cg25.jpg,OK,imagem=ERRO | mao=OK
5651,RELAXADO1,relaxado1Sm_Prog001.mp4,relaxado1Sm_Prog001.jpg,cg63.jpg,OK,imagem=ERRO | mao=OK
5652,RELAXADO2,relaxado2Sm_Prog001.mp4,relaxado2Sm_Prog001.jpg,cg64.jpg,OK,imagem=ERRO | mao=OK
5653,RELAXAMENTO,relaxamentoSm_Prog001.mp4,relaxamentoSm_Prog001.jpg,cg64.jpg,OK,imagem=ERRO | mao=OK
5654,RELAXAR,relaxarSm_Prog001.mp4,relaxarSm_Prog001.jpg,cg64.jpg,OK,imagem=ERRO | mao=OK
942,RELIGIÃO,religiaoSm_Prog001.mp4,religiaoSm_Prog001.jpg,cg25.jpg,OK,imagem=ERRO | mao=OK
943,RELÓGIO1,relogio1Sm_Prog001.mp4,relogio1Sm_Prog001.jpg,cg08a.jpg,OK,imagem=ERRO | mao=OK
6145,RÉLOGIO2,relogio2Sm_Prog001.mp4,relogio2Sm_Prog001.jpg,cg08a.jpg,OK,imagem=ERRO | mao=OK
944,REMAR,remarSm_Prog001.mp4,remarSm_Prog001.jpg,cg02.jpg,OK,imagem=ERRO | mao=OK
945,REMÉDIO,remedioSm_Prog001.mp4,remedioSm_Prog001.jpg,cg02.jpg,OK,imagem=ERRO | mao=OK
7482,REMETER,remeterSm_Prog001.mp4,remeterSm_Prog001.jpg,cg24.jpg,OK,imagem=ERRO | mao=OK
5655,RENDA,rendaSm_Prog001.mp4,rendaSm_Prog001.jpg,cg20.jpg,OK,imagem=ERRO | mao=OK
5657,RENOVAR,renovarSm_Prog001.mp4,renovarSm_Prog001.jpg,cg08a.jpg,OK,imagem=ERRO | mao=OK
946,RENUNCIAR,renunciarSm_Prog001.mp4,renunciarSm_Prog001.jpg,cg33.jpg,OK,imagem=ERRO | mao=OK
5658,REPARAR,repararSm_Prog001.mp4,repararSm_Prog001.jpg,cg14.jpg,OK,imagem=ERRO | mao=OK
4973,REPARTIR,repartirSm_Prog001.mp4,repartirSm_Prog001.jpg,cg63.jpg,OK,imagem=ERRO | mao=OK
4737,REPETIÇÃO,repeticaoSm_Prog001.mp4,repeticaoSm_Prog001.jpg,cg08a.jpg,OK,imagem=ERRO | mao=OK
947,REPETIR,repetirSm_Prog001.mp4,repetirSm_Prog001.jpg,cg08a.jpg,OK,imagem=ERRO | mao=OK
948,REPOLHO,repolhoSm_Prog001.mp4,repolhoSm_Prog001.jpg,cg47.jpg,OK,imagem=OK | mao=OK
949,REPÓRTER,reporterSm_Prog001.mp4,reporterSm_Prog001.jpg,cg02.jpg,OK,imagem=ERRO | mao=OK
950,REPOUSAR,repousarSm_Prog001.mp4,repousarSm_Prog001.jpg,cg63.jpg,OK,imagem=ERRO | mao=OK
951,REPREENDER,repreenderSm_Prog001.mp4,repreenderSm_Prog001.jpg,cg14.jpg,OK,imagem=ERRO | mao=OK
952,REPRESENTANTE,representanteSm_Prog001.mp4,representanteSm_Prog001.jpg,cg25.jpg,OK,imagem=ERRO | mao=OK
953,REPRESENTAR,representarSm_Prog001.mp4,representarSm_Prog001.jpg,cg25.jpg,OK,imagem=ERRO | mao=OK
955,REPROVADO,reprovado1Sm_Prog001.mp4,reprovado1Sm_Prog001.jpg,cg25.jpg,ERRO,video_download_falhou
4975,REPROVAR,reprovarSm_Prog001.mp4,reprovarSm_Prog001.jpg,cg25.jpg,OK,imagem=ERRO | mao=OK
956,RESERVA,reservaSm_Prog001.mp4,reservaSm_Prog001.jpg,cg02.jpg,OK,imagem=ERRO | mao=OK
5661,RESERVADO,reservadoSm_Prog001.mp4,reservadoSm_Prog001.jpg,cg02.jpg,OK,imagem=ERRO | mao=OK
957,RESERVAR1,reservar1Sm_Prog001.mp4,reservar1Sm_Prog001.jpg,cg53a.jpg,ERRO,video_download_falhou
4740,RESERVAR2,reservar2Sm_Prog001.mp4,reservar2Sm_Prog001.jpg,cg02.jpg,OK,imagem=ERRO | mao=OK
5662,RESERVATÓRIO,reservatorioSm_Prog001.mp4,reservatorioSm_Prog001.jpg,cg08a.jpg,OK,imagem=ERRO | mao=OK
958,RESFRIADO,resfriadoSm_Prog001.mp4,resfriadoSm_Prog001.jpg,cg20.jpg,OK,imagem=OK | mao=OK
4741,RESIDÊNCIA,residenciaSm_Prog001.mp4,residenciaSm_Prog001.jpg,cg63.jpg,OK,imagem=ERRO | mao=OK
6696,RESISTIR,resistir1Sm_Prog001.mp4,resistir1Sm_Prog001.jpg,cg58.jpg,OK,imagem=ERRO | mao=OK
961,RESOLVER,resolverSm_Prog001.mp4,resolverSm_Prog001.jpg,cg47.jpg,OK,imagem=ERRO | mao=OK
962,RESPEITAR,respeitarSm_Prog001.mp4,respeitarSm_Prog001.jpg,cg52.jpg,OK,imagem=ERRO | mao=OK
964,RESPIRAR,respirarSm_Prog001.mp4,respirarSm_Prog001.jpg,cg02.jpg,OK,imagem=ERRO | mao=OK
4744,RESPONDÃO,respondaoSm_Prog001.mp4,respondaoSm_Prog001.jpg,cg25.jpg,OK,imagem=ERRO | mao=OK
965,RESPONDER,responderSm_Prog001.mp4,responderSm_Prog001.jpg,cg25.jpg,OK,imagem=ERRO | mao=OK
967,RESPONSÁVEL,responsavelSm_Prog001.mp4,responsavelSm_Prog001.jpg,cg25.jpg,OK,imagem=ERRO | mao=OK
968,RESPOSTA,respostaSm_Prog001.mp4,respostaSm_Prog001.jpg,cg25.jpg,OK,imagem=ERRO | mao=OK
5663,RESSACA,ressacaSm_Prog001.mp4,ressacaSm_Prog001.jpg,cg07.jpg,OK,imagem=ERRO | mao=OK
969,RESSURREIÇÃO,ressurreicaoSm_Prog001.mp4,ressurreicaoSm_Prog001.jpg,cg32.jpg,OK,imagem=ERRO | mao=OK
970,RESTAR,restarSm_Prog001.mp4,restarSm_Prog001.jpg,cg63.jpg,OK,imagem=ERRO | mao=OK
971,RESTAURANTE,restauranteSm_Prog001.mp4,restauranteSm_Prog001.jpg,cg25.jpg,OK,imagem=ERRO | mao=OK
6146,RESTAURAR,restaurarSm_Prog001.mp4,restaurarSm_Prog001.jpg,cg02.jpg,OK,imagem=ERRO | mao=OK
5665,RESULTADO,resultadoSm_Prog001.mp4,resultadoSm_Prog001.jpg,cg25.jpg,OK,imagem=ERRO | mao=OK
972,RESUMIR,resumirSm_Prog001.mp4,resumirSm_Prog001.jpg,cg57.jpg,OK,imagem=ERRO | mao=OK
973,RESUMO,resumoSm_Prog001.mp4,resumoSm_Prog001.jpg,cg57.jpg,ERRO,video_download_falhou
974,RETÂNGULO,retanguloSm_Prog001.mp4,retanguloSm_Prog001.jpg,cg14.jpg,OK,imagem=ERRO | mao=OK
976,RETIRAR1,retirar1Sm_Prog001.mp4,retirar1Sm_Prog001.jpg,cg07.jpg,OK,imagem=ERRO | mao=OK
977,RETIRAR2,retirar2Sm_Prog001.mp4,retirar2Sm_Prog001.jpg,cg13.jpg,OK,imagem=ERRO | mao=OK
978,RETO,retoSm_Prog001.mp4,retoSm_Prog001.jpg,cg62.jpg,OK,imagem=ERRO | mao=OK
5666,RETOCAR,retocarSm_Prog001.mp4,retocarSm_Prog001.jpg,cg44.jpg,OK,imagem=ERRO | mao=OK
979,RETORNAR,retornarSm_Prog001.mp4,retornarSm_Prog001.jpg,cg15.jpg,OK,imagem=ERRO | mao=OK
5667,RETORNO,retornoSm_Prog001.mp4,retornoSm_Prog001.jpg,cg15.jpg,OK,imagem=ERRO | mao=OK
4748,RETRATAR,retratarSm_Prog001.mp4,retratarSm_Prog001.jpg,cg18a.jpg,OK,imagem=ERRO | mao=OK
4979,RETRATO,retratoSm_Prog001.mp4,retratoSm_Prog001.jpg,cg57.jpg,OK,imagem=ERRO | mao=OK
5668,RETRIBUIR,retribuirSm_Prog001.mp4,retribuirSm_Prog001.jpg,cg63.jpg,OK,imagem=ERRO | mao=OK
4981,RETROPROJETOR,retroprojetorSm_Prog001.mp4,retroprojetorSm_Prog001.jpg,cg02.jpg,OK,imagem=ERRO | mao=OK
980,REUNIÃO,reuniaoSm_Prog001.mp4,reuniaoSm_Prog001.jpg,cg25.jpg,OK,imagem=ERRO | mao=OK
4749,REUNIR1,reunirSm_Prog001.mp4,reunirSm_Prog001.jpg,cg14.jpg,ERRO,video_download_falhou
7483,REUNIR2,reunir2Sm_Prog001.mp4,reunir2Sm_Prog001.jpg,cg47.jpg,OK,imagem=ERRO | mao=OK
5669,REVANCHE,revancheSm_Prog001.mp4,revancheSm_Prog001.jpg,cg63.jpg,OK,imagem=ERRO | mao=OK
981,REVELAÇÃO,revelacaoSm_Prog001.mp4,revelacaoSm_Prog001.jpg,cg44.jpg,OK,imagem=ERRO | mao=OK
982,REVELAR1,revelar1Sm_Prog001.mp4,revelar1Sm_Prog001.jpg,cg44.jpg,OK,imagem=ERRO | mao=OK
983,REVELAR2,revelar2Sm_Prog001.mp4,revelar2Sm_Prog001.jpg,cg42.jpg,OK,imagem=ERRO | mao=OK
984,REVESTIR,revestirSm_Prog001.mp4,revestirSm_Prog001.jpg,cg01.jpg,OK,imagem=ERRO | mao=OK
6680,REVEZAR,revezarSm_Prog001.mp4,revezarSm_Prog001.jpg,cg07.jpg,OK,imagem=ERRO | mao=OK
5672,REVISÃO,revisaoSm_Prog001.mp4,revisaoSm_Prog001.jpg,cg20.jpg,OK,imagem=ERRO | mao=OK
986,REVISTA,revistaSm_Prog001.mp4,revistaSm_Prog001.jpg,cg63.jpg,OK,imagem=ERRO | mao=OK
987,REVISTAR,revistarSm_Prog001.mp4,revistarSm_Prog001.jpg,cg14.jpg,OK,imagem=ERRO | mao=OK
5673,REVOLTA,revoltaSm_Prog001.mp4,revoltaSm_Prog001.jpg,cg02.jpg,OK,imagem=ERRO | mao=OK
5674,REVOLTADO,revoltadoSm_Prog001.mp4,revoltadoSm_Prog001.jpg,cg02.jpg,OK,imagem=ERRO | mao=OK
5675,REVOLUÇÃO,revolucaoSm_Prog001.mp4,revolucaoSm_Prog001.jpg,cg47.jpg,OK,imagem=ERRO | mao=OK
988,REVÓLVER,revolverSm_Prog001.mp4,revolverSm_Prog001.jpg,cg16.jpg,OK,imagem=ERRO | mao=OK
7484,REZA,rezaSm_Prog001.mp4,rezaSm_Prog001.jpg,cg53b.jpg,OK,imagem=ERRO | mao=OK
989,REZAR1,rezarSm_Prog001.mp4,rezarSm_Prog001.jpg,cg63.jpg,OK,imagem=ERRO | mao=OK
7485,REZAR2,rezar2Sm_Prog001.mp4,rezar2Sm_Prog001.jpg,cg53b.jpg,OK,imagem=ERRO | mao=OK
5676,RIACHO,riachoSm_Prog001.mp4,riachoSm_Prog001.jpg,cg08a.jpg,OK,imagem=OK | mao=OK
990,RICO1,rico1Sm_Prog001.mp4,rico1Sm_Prog001.jpg,cg47.jpg,OK,imagem=ERRO | mao=OK
6149,RICO2,rico2Sm_Prog001.mp4,rico2Sm_Prog001.jpg,cg20.jpg,OK,imagem=ERRO | mao=OK
5677,RIFA,rifaSm_Prog001.mp4,rifaSm_Prog001.jpg,cg20.jpg,OK,imagem=ERRO | mao=OK
6685,RIFLE,rifleSm_Prog001.mp4,rifleSm_Prog001.jpg,cg16.jpg,OK,imagem=ERRO | mao=OK
5678,RIGOROSO,rigorosoSm_Prog001.mp4,rigorosoSm_Prog001.jpg,cg02.jpg,OK,imagem=ERRO | mao=OK
991,RIM,rimSm_Prog001.mp4,rimSm_Prog001.jpg,cg14.jpg,OK,imagem=ERRO | mao=OK
992,RÍMEL,rimelSm_Prog001.mp4,rimelSm_Prog001.jpg,cg14.jpg,OK,imagem=ERRO | mao=OK
4753,RINOCERONTE,rinoceronteSm_Prog001.mp4,rinoceronteSm_Prog001.jpg,cg38.jpg,OK,imagem=OK | mao=OK
993,RIO,rioSm_Prog001.mp4,rioSm_Prog001.jpg,cg63.jpg,OK,imagem=ERRO | mao=OK
3913,RIO DE JANEIRO,rio_de_janeiroSm_Prog001.mp4,rio_de_janeiroSm_Prog001.jpg,cg42.jpg,OK,imagem=ERRO | mao=OK
3927,RIO GRANDE DO NORTE,rio-grande-do-norteSm_Prog001.mp4,rio-grande-do-norteSm_Prog001.jpg,cg25.jpg,OK,imagem=ERRO | mao=OK
3914,RIO GRANDE DO SUL,rio-grande-do-norteSm_Prog001.mp4,rio-grande-do-norteSm_Prog001.jpg,cg05.jpg,OK,imagem=ERRO | mao=OK
995,RIR,rirSm_Prog001.mp4,rirSm_Prog001.jpg,cg08a.jpg,OK,imagem=ERRO | mao=OK
5679,RISADA,risadaSm_Prog001.mp4,risadaSm_Prog001.jpg,cg08a.jpg,OK,imagem=ERRO | mao=OK
5680,RISCAR,riscarSm_Prog001.mp4,riscarSm_Prog001.jpg,cg20.jpg,OK,imagem=ERRO | mao=OK
994,RISONHO,risonhoSm_Prog001.mp4,risonhoSm_Prog001.jpg,cg08a.jpg,OK,imagem=ERRO | mao=OK
5681,RITMO,ritmoSm_Prog001.mp4,ritmoSm_Prog001.jpg,cg63.jpg,OK,imagem=ERRO | mao=OK
5682,RIVAL,rivalSm_Prog001.mp4,rivalSm_Prog001.jpg,cg64.jpg,OK,imagem=ERRO | mao=OK
996,ROBÔ,roboSm_Prog001.mp4,roboSm_Prog001.jpg,cg37a.jpg,OK,imagem=ERRO | mao=OK
4983,ROBUSTO,robustoSm_Prog001.mp4,robustoSm_Prog001.jpg,cg01.jpg,OK,imagem=ERRO | mao=OK
997,ROÇA,rocaSm_Prog001.mp4,rocaSm_Prog001.jpg,cg15.jpg,OK,imagem=ERRO | mao=OK
998,RODA,rodaSm_Prog001.mp4,rodaSm_Prog001.jpg,cg18a.jpg,OK,imagem=ERRO | mao=OK
4984,RODAR,rodarSm_Prog001.mp4,rodarSm_Prog001.jpg,cg14.jpg,OK,imagem=ERRO | mao=OK
999,RODEAR,rodearSm_Prog001.mp4,rodearSm_Prog001.jpg,cg14.jpg,OK,imagem=ERRO | mao=OK
4985,RODÍZIO,rodizio_de_carroSm_Prog001.mp4,rodizio_de_carroSm_Prog001.jpg,cg02.jpg,ERRO,video_download_falhou
4986,RODO,rodoSm_Prog001.mp4,rodoSm_Prog001.jpg,cg01.jpg,OK,imagem=ERRO | mao=OK
1000,RODOPIAR,rodopiarSm_Prog001.mp4,rodopiarSm_Prog001.jpg,cg14.jpg,OK,imagem=ERRO | mao=OK
5683,RODOVIA,rodoviaSm_Prog001.mp4,rodoviaSm_Prog001.jpg,cg14.jpg,OK,imagem=ERRO | mao=OK
1001,RODOVIÁRIA,rodoviariaSm_Prog001.mp4,rodoviariaSm_Prog001.jpg,cg25.jpg,OK,imagem=ERRO | mao=OK
5684,ROER,roerSm_Prog001.mp4,roerSm_Prog001.jpg,cg14.jpg,OK,imagem=ERRO | mao=OK
7486,ROL,rolSm_Prog001.mp4,rolSm_Prog001.jpg,cg52.jpg,OK,imagem=ERRO | mao=OK
4988,ROLAR,rolarSm_Prog001.mp4,rolarSm_Prog001.jpg,cg14.jpg,OK,imagem=ERRO | mao=OK
1002,ROLETA1,roletaSm_Prog001.mp4,roletaSm_Prog001.jpg,cg14.jpg,ERRO,video_download_falhou
1003,ROLETA2,roleta2Sm_Prog001.mp4,roleta2Sm_Prog001.jpg,cg55.jpg,OK,imagem=ERRO | mao=OK
5685,ROLIMÃ,rolimaSm_Prog001.mp4,rolimaSm_Prog001.jpg,cg02.jpg,OK,imagem=ERRO | mao=OK
5686,ROLO1,rolo1Sm_Prog001.mp4,rolo1Sm_Prog001.jpg,cg14.jpg,OK,imagem=OK | mao=OK
6150,ROLO2,rolo_de_macarraoSm_Prog001.mp4,rolo_de_macarraoSm_Prog001.jpg,cg02.jpg,ERRO,video_download_falhou
6693,ROMANO,romano1Sm_Prog001.mp4,romano1Sm_Prog001.jpg,cg58.jpg,ERRO,video_download_falhou
5687,ROMÂNTICO,romanticoSm_Prog001.mp4,romanticoSm_Prog001.jpg,cg02.jpg,OK,imagem=ERRO | mao=OK
4756,ROMPER,romperSm_Prog001.mp4,romperSm_Prog001.jpg,cg02.jpg,OK,imagem=ERRO | mao=OK
5689,ROMPIMENTO,rompimentoSm_Prog001.mp4,rompimentoSm_Prog001.jpg,cg63.jpg,OK,imagem=ERRO | mao=OK
5690,RONCAR,roncarSm_Prog001.mp4,roncarSm_Prog001.jpg,cg02.jpg,OK,imagem=ERRO | mao=OK
1004,RONDAR,rondarSm_Prog001.mp4,rondarSm_Prog001.jpg,cg14.jpg,OK,imagem=ERRO | mao=OK
4757,RONDÔNIA,rondoniaSm_Prog001.mp4,rondoniaSm_Prog001.jpg,cg25.jpg,OK,imagem=ERRO | mao=OK
4758,RORAIMA,roraimaSm_Prog001.mp4,roraimaSm_Prog001.jpg,cg25.jpg,OK,imagem=ERRO | mao=OK
3915,ROSA,rosaSm_Prog001.mp4,rosaSm_Prog001.jpg,cg59a.jpg,OK,imagem=ERRO | mao=OK
1005,ROSÁRIO,rosarioSm_Prog001.mp4,rosarioSm_Prog001.jpg,cg05.jpg,OK,imagem=ERRO | mao=OK
6934,ROSCA,roscaSm_Prog001.mp4,roscaSm_Prog001.jpg,cg49.jpg,OK,imagem=ERRO | mao=OK
1007,ROSTO,rostoSm_Prog001.mp4,rostoSm_Prog001.jpg,cg14.jpg,OK,imagem=ERRO | mao=OK
1009,ROUBAR1,roubar1Sm_Prog001.mp4,roubar1Sm_Prog001.jpg,cg63.jpg,OK,imagem=ERRO | mao=OK
5691,ROUBAR2,roubar2Sm_Prog001.mp4,roubar2Sm_Prog001.jpg,cg01.jpg,OK,imagem=ERRO | mao=OK
1010,ROUPA,roupaSm_Prog001.mp4,roupaSm_Prog001.jpg,cg20.jpg,OK,imagem=ERRO | mao=OK
3926,ROXO1,roxo1Sm_Prog001.mp4,roxo1Sm_Prog001.jpg,cg26.jpg,OK,imagem=ERRO | mao=OK
6684,ROXO2,roxo2Sm_Prog001.mp4,roxo2Sm_Prog001.jpg,cg26.jpg,OK,imagem=ERRO | mao=OK
1011,RUA1,rua1Sm_Prog001.mp4,rua1Sm_Prog001.jpg,cg26.jpg,OK,imagem=ERRO | mao=OK
6151,RUA2,rua2Sm_Prog001.mp4,rua2Sm_Prog001.jpg,cg63.jpg,OK,imagem=ERRO | mao=OK
5692,RUBÉOLA,rubeolaSm_Prog001.mp4,rubeolaSm_Prog001.jpg,cg45.jpg,OK,imagem=ERRO | mao=OK
4760,RUBORIZAR,ruborizarSm_Prog001.mp4,ruborizarSm_Prog001.jpg,cg11.jpg,OK,imagem=ERRO | mao=OK
5693,RUBRICA,rubricaSm_Prog001.mp4,rubricaSm_Prog001.jpg,cg20.jpg,OK,imagem=ERRO | mao=OK
1012,RUGA,ruga1Sm_Prog001.mp4,ruga1Sm_Prog001.jpg,cg02.jpg,ERRO,video_download_falhou
1013,RUIM1,ruim1Sm_Prog001.mp4,ruim1Sm_Prog001.jpg,cg64.jpg,OK,imagem=ERRO | mao=OK
7487,RUIM2,ruim2Sm_Prog001.mp4,ruim2Sm_Prog001.jpg,cg07.jpg,OK,imagem=ERRO | mao=OK
5694,RUIVO,ruivoSm_Prog001.mp4,ruivoSm_Prog001.jpg,cg02.jpg,OK,imagem=ERRO | mao=OK
6152,RUMO,rumoSm_Prog001.mp4,rumoSm_Prog001.jpg,cg63.jpg,OK,imagem=ERRO | mao=OK
5695,RURAL,ruralSm_Prog001.mp4,ruralSm_Prog001.jpg,cg15.jpg,OK,imagem=OK | mao=OK
3916,RÚSSIA,russiaSm_Prog001.mp4,russiaSm_Prog001.jpg,cg25.jpg,OK,imagem=ERRO | mao=OK
7488,RUSSO,russoSm_Prog001.mp4,russoSm_Prog001.jpg,cg01.jpg,OK,imagem=ERRO | mao=OK
7066,S,sSm_Prog001.mp4,sSm_Prog001.jpg,cg02.jpg,OK,imagem=ERRO | mao=OK
1015,SÁBADO,sabadoSm_Prog001.mp4,sabadoSm_Prog001.jpg,cg02.jpg,OK,imagem=ERRO | mao=OK
1016,SABÃO,sabaoSm_Prog001.mp4,sabaoSm_Prog001.jpg,cg52.jpg,OK,imagem=ERRO | mao=OK
1017,SABEDORIA,sabedoriaSm_Prog001.mp4,sabedoriaSm_Prog001.jpg,cg31.jpg,OK,imagem=ERRO | mao=OK
1018,SABER,saberSm_Prog001.mp4,saberSm_Prog001.jpg,cg63.jpg,OK,imagem=ERRO | mao=OK
5731,SÁBIO,sabioSm_Prog001.mp4,sabioSm_Prog001.jpg,cg31.jpg,OK,imagem=ERRO | mao=OK
1019,SABONETE,saboneteSm_Prog001.mp4,saboneteSm_Prog001.jpg,cg52.jpg,OK,imagem=ERRO | mao=OK
5732,SABONETEIRA,saboneteiraSm_Prog001.mp4,saboneteiraSm_Prog001.jpg,cg52.jpg,OK,imagem=ERRO | mao=OK
7489,SABOR,saborSm_Prog001.mp4,saborSm_Prog001.jpg,cg14.jpg,OK,imagem=ERRO | mao=OK
1020,SABOREAR,saborearSm_Prog001.mp4,saborearSm_Prog001.jpg,cg35a.jpg,OK,imagem=ERRO | mao=OK
7491,SACANAGEM,sacanagemSm_Prog001.mp4,sacanagemSm_Prog001.jpg,cg15.jpg,OK,imagem=ERRO | mao=OK
6496,SACANEAR,sacanearSm_Prog001.mp4,sacanearSm_Prog001.jpg,cg02.jpg,OK,imagem=ERRO | mao=OK
1021,SACI,saciSm_Prog001.mp4,saciSm_Prog001.jpg,cg40.jpg,OK,imagem=ERRO | mao=OK
6970,SACIAR,saciarSm_Prog001.mp4,saciarSm_Prog001.jpg,cg02.jpg,OK,imagem=ERRO | mao=OK
1022,SACO,sacoSm_Prog001.mp4,sacoSm_Prog001.jpg,cg02.jpg,OK,imagem=ERRO | mao=OK
6497,SACOLA,sacolaSm_Prog001.mp4,sacolaSm_Prog001.jpg,cg02.jpg,OK,imagem=ERRO | mao=OK
7492,SACOLÉ,sacoleSm_Prog001.mp4,sacoleSm_Prog001.jpg,cg02.jpg,OK,imagem=ERRO | mao=OK
1023,SACRIFICAR,sacrificarSm_Prog001.mp4,sacrificarSm_Prog001.jpg,cg07.jpg,OK,imagem=ERRO | mao=OK
6498,SACRIFÍCIO,sacrificioSm_Prog001.mp4,sacrificioSm_Prog001.jpg,cg07.jpg,OK,imagem=ERRO | mao=OK
5733,SACUDIR,sacudirSm_Prog001.mp4,sacudirSm_Prog001.jpg,cg44.jpg,OK,imagem=ERRO | mao=OK
5734,SADIO,sadioSm_Prog001.mp4,sadioSm_Prog001.jpg,cg35a.jpg,OK,imagem=ERRO | mao=OK
1024,SAFADO,safadoSm_Prog001.mp4,safadoSm_Prog001.jpg,cg52.jpg,OK,imagem=ERRO | mao=OK
7493,SAGITÁRIO,sagitarioSm_Prog001.mp4,sagitarioSm_Prog001.jpg,cg33.jpg,OK,imagem=ERRO | mao=OK
5726,SAIA,saiaSm_Prog001.mp4,saiaSm_Prog001.jpg,cg57.jpg,OK,imagem=ERRO | mao=OK
6349,SAÍDA,saidaSm_Prog001.mp4,saidaSm_Prog001.jpg,cg22b.jpg,OK,imagem=ERRO | mao=OK
1026,SAIR1,sairSm_Prog001.mp4,sairSm_Prog001.jpg,cg05.jpg,OK,imagem=ERRO | mao=OK
7494,SAIR2,sair2Sm_Prog001.mp4,sair2Sm_Prog001.jpg,cg63.jpg,OK,imagem=ERRO | mao=OK
1027,SAL1,salSm_Prog001.mp4,salSm_Prog001.jpg,cg01.jpg,OK,imagem=ERRO | mao=OK
7495,SAL2,sal2Sm_Prog001.mp4,sal2Sm_Prog001.jpg,cg14.jpg,OK,imagem=ERRO | mao=OK
1028,SALA,salaSm_Prog001.mp4,salaSm_Prog001.jpg,cg02.jpg,OK,imagem=ERRO | mao=OK
4771,SALA DE JANTAR,sala-de-jantarSm_Prog001.mp4,sala-de-jantarSm_Prog001.jpg,cg52.jpg,ERRO,video_download_falhou
4773,SALA DE TV,sala-de-tvSm_Prog001.mp4,sala-de-tvSm_Prog001.jpg,cg08a.jpg,ERRO,video_download_falhou
4772,SALA DE VISITA,sala-de-visitaSm_Prog001.mp4,sala-de-visitaSm_Prog001.jpg,cg11.jpg,ERRO,video_download_falhou
1029,SALADA,saladaSm_Prog001.mp4,saladaSm_Prog001.jpg,cg47.jpg,OK,imagem=ERRO | mao=OK
1030,SALADA DE FRUTAS,salada-de-frutasSm_Prog001.mp4,salada-de-frutasSm_Prog001.jpg,cg47.jpg,OK,imagem=ERRO | mao=OK
1031,SALAME,salameSm_Prog001.mp4,salameSm_Prog001.jpg,cg63.jpg,OK,imagem=ERRO | mao=OK
4774,SALÃO DE FESTA,salao-de-festaSm_Prog001.mp4,salao-de-festaSm_Prog001.jpg,cg01.jpg,OK,imagem=ERRO | mao=OK
1032,SALÁRIO,salarioSm_Prog001.mp4,salarioSm_Prog001.jpg,cg44.jpg,OK,imagem=ERRO | mao=OK
1033,SALDO,saldoSm_Prog001.mp4,saldoSm_Prog001.jpg,cg02.jpg,OK,imagem=ERRO | mao=OK
1035,SALGADO,salgadoSm_Prog001.mp4,salgadoSm_Prog001.jpg,cg02.jpg,OK,imagem=ERRO | mao=OK
5735,SALMOS,salmosSm_Prog001.mp4,salmosSm_Prog001.jpg,cg02.jpg,OK,imagem=ERRO | mao=OK
5736,SALPICAR,salpicarSm_Prog001.mp4,salpicarSm_Prog001.jpg,cg04.jpg,OK,imagem=ERRO | mao=OK
1036,SALSICHA,salsichaSm_Prog001.mp4,salsichaSm_Prog001.jpg,cg49.jpg,OK,imagem=ERRO | mao=OK
7496,SALTAR1,saltar1Sm_Prog001.mp4,saltar1Sm_Prog001.jpg,cg30.jpg,OK,imagem=ERRO | mao=OK
7497,SALTAR2,saltar2Sm_Prog001.mp4,saltar2Sm_Prog001.jpg,cg22b.jpg,OK,imagem=ERRO | mao=OK
5737,SALTO,saltoSm_Prog001.mp4,saltoSm_Prog001.jpg,cg24.jpg,OK,imagem=ERRO | mao=OK
6500,SALTO ALTO,salto-altoSm_Prog001.mp4,salto-altoSm_Prog001.jpg,cg40.jpg,ERRO,video_download_falhou
5738,SALVA-VIDAS,salva-vidaSm_Prog001.mp4,salva-vidaSm_Prog001.jpg,cg14.jpg,OK,imagem=ERRO | mao=OK
4775,SALVADOR,salvadorSm_Prog001.mp4,salvadorSm_Prog001.jpg,cg46a.jpg,OK,imagem=ERRO | mao=OK
1037,SALVAR1,salvar1Sm_Prog001.mp4,salvar1Sm_Prog001.jpg,cg47.jpg,OK,imagem=ERRO | mao=OK
1038,SALVAR2,salvar2Sm_Prog001.mp4,salvar2Sm_Prog001.jpg,cg64.jpg,OK,imagem=ERRO | mao=OK
1040,SANDÁLIA,sandalia1Sm_Prog001.mp4,sandalia1Sm_Prog001.jpg,cg08b.jpg,OK,imagem=ERRO | mao=OK
6502,SANDÁLIA DE DEDO,sandalia-de-dedoSm_Prog001.mp4,sandalia-de-dedoSm_Prog001.jpg,cg32.jpg,ERRO,video_download_falhou
1041,SANDUÍCHE,sanduicheSm_Prog001.mp4,sanduicheSm_Prog001.jpg,cg44.jpg,OK,imagem=ERRO | mao=OK
1042,SANFONA,sanfonaSm_Prog001.mp4,sanfonaSm_Prog001.jpg,cg46b.jpg,OK,imagem=ERRO | mao=OK
7498,SANGRAMENTO,sangramentoSm_Prog001.mp4,sangramentoSm_Prog001.jpg,cg64.jpg,OK,imagem=OK | mao=OK
1043,SANGUE,sangueSm_Prog001.mp4,sangueSm_Prog001.jpg,cg15.jpg,OK,imagem=ERRO | mao=OK
3917,SANTA CATARINA,santa-catarinaSm_Prog001.mp4,santa-catarinaSm_Prog001.jpg,cg51a.jpg,ERRO,video_download_falhou
5740,SANTIDADE,santidadeSm_Prog001.mp4,santidadeSm_Prog001.jpg,cg14.jpg,OK,imagem=ERRO | mao=OK
1044,SANTO,santoSm_Prog001.mp4,santoSm_Prog001.jpg,cg14.jpg,OK,imagem=ERRO | mao=OK
3918,SÃO PAULO,sao-pauloSm_Prog001.mp4,sao-pauloSm_Prog001.jpg,cg11.jpg,OK,imagem=ERRO | mao=OK
5727,SAPATEIRO,sapateiroSm_Prog001.mp4,sapateiroSm_Prog001.jpg,cg28.jpg,OK,imagem=ERRO | mao=OK
1045,SAPATO,sapatoSm_Prog001.mp4,sapatoSm_Prog001.jpg,cg28.jpg,OK,imagem=ERRO | mao=OK
1046,SAPATO DE SALTO,sapato-de-saltoSm_Prog001.mp4,sapato-de-saltoSm_Prog001.jpg,cg40.jpg,OK,imagem=ERRO | mao=OK
1047,SAPO,sapoSm_Prog001.mp4,sapoSm_Prog001.jpg,cg53a.jpg,OK,imagem=OK | mao=OK
1048,SAQUE,saqueSm_Prog001.mp4,saqueSm_Prog001.jpg,cg47.jpg,OK,imagem=ERRO | mao=OK
1049,SARAR,sararSm_Prog001.mp4,sararSm_Prog001.jpg,cg02.jpg,OK,imagem=ERRO | mao=OK
6503,SARDAS,sardasSm_Prog001.mp4,sardasSm_Prog001.jpg,cg46a.jpg,OK,imagem=ERRO | mao=OK
7499,SARDENTA,sardentaSm_Prog001.mp4,sardentaSm_Prog001.jpg,cg47.jpg,OK,imagem=ERRO | mao=OK
5741,SARGENTO,sargentoSm_Prog001.mp4,sargentoSm_Prog001.jpg,cg24.jpg,OK,imagem=ERRO | mao=OK
4778,SATANÁS,satanasSm_Prog001.mp4,satanasSm_Prog001.jpg,cg18a.jpg,OK,imagem=ERRO | mao=OK
6504,SATISFAZER,satisfazerSm_Prog001.mp4,satisfazerSm_Prog001.jpg,cg02.jpg,ERRO,video_download_falhou
7500,SATISFEITO,satisfeitoSm_Prog001.mp4,satisfeitoSm_Prog001.jpg,cg64.jpg,OK,imagem=ERRO | mao=OK
5742,SAUDÁVEL,saudavelSm_Prog001.mp4,saudavelSm_Prog001.jpg,cg35a.jpg,OK,imagem=OK | mao=OK
1051,SAÚDE,saudeSm_Prog001.mp4,saudeSm_Prog001.jpg,cg35a.jpg,OK,imagem=OK | mao=OK
6505,SAUNA,saunaSm_Prog001.mp4,saunaSm_Prog001.jpg,cg50.jpg,OK,imagem=OK | mao=OK
6945,SE,seSm_Prog001.mp4,seSm_Prog001.jpg,cg02.jpg,OK,imagem=ERRO | mao=OK
6506,SECADOR DE CABELO,secador-de-cabeloSm_Prog001.mp4,secador-de-cabeloSm_Prog001.jpg,cg15.jpg,OK,imagem=ERRO | mao=OK
6507,SECAR,secarSm_Prog001.mp4,secarSm_Prog001.jpg,cg47.jpg,OK,imagem=ERRO | mao=OK
1053,SECO,secoSm_Prog001.mp4,secoSm_Prog001.jpg,cg46a.jpg,OK,imagem=ERRO | mao=OK
1054,SECRETARIA,secretariaSm_Prog001.mp4,secretariaSm_Prog001.jpg,cg53a.jpg,OK,imagem=ERRO | mao=OK
6508,SECRETÁRIA ELETRÔNICA,secretaria-eletronicaSm_Prog001.mp4,secretaria-eletronicaSm_Prog001.jpg,cg40.jpg,OK,imagem=ERRO | mao=OK
1055,SECRETÁRIO,secretarioSm_Prog001.mp4,secretarioSm_Prog001.jpg,cg52.jpg,OK,imagem=ERRO | mao=OK
6509,SECRETO,secretoSm_Prog001.mp4,secretoSm_Prog001.jpg,cg52.jpg,OK,imagem=ERRO | mao=OK
7501,SÉCULO,seculoSm_Prog001.mp4,seculoSm_Prog001.jpg,cg02.jpg,OK,imagem=ERRO | mao=OK
1056,SEDE1,sedeSm_Prog001.mp4,sedeSm_Prog001.jpg,cg51b.jpg,OK,imagem=ERRO | mao=OK
1057,SEDE2,sede-(e)Sm_Prog001.mp4,sede-(e)Sm_Prog001.jpg,cg34.jpg,ERRO,video_download_falhou
1058,SEDUZIR,seduzirSm_Prog001.mp4,seduzirSm_Prog001.jpg,cg37a.jpg,OK,imagem=ERRO | mao=OK
1059,SEGREDO,segredoSm_Prog001.mp4,segredoSm_Prog001.jpg,cg52.jpg,OK,imagem=ERRO | mao=OK
6510,SEGREGAÇÃO,segregacaoSm_Prog001.mp4,segregacaoSm_Prog001.jpg,cg64.jpg,OK,imagem=ERRO | mao=OK
6511,SEGUINTE,seguinteSm_Prog001.mp4,seguinteSm_Prog001.jpg,cg14.jpg,OK,imagem=ERRO | mao=OK
1060,SEGUIR,seguirSm_Prog001.mp4,seguirSm_Prog001.jpg,cg07.jpg,OK,imagem=ERRO | mao=OK
3933,SEGUNDA-FEIRA,segunda-feiraSm_Prog001.mp4,segunda-feiraSm_Prog001.jpg,cg32.jpg,OK,imagem=ERRO | mao=OK
4779,SEGUNDO,segundoSm_Prog001.mp4,segundoSm_Prog001.jpg,cg08a.jpg,OK,imagem=ERRO | mao=OK
7502,SEGURANÇA1,seguranca1Sm_Prog001.mp4,seguranca1Sm_Prog001.jpg,cg32.jpg,OK,imagem=ERRO | mao=OK
7503,SEGURANÇA2,seguranca2Sm_Prog001.mp4,seguranca2Sm_Prog001.jpg,cg02.jpg,OK,imagem=ERRO | mao=OK
1061,SEGURAR,segurarSm_Prog001.mp4,segurarSm_Prog001.jpg,cg02.jpg,OK,imagem=ERRO | mao=OK
6512,SEGURO,seguroSm_Prog001.mp4,seguroSm_Prog001.jpg,cg48.jpg,OK,imagem=ERRO | mao=OK
1062,SEIO,seioSm_Prog001.mp4,seioSm_Prog001.jpg,cg45.jpg,OK,imagem=ERRO | mao=OK
4780,SEIS,seisSm_Prog001.mp4,seisSm_Prog001.jpg,cg43.jpg,OK,imagem=ERRO | mao=OK
7505,SELEÇÃO,selecaoSm_Prog001.mp4,selecaoSm_Prog001.jpg,cg08b.jpg,OK,imagem=ERRO | mao=OK
6513,SELECIONAR,selecionarSm_Prog001.mp4,selecionarSm_Prog001.jpg,cg08b.jpg,OK,imagem=ERRO | mao=OK
1063,SELO,seloSm_Prog001.mp4,seloSm_Prog001.jpg,cg07.jpg,OK,imagem=ERRO | mao=OK
6514,SELVA,selvaSm_Prog001.mp4,selvaSm_Prog001.jpg,cg47.jpg,OK,imagem=OK | mao=OK
7506,SELVAGEM,selvagemSm_Prog001.mp4,selvagemSm_Prog001.jpg,cg47.jpg,ERRO,video_download_falhou
1064,SEM1,sem1Sm_Prog001.mp4,sem1Sm_Prog001.jpg,cg01.jpg,OK,imagem=ERRO | mao=OK
1066,SEM2,sem2Sm_Prog001.mp4,sem2Sm_Prog001.jpg,cg40.jpg,OK,imagem=ERRO | mao=OK
7507,SEM3,sem3Sm_Prog001.mp4,sem3Sm_Prog001.jpg,cg53a.jpg,OK,imagem=ERRO | mao=OK
1067,SEMÁFORO,semaforoSm_Prog001.mp4,semaforoSm_Prog001.jpg,cg57.jpg,OK,imagem=ERRO | mao=OK
1068,SEMANA,semanaSm_Prog001.mp4,semanaSm_Prog001.jpg,cg14.jpg,OK,imagem=ERRO | mao=OK
7508,SEMBLANTE,semblanteSm_Prog001.mp4,semblanteSm_Prog001.jpg,cg14.jpg,OK,imagem=ERRO | mao=OK
7509,SEMELHANÇA,semelhancaSm_Prog001.mp4,semelhancaSm_Prog001.jpg,cg32.jpg,OK,imagem=ERRO | mao=OK
6515,SEMELHANTE,semelhanteSm_Prog001.mp4,semelhanteSm_Prog001.jpg,cg32.jpg,OK,imagem=ERRO | mao=OK
7510,SEMESTRAL,semestralSm_Prog001.mp4,semestralSm_Prog001.jpg,cg43.jpg,OK,imagem=ERRO | mao=OK
6516,SEMESTRE,semestreSm_Prog001.mp4,semestreSm_Prog001.jpg,cg43.jpg,OK,imagem=ERRO | mao=OK
6517,SEMIFINAL,semifinalSm_Prog001.mp4,semifinalSm_Prog001.jpg,cg32.jpg,OK,imagem=ERRO | mao=OK
1070,SEMPRE,sempreSm_Prog001.mp4,sempreSm_Prog001.jpg,cg32.jpg,OK,imagem=ERRO | mao=OK
1071,SENADOR,senadorSm_Prog001.mp4,senadorSm_Prog001.jpg,cg02.jpg,OK,imagem=ERRO | mao=OK
1072,SENHA,senhaSm_Prog001.mp4,senhaSm_Prog001.jpg,cg52.jpg,OK,imagem=ERRO | mao=OK
4781,SENHOR,senhorSm_Prog001.mp4,senhorSm_Prog001.jpg,cg25.jpg,OK,imagem=ERRO | mao=OK
1073,SENTAR,sentarSm_Prog001.mp4,sentarSm_Prog001.jpg,cg31.jpg,OK,imagem=ERRO | mao=OK
1074,SENTIR,sentirSm_Prog001.mp4,sentirSm_Prog001.jpg,cg46a.jpg,OK,imagem=ERRO | mao=OK
1078,SEPARADO,separadoSm_Prog001.mp4,separadoSm_Prog001.jpg,cg64.jpg,OK,imagem=ERRO | mao=OK
1076,SEPARAR1,separar1Sm_Prog001.mp4,separar1Sm_Prog001.jpg,cg62.jpg,OK,imagem=ERRO | mao=OK
1077,SEPARAR2,separar2Sm_Prog001.mp4,separar2Sm_Prog001.jpg,cg64.jpg,OK,imagem=ERRO | mao=OK
1079,SEPULTURA,sepulturaSm_Prog001.mp4,sepulturaSm_Prog001.jpg,cg61.jpg,OK,imagem=ERRO | mao=OK
4783,SER1,ser1Sm_Prog001.mp4,ser1Sm_Prog001.jpg,cg02.jpg,OK,imagem=ERRO | mao=OK
7090,SER2,ser3Sm_Prog001.mp4,ser3Sm_Prog001.jpg,cg06.jpg,ERRO,video_download_falhou
3919,SERGIPE,sergipeSm_Prog001.mp4,sergipeSm_Prog001.jpg,cg02.jpg,OK,imagem=ERRO | mao=OK
1080,SÉRIE,serieSm_Prog001.mp4,serieSm_Prog001.jpg,cg02.jpg,OK,imagem=ERRO | mao=OK
6518,SERINGA,seringaSm_Prog001.mp4,seringaSm_Prog001.jpg,cg17.jpg,OK,imagem=ERRO | mao=OK
1081,SÉRIO,serioSm_Prog001.mp4,serioSm_Prog001.jpg,cg46a.jpg,OK,imagem=ERRO | mao=OK
6519,SERRAR,serrarSm_Prog001.mp4,serrarSm_Prog001.jpg,cg62.jpg,OK,imagem=ERRO | mao=OK
1083,SERROTE,serroteSm_Prog001.mp4,serroteSm_Prog001.jpg,cg62.jpg,OK,imagem=ERRO | mao=OK
1084,SERVENTE,serventeSm_Prog001.mp4,serventeSm_Prog001.jpg,cg63.jpg,ERRO,video_download_falhou
5751,SERVIÇO,servicoSm_Prog001.mp4,servicoSm_Prog001.jpg,cg08a.jpg,OK,imagem=ERRO | mao=OK
4785,SERVIÇO SOCIAL,servico socialSm_Prog001.mp4,servico socialSm_Prog001.jpg,cg02.jpg,ERRO,video_download_falhou
1085,SERVIR,servirSm_Prog001.mp4,servirSm_Prog001.jpg,cg63.jpg,OK,imagem=ERRO | mao=OK
4786,SESSENTA,sessentaSm_Prog001.mp4,sessentaSm_Prog001.jpg,cg43.jpg,OK,imagem=ERRO | mao=OK
5232,SETE,seteSm_Prog001.mp4,seteSm_Prog001.jpg,cg10.jpg,OK,imagem=ERRO | mao=OK
3932,SETEMBRO,setembroSm_Prog001.mp4,setembroSm_Prog001.jpg,cg20.jpg,OK,imagem=ERRO | mao=OK
5728,SETENTA,setentaSm_Prog001.mp4,setentaSm_Prog001.jpg,cg10.jpg,OK,imagem=ERRO | mao=OK
1086,SEU,seuSm_Prog001.mp4,seuSm_Prog001.jpg,cg11.jpg,OK,imagem=ERRO | mao=OK
4787,SEXO,sexoSm_Prog001.mp4,sexoSm_Prog001.jpg,cg16.jpg,OK,imagem=ERRO | mao=OK
3934,SEXTA-FEIRA,sexta-feiraSm_Prog001.mp4,sexta-feiraSm_Prog001.jpg,cg15.jpg,OK,imagem=ERRO | mao=OK
7511,SEXTO,sextoSm_Prog001.mp4,sextoSm_Prog001.jpg,cg43.jpg,OK,imagem=ERRO | mao=OK
4788,SHAMPOO,shampooSm_Prog001.mp4,shampooSm_Prog001.jpg,cg47.jpg,OK,imagem=OK | mao=OK
1087,SHOPPING,shoppingSm_Prog001.mp4,shoppingSm_Prog001.jpg,cg02.jpg,OK,imagem=ERRO | mao=OK
1088,SHORT,shortSm_Prog001.mp4,shortSm_Prog001.jpg,cg52.jpg,OK,imagem=ERRO | mao=OK
6520,SIGILOSO,sigilosoSm_Prog001.mp4,sigilosoSm_Prog001.jpg,cg52.jpg,OK,imagem=ERRO | mao=OK
7009,SIGNIFICAR,significarSm_Prog001.mp4,significarSm_Prog001.jpg,cg20.jpg,OK,imagem=ERRO | mao=OK
1089,SIGNO,signoSm_Prog001.mp4,signoSm_Prog001.jpg,cg02.jpg,OK,imagem=ERRO | mao=OK
6522,SÍLABA,silabaSm_Prog001.mp4,silabaSm_Prog001.jpg,cg18a.jpg,OK,imagem=ERRO | mao=OK
1090,SILÊNCIO,silencioSm_Prog001.mp4,silencioSm_Prog001.jpg,cg14.jpg,OK,imagem=ERRO | mao=OK
1091,SILENCIOSO,silenciosoSm_Prog001.mp4,silenciosoSm_Prog001.jpg,cg61.jpg,OK,imagem=ERRO | mao=OK
1092,SIM,simSm_Prog001.mp4,simSm_Prog001.jpg,cg02.jpg,OK,imagem=ERRO | mao=OK
1093,SIMPATIA,simpatiaSm_Prog001.mp4,simpatiaSm_Prog001.jpg,cg54.jpg,OK,imagem=ERRO | mao=OK
6523,SIMPLES,simples2Sm_Prog001.mp4,simples2Sm_Prog001.jpg,cg49.jpg,OK,imagem=ERRO | mao=OK
6524,SIMPÓSIO,simposioSm_Prog001.mp4,simposioSm_Prog001.jpg,cg02.jpg,OK,imagem=ERRO | mao=OK
4790,SINAGOGA,sinagogaSm_Prog001.mp4,sinagogaSm_Prog001.jpg,cg61.jpg,OK,imagem=ERRO | mao=OK
1094,SINAL1,sinal1Sm_Prog001.mp4,sinal1Sm_Prog001.jpg,cg57.jpg,OK,imagem=ERRO | mao=OK
1095,SINAL2,sinal2Sm_Prog001.mp4,sinal2Sm_Prog001.jpg,cg14.jpg,OK,imagem=ERRO | mao=OK
1096,SINAL3,sinal3Sm_Prog001.mp4,sinal3Sm_Prog001.jpg,cg05.jpg,OK,imagem=ERRO | mao=OK
1097,SINDICATO,sindicatoSm_Prog001.mp4,sindicatoSm_Prog001.jpg,cg32.jpg,OK,imagem=ERRO | mao=OK
1098,SÍNDROME DE DOWN,sindrome-de-downSm_Prog001.mp4,sindrome-de-downSm_Prog001.jpg,cg60.jpg,ERRO,video_download_falhou
6525,SINISTRO,sinistroSm_Prog001.mp4,sinistroSm_Prog001.jpg,cg62.jpg,OK,imagem=ERRO | mao=OK
1099,SINO,sinoSm_Prog001.mp4,sinoSm_Prog001.jpg,cg57.jpg,OK,imagem=ERRO | mao=OK
6526,SINTETIZAR,sintetizarSm_Prog001.mp4,sintetizarSm_Prog001.jpg,cg57.jpg,OK,imagem=ERRO | mao=OK
1100,SINUCA,sinucaSm_Prog001.mp4,sinucaSm_Prog001.jpg,cg05.jpg,OK,imagem=ERRO | mao=OK
1101,SIRI,siriSm_Prog001.mp4,siriSm_Prog001.jpg,cg26.jpg,OK,imagem=OK | mao=OK
1102,SÍTIO,sitioSm_Prog001.mp4,sitioSm_Prog001.jpg,cg40.jpg,OK,imagem=ERRO | mao=OK
1103,SKATE,skateSm_Prog001.mp4,skateSm_Prog001.jpg,cg24.jpg,OK,imagem=ERRO | mao=OK
1104,SLIDE,slidesSm_Prog001.mp4,slidesSm_Prog001.jpg,cg57.jpg,ERRO,video_download_falhou
1108,SÓ1,so1Sm_Prog001.mp4,so1Sm_Prog001.jpg,cg33.jpg,OK,imagem=ERRO | mao=OK
1105,SÓ2,so2Sm_Prog001.mp4,so2Sm_Prog001.jpg,cg14.jpg,OK,imagem=ERRO | mao=OK
6527,SOB,sobSm_Prog001.mp4,sobSm_Prog001.jpg,cg62.jpg,OK,imagem=ERRO | mao=OK
4793,SOBERANO,soberanoSm_Prog001.mp4,soberanoSm_Prog001.jpg,cg53a.jpg,OK,imagem=ERRO | mao=OK
4794,SOBRADO,sobradoSm_Prog001.mp4,sobradoSm_Prog001.jpg,cg62.jpg,OK,imagem=ERRO | mao=OK
1109,SOBRANCELHA,sobrancelhaSm_Prog001.mp4,sobrancelhaSm_Prog001.jpg,cg14.jpg,OK,imagem=ERRO | mao=OK
1110,SOBRAR,sobrarSm_Prog001.mp4,sobrarSm_Prog001.jpg,cg63.jpg,OK,imagem=ERRO | mao=OK
4795,SOBRE1,sobre1Sm_Prog001.mp4,sobre1Sm_Prog001.jpg,cg39.jpg,OK,imagem=ERRO | mao=OK
4796,SOBRE2,sobre2Sm_Prog001.mp4,sobre2Sm_Prog001.jpg,cg08a.jpg,OK,imagem=ERRO | mao=OK
4797,SOBRE3,sobre3Sm_Prog001.mp4,sobre3Sm_Prog001.jpg,cg11.jpg,OK,imagem=ERRO | mao=OK
6900,SOBRECARREGAR,sobrecarregarSm_Prog001.mp4,sobrecarregarSm_Prog001.jpg,cg64.jpg,OK,imagem=ERRO | mao=OK
6352,SOBREMESA,sobremesaSm_Prog001.mp4,sobremesaSm_Prog001.jpg,cg62.jpg,OK,imagem=ERRO | mao=OK
6528,SOBRESSALTAR-SE,sobressaltarSm_Prog001.mp4,sobressaltarSm_Prog001.jpg,cg63.jpg,ERRO,video_download_falhou
1111,SOBRINHO,sobrinhoSm_Prog001.mp4,sobrinhoSm_Prog001.jpg,cg45.jpg,OK,imagem=ERRO | mao=OK
6529,SOCIAL,socialSm_Prog001.mp4,socialSm_Prog001.jpg,cg02.jpg,OK,imagem=ERRO | mao=OK
1112,SOCIEDADE,sociedadeSm_Prog001.mp4,sociedadeSm_Prog001.jpg,cg64.jpg,OK,imagem=ERRO | mao=OK
1113,SÓCIO,socioSm_Prog001.mp4,socioSm_Prog001.jpg,cg07.jpg,OK,imagem=ERRO | mao=OK
4798,SOCORRER,socorrerSm_Prog001.mp4,socorrerSm_Prog001.jpg,cg62.jpg,OK,imagem=ERRO | mao=OK
1114,SOFÁ,sofaSm_Prog001.mp4,sofaSm_Prog001.jpg,cg50.jpg,OK,imagem=ERRO | mao=OK
4799,SOFÁ DE MADEIRA,sofa_de_madeiraSm_Prog001.mp4,sofa_de_madeiraSm_Prog001.jpg,cg51b.jpg,OK,imagem=ERRO | mao=OK
1115,SOFRER,sofrerSm_Prog001.mp4,sofrerSm_Prog001.jpg,cg39.jpg,OK,imagem=ERRO | mao=OK
1116,SOFRIMENTO,sofrimentoSm_Prog001.mp4,sofrimentoSm_Prog001.jpg,cg39.jpg,ERRO,video_download_falhou
1117,SOGRO,sogroSm_Prog001.mp4,sogroSm_Prog001.jpg,cg02.jpg,OK,imagem=ERRO | mao=OK
1118,SOL,solSm_Prog001.mp4,solSm_Prog001.jpg,cg08a.jpg,OK,imagem=OK | mao=OK
1119,SOLDADO,soldadoSm_Prog001.mp4,soldadoSm_Prog001.jpg,cg61.jpg,OK,imagem=ERRO | mao=OK
1120,SOLETRAR,soletrarSm_Prog001.mp4,soletrarSm_Prog001.jpg,cg47.jpg,OK,imagem=ERRO | mao=OK
6530,SOLICITAR,solicitarSm_Prog001.mp4,solicitarSm_Prog001.jpg,cg62.jpg,OK,imagem=ERRO | mao=OK
5760,SÓLIDO,solidoSm_Prog001.mp4,solidoSm_Prog001.jpg,cg16.jpg,OK,imagem=ERRO | mao=OK
7512,SOLITÁRIO,solitarioSm_Prog001.mp4,solitarioSm_Prog001.jpg,cg14.jpg,OK,imagem=ERRO | mao=OK
1122,SOLTEIRO,solteiroSm_Prog001.mp4,solteiroSm_Prog001.jpg,cg02.jpg,OK,imagem=ERRO | mao=OK
6531,SOLUÇO,solucoSm_Prog001.mp4,solucoSm_Prog001.jpg,cg52.jpg,OK,imagem=ERRO | mao=OK
7513,SOM,somSm_Prog001.mp4,somSm_Prog001.jpg,cg49.jpg,OK,imagem=ERRO | mao=OK
1123,SOMAR,somarSm_Prog001.mp4,somarSm_Prog001.jpg,cg51b.jpg,OK,imagem=ERRO | mao=OK
6532,SOMENTE,somenteSm_Prog001.mp4,somenteSm_Prog001.jpg,cg33.jpg,OK,imagem=ERRO | mao=OK
1124,SONHAR,sonharSm_Prog001.mp4,sonharSm_Prog001.jpg,cg64.jpg,OK,imagem=ERRO | mao=OK
1125,SONHO1,sonho1Sm_Prog001.mp4,sonho1Sm_Prog001.jpg,cg64.jpg,OK,imagem=ERRO | mao=OK
1126,SONHO2,sonho2Sm_Prog001.mp4,sonho2Sm_Prog001.jpg,cg02.jpg,OK,imagem=ERRO | mao=OK
1127,SONO,sonoSm_Prog001.mp4,sonoSm_Prog001.jpg,cg21.jpg,OK,imagem=ERRO | mao=OK
1128,SOPA,sopaSm_Prog001.mp4,sopaSm_Prog001.jpg,cg53b.jpg,OK,imagem=ERRO | mao=OK
1129,SOPRAR1,soprar1Sm_Prog001.mp4,soprar1Sm_Prog001.jpg,,ERRO,video_download_falhou
1130,SOPRAR2,soprar2Sm_Prog001.mp4,soprar2Sm_Prog001.jpg,cg57.jpg,OK,imagem=ERRO | mao=OK
7514,SOROR,sororSm_Prog001.mp4,sororSm_Prog001.jpg,cg63.jpg,OK,imagem=ERRO | mao=OK
1131,SORRIR,sorrirSm_Prog001.mp4,sorrirSm_Prog001.jpg,cg08a.jpg,OK,imagem=ERRO | mao=OK
1132,SORTE,sorteSm_Prog001.mp4,sorteSm_Prog001.jpg,cg08a.jpg,OK,imagem=ERRO | mao=OK
1134,SORTEIO,sorteioSm_Prog001.mp4,sorteioSm_Prog001.jpg,cg20.jpg,OK,imagem=ERRO | mao=OK
1133,SORTUDO,sortudoSm_Prog001.mp4,sortudoSm_Prog001.jpg,cg08a.jpg,OK,imagem=ERRO | mao=OK
1135,SORVETE,sorveteSm_Prog001.mp4,sorveteSm_Prog001.jpg,cg02.jpg,OK,imagem=ERRO | mao=OK
6533,SOVINA,sovinaSm_Prog001.mp4,sovinaSm_Prog001.jpg,cg02.jpg,OK,imagem=ERRO | mao=OK
1136,SOZINHO,sozinhoSm_Prog001.mp4,sozinhoSm_Prog001.jpg,cg33.jpg,OK,imagem=ERRO | mao=OK
1137,SUAR,suarSm_Prog001.mp4,suarSm_Prog001.jpg,cg64.jpg,OK,imagem=ERRO | mao=OK
1138,SUAVE,suaveSm_Prog001.mp4,suaveSm_Prog001.jpg,cg54.jpg,OK,imagem=ERRO | mao=OK
1139,SUBIR1,subir1Sm_Prog001.mp4,subir1Sm_Prog001.jpg,cg32.jpg,OK,imagem=ERRO | mao=OK
1140,SUBIR2,subir2Sm_Prog001.mp4,subir2Sm_Prog001.jpg,cg63.jpg,OK,imagem=ERRO | mao=OK
7515,SUBIR3,subir3Sm_Prog001.mp4,subir3Sm_Prog001.jpg,cg14.jpg,OK,imagem=ERRO | mao=OK
6535,SUBLINHAR,sublinharSm_Prog001.mp4,sublinharSm_Prog001.jpg,cg20.jpg,OK,imagem=ERRO | mao=OK
6536,SUBMERGIR,submergirSm_Prog001.mp4,submergirSm_Prog001.jpg,cg32.jpg,OK,imagem=ERRO | mao=OK
6537,SUBORNAR,subornarSm_Prog001.mp4,subornarSm_Prog001.jpg,cg64.jpg,ERRO,video_download_falhou
4800,SUBORNO,subornoSm_Prog001.mp4,subornoSm_Prog001.jpg,cg64.jpg,OK,imagem=ERRO | mao=OK
1142,SUBSTITUIR,substituirSm_Prog001.mp4,substituirSm_Prog001.jpg,cg07.jpg,OK,imagem=ERRO | mao=OK
7516,SUBTRAÇÃO,subtracaoSm_Prog001.mp4,subtracaoSm_Prog001.jpg,cg14.jpg,OK,imagem=ERRO | mao=OK
1143,SUBTRAIR,subtrairSm_Prog001.mp4,subtrairSm_Prog001.jpg,cg08a.jpg,OK,imagem=ERRO | mao=OK
1144,SUCESSO,sucessoSm_Prog001.mp4,sucessoSm_Prog001.jpg,cg53a.jpg,OK,imagem=ERRO | mao=OK
1145,SUCO,sucoSm_Prog001.mp4,sucoSm_Prog001.jpg,cg02.jpg,OK,imagem=ERRO | mao=OK
3920,SUÉCIA,sueciaSm_Prog001.mp4,sueciaSm_Prog001.jpg,cg24.jpg,OK,imagem=ERRO | mao=OK
1146,SUFOCADO,sufocadoSm_Prog001.mp4,sufocadoSm_Prog001.jpg,cg51b.jpg,OK,imagem=ERRO | mao=OK
1147,SUFOCAR,sufocarSm_Prog001.mp4,sufocarSm_Prog001.jpg,cg51b.jpg,OK,imagem=ERRO | mao=OK
3921,SUÍÇA,suicaSm_Prog001.mp4,suicaSm_Prog001.jpg,cg20.jpg,OK,imagem=ERRO | mao=OK
1148,SUICIDAR,suicidarSm_Prog001.mp4,suicidarSm_Prog001.jpg,cg63.jpg,OK,imagem=ERRO | mao=OK
1149,SUJAR,sujarSm_Prog001.mp4,sujarSm_Prog001.jpg,cg14.jpg,OK,imagem=ERRO | mao=OK
1150,SUJO,sujoSm_Prog001.mp4,sujoSm_Prog001.jpg,cg14.jpg,OK,imagem=OK | mao=OK
1151,SUL,sulSm_Prog001.mp4,sulSm_Prog001.jpg,cg02.jpg,OK,imagem=OK | mao=OK
6539,SUMARIAR,sumariarSm_Prog001.mp4,sumariarSm_Prog001.jpg,cg57.jpg,OK,imagem=ERRO | mao=OK
1152,SUMIR,sumirSm_Prog001.mp4,sumirSm_Prog001.jpg,cg57.jpg,OK,imagem=ERRO | mao=OK
6540,SUNGA,sungaSm_Prog001.mp4,sungaSm_Prog001.jpg,cg08a.jpg,OK,imagem=ERRO | mao=OK
6541,SUOR,suorSm_Prog001.mp4,suorSm_Prog001.jpg,cg14.jpg,OK,imagem=ERRO | mao=OK
4802,SUPERIOR,superiorSm_Prog001.mp4,superiorSm_Prog001.jpg,cg53a.jpg,OK,imagem=ERRO | mao=OK
1153,SUPERMERCADO,supermercadoSm_Prog001.mp4,supermercadoSm_Prog001.jpg,cg02.jpg,OK,imagem=ERRO | mao=OK
1154,SUPERVISOR,supervisorSm_Prog001.mp4,supervisorSm_Prog001.jpg,cg32.jpg,OK,imagem=ERRO | mao=OK
1155,SUPLETIVO,supletivoSm_Prog001.mp4,supletivoSm_Prog001.jpg,cg43.jpg,OK,imagem=ERRO | mao=OK
6544,SURDEZ,surdezSm_Prog001.mp4,surdezSm_Prog001.jpg,cg14.jpg,OK,imagem=ERRO | mao=OK
1156,SURDO1,surdoSm_Prog001.mp4,surdoSm_Prog001.jpg,cg14.jpg,OK,imagem=ERRO | mao=OK
5729,SURDO2,surdo2Sm_Prog001.mp4,surdo2Sm_Prog001.jpg,cg25.jpg,OK,imagem=ERRO | mao=OK
6545,SURFE,surfSm_Prog001.mp4,surfSm_Prog001.jpg,cg24.jpg,OK,imagem=ERRO | mao=OK
6546,SURGIR,surgirSm_Prog001.mp4,surgirSm_Prog001.jpg,cg57.jpg,OK,imagem=ERRO | mao=OK
6547,SURPREENDER,surpreenderSm_Prog001.mp4,surpreenderSm_Prog001.jpg,cg63.jpg,OK,imagem=ERRO | mao=OK
1157,SURPRESA,surpresaSm_Prog001.mp4,surpresaSm_Prog001.jpg,cg63.jpg,OK,imagem=ERRO | mao=OK
5730,SURPRESO,surpresoSm_Prog001.mp4,surpresoSm_Prog001.jpg,cg61.jpg,OK,imagem=ERRO | mao=OK
6548,SURRAR,surrarSm_Prog001.mp4,surrarSm_Prog001.jpg,cg02.jpg,OK,imagem=ERRO | mao=OK
6549,SUSPEITAR,suspeitarSm_Prog001.mp4,suspeitarSm_Prog001.jpg,cg63.jpg,OK,imagem=ERRO | mao=OK
1159,SUSPENDER1,suspender1Sm_Prog001.mp4,suspender1Sm_Prog001.jpg,cg07.jpg,OK,imagem=ERRO | mao=OK
1160,SUSPENDER2,suspender2Sm_Prog001.mp4,suspender2Sm_Prog001.jpg,cg15.jpg,OK,imagem=ERRO | mao=OK
1161,SUSPENDER3,suspender3Sm_Prog001.mp4,suspender3Sm_Prog001.jpg,cg62.jpg,OK,imagem=ERRO | mao=OK
6550,SUSSURRAR,sussurrarSm_Prog001.mp4,sussurrarSm_Prog001.jpg,cg62.jpg,OK,imagem=ERRO | mao=OK
7517,SUSTENTAR,sustentarSm_Prog001.mp4,sustentarSm_Prog001.jpg,cg44.jpg,OK,imagem=ERRO | mao=OK
1163,SUTIÃ,sutiaSm_Prog001.mp4,sutiaSm_Prog001.jpg,cg32.jpg,OK,imagem=ERRO | mao=OK
7067,T,tSm_Prog001.mp4,tSm_Prog001.jpg,cg56.jpg,OK,imagem=ERRO | mao=OK
5435,TABELA1,tabela1Sm_Prog001.mp4,tabela1Sm_Prog001.jpg,cg53a.jpg,OK,imagem=ERRO | mao=OK
5436,TABELA2,tabela2Sm_Prog001.mp4,tabela2Sm_Prog001.jpg,cg02.jpg,OK,imagem=ERRO | mao=OK
6572,TABELIÃO,tabeliaoSm_Prog001.mp4,tabeliaoSm_Prog001.jpg,cg02.jpg,OK,imagem=ERRO | mao=OK
5437,TÁBUA,tabuaSm_Prog001.mp4,tabuaSm_Prog001.jpg,cg18a.jpg,OK,imagem=ERRO | mao=OK
5438,TABUADA,tabuadaSm_Prog001.mp4,tabuadaSm_Prog001.jpg,cg14.jpg,OK,imagem=ERRO | mao=OK
5439,TAÇA1,taca1Sm_Prog001.mp4,taca1Sm_Prog001.jpg,cg01.jpg,OK,imagem=ERRO | mao=OK
5440,TAÇA2,taca2Sm_Prog001.mp4,taca2Sm_Prog001.jpg,cg11.jpg,OK,imagem=ERRO | mao=OK
5441,TACO1,taco1Sm_Prog001.mp4,taco1Sm_Prog001.jpg,cg02.jpg,OK,imagem=ERRO | mao=OK
5572,TACO2,taco2Sm_Prog001.mp4,taco2Sm_Prog001.jpg,cg42.jpg,OK,imagem=ERRO | mao=OK
3722,TAGARELAR,tagarelarSm_Prog001.mp4,tagarelarSm_Prog001.jpg,cg11.jpg,OK,imagem=ERRO | mao=OK
3723,TALCO,talcoSm_Prog001.mp4,talcoSm_Prog001.jpg,cg51a.jpg,OK,imagem=ERRO | mao=OK
5442,TALENTO,talentoSm_Prog001.mp4,talentoSm_Prog001.jpg,cg44.jpg,OK,imagem=ERRO | mao=OK
6573,TALHA,talhaSm_Prog001.mp4,talhaSm_Prog001.jpg,cg08a.jpg,OK,imagem=ERRO | mao=OK
3724,TALVEZ,talvezSm_Prog001.mp4,talvezSm_Prog001.jpg,cg64.jpg,OK,imagem=ERRO | mao=OK
3725,TAMANCO,TAMANCOSm_Prog001.mp4,TAMANCOSm_Prog001.jpg,cg28.jpg,ERRO,video_download_falhou
3726,TAMANDUÁ,tamanduaSm_Prog001.mp4,tamanduaSm_Prog001.jpg,cg02.jpg,OK,imagem=OK | mao=OK
3727,TAMBÉM,tambemSm_Prog001.mp4,tambemSm_Prog001.jpg,cg14.jpg,OK,imagem=ERRO | mao=OK
3729,TAMBOR,tamborSm_Prog001.mp4,tamborSm_Prog001.jpg,cg05.jpg,OK,imagem=ERRO | mao=OK
5573,TAMPA,tampaSm_Prog001.mp4,tampaSm_Prog001.jpg,cg63.jpg,OK,imagem=ERRO | mao=OK
6574,TAMPÃO,tampaoSm_Prog001.mp4,tampaoSm_Prog001.jpg,cg53a.jpg,OK,imagem=OK | mao=OK
5574,TAMPAR,tamparSm_Prog001.mp4,tamparSm_Prog001.jpg,cg63.jpg,OK,imagem=ERRO | mao=OK
5443,TANGA,tangaSm_Prog001.mp4,tangaSm_Prog001.jpg,cg18a.jpg,OK,imagem=ERRO | mao=OK
3730,TANGERINA,tangerinaSm_Prog001.mp4,tangerinaSm_Prog001.jpg,cg52.jpg,OK,imagem=OK | mao=OK
5444,TANTO1,tanto1Sm_Prog001.mp4,tanto1Sm_Prog001.jpg,cg57.jpg,OK,imagem=ERRO | mao=OK
6575,TANTO2,tanto2Sm_Prog001.mp4,tanto2Sm_Prog001.jpg,cg63.jpg,OK,imagem=ERRO | mao=OK
5445,TAPA1,tapa1Sm_Prog001.mp4,tapa1Sm_Prog001.jpg,cg63.jpg,OK,imagem=ERRO | mao=OK
5446,TAPA2,tapa2Sm_Prog001.mp4,tapa2Sm_Prog001.jpg,cg63.jpg,OK,imagem=ERRO | mao=OK
5447,TAPAR,taparSm_Prog001.mp4,taparSm_Prog001.jpg,cg14.jpg,OK,imagem=ERRO | mao=OK
3733,TAPETE,tapeteSm_Prog001.mp4,tapeteSm_Prog001.jpg,cg63.jpg,OK,imagem=ERRO | mao=OK
6576,TAQUICARDIA,taquicardiaSm_Prog001.mp4,taquicardiaSm_Prog001.jpg,cg02.jpg,OK,imagem=ERRO | mao=OK
3735,TARADO,taradoSm_Prog001.mp4,taradoSm_Prog001.jpg,cg56.jpg,OK,imagem=ERRO | mao=OK
3737,TARDE,tardeSm_Prog001.mp4,tardeSm_Prog001.jpg,cg63.jpg,OK,imagem=ERRO | mao=OK
3739,TARTARUGA,tartarugaSm_Prog001.mp4,tartarugaSm_Prog001.jpg,cg07.jpg,OK,imagem=OK | mao=OK
3740,TATU,tatuSm_Prog001.mp4,tatuSm_Prog001.jpg,cg62.jpg,OK,imagem=OK | mao=OK
4612,TATUAGEM,tatuagemSm_Prog001.mp4,tatuagemSm_Prog001.jpg,cg20.jpg,OK,imagem=ERRO | mao=OK
3741,TÁXI,taxiSm_Prog001.mp4,taxiSm_Prog001.jpg,cg53a.jpg,OK,imagem=ERRO | mao=OK
3742,TAXISTA,taxistaSm_Prog001.mp4,taxistaSm_Prog001.jpg,cg53a.jpg,OK,imagem=ERRO | mao=OK
3720,TCHAU,tchauSm_Prog001.mp4,tchauSm_Prog001.jpg,cg64.jpg,OK,imagem=ERRO | mao=OK
4613,TDD,tddSm_Prog001.mp4,tddSm_Prog001.jpg,cg12.jpg,OK,imagem=ERRO | mao=OK
3743,TEATRO,teatroSm_Prog001.mp4,teatroSm_Prog001.jpg,cg35a.jpg,OK,imagem=ERRO | mao=OK
3745,TECLADO,tecladoSm_Prog001.mp4,tecladoSm_Prog001.jpg,cg18a.jpg,OK,imagem=ERRO | mao=OK
6577,TECLAR,teclarSm_Prog001.mp4,teclarSm_Prog001.jpg,cg64.jpg,OK,imagem=ERRO | mao=OK
3744,TÉCNICO,tecnicoSm_Prog001.mp4,tecnicoSm_Prog001.jpg,cg42.jpg,OK,imagem=ERRO | mao=OK
5450,TECNOLOGIA,tecnologiaSm_Prog001.mp4,tecnologiaSm_Prog001.jpg,cg42.jpg,OK,imagem=ERRO | mao=OK
5451,TÉDIO1,tedio1Sm_Prog001.mp4,tedio1Sm_Prog001.jpg,cg61.jpg,OK,imagem=ERRO | mao=OK
7518,TEIA,teiaSm_Prog001.mp4,teiaSm_Prog001.jpg,cg64.jpg,OK,imagem=OK | mao=OK
3746,TEIMOSO1,teimosoSm_Prog001.mp4,teimosoSm_Prog001.jpg,cg16.jpg,OK,imagem=ERRO | mao=OK
6578,TEIMOSO2,teimoso2Sm_Prog001.mp4,teimoso2Sm_Prog001.jpg,cg58.jpg,OK,imagem=ERRO | mao=OK
6579,TEIMOSO3,teimoso3Sm_Prog001.mp4,teimoso3Sm_Prog001.jpg,cg58.jpg,OK,imagem=ERRO | mao=OK
3747,TELEFÉRICO,telefericoSm_Prog001.mp4,telefericoSm_Prog001.jpg,cg14.jpg,OK,imagem=ERRO | mao=OK
3749,TELEFONISTA,telefonistaSm_Prog001.mp4,telefonistaSm_Prog001.jpg,cg08a.jpg,OK,imagem=ERRO | mao=OK
6580,TELEGRAFAR,telegrafarSm_Prog001.mp4,telegrafarSm_Prog001.jpg,cg35a.jpg,OK,imagem=ERRO | mao=OK
3750,TELEGRAMA,telegramaSm_Prog001.mp4,telegramaSm_Prog001.jpg,cg64.jpg,OK,imagem=ERRO | mao=OK
5452,TELESCÓPIO,telescopioSm_Prog001.mp4,telescopioSm_Prog001.jpg,cg42.jpg,OK,imagem=ERRO | mao=OK
3751,TELEVISÃO,televisaoSm_Prog001.mp4,televisaoSm_Prog001.jpg,cg08a.jpg,OK,imagem=ERRO | mao=OK
3752,TELHA,telhaSm_Prog001.mp4,telhaSm_Prog001.jpg,cg07.jpg,OK,imagem=ERRO | mao=OK
3753,TELHADO1,telhadoSm_Prog001.mp4,telhadoSm_Prog001.jpg,cg07.jpg,ERRO,video_download_falhou
3754,TEMA,temaSm_Prog001.mp4,temaSm_Prog001.jpg,cg31.jpg,OK,imagem=ERRO | mao=OK
3756,TEMPERO,temperoSm_Prog001.mp4,temperoSm_Prog001.jpg,cg14.jpg,OK,imagem=ERRO | mao=OK
3757,TEMPESTADE,tempestadeSm_Prog001.mp4,tempestadeSm_Prog001.jpg,cg14.jpg,OK,imagem=OK | mao=OK
4614,TEMPLO,temploSm_Prog001.mp4,temploSm_Prog001.jpg,cg63.jpg,OK,imagem=ERRO | mao=OK
3758,TEMPO1,tempoSm_Prog001.mp4,tempoSm_Prog001.jpg,cg02.jpg,OK,imagem=ERRO | mao=OK
6582,TEMPO2,tempo2Sm_Prog001.mp4,tempo2Sm_Prog001.jpg,cg61.jpg,OK,imagem=ERRO | mao=OK
3759,TEMPO3,tempo3Sm_Prog001.mp4,tempo3Sm_Prog001.jpg,cg14.jpg,OK,imagem=OK | mao=OK
5454,TÊMPORAS,temporasSm_Prog001.mp4,temporasSm_Prog001.jpg,cg14.jpg,OK,imagem=ERRO | mao=OK
5455,TENDA,tendaSm_Prog001.mp4,tendaSm_Prog001.jpg,cg58.jpg,OK,imagem=ERRO | mao=OK
3760,TÊNIS1,tenis1Sm_Prog001.mp4,tenis1Sm_Prog001.jpg,cg02.jpg,OK,imagem=ERRO | mao=OK
3761,TÊNIS2,tenis2Sm_Prog001.mp4,tenis2Sm_Prog001.jpg,cg01.jpg,OK,imagem=ERRO | mao=OK
3764,TENTAR,tentarSm_Prog001.mp4,tentarSm_Prog001.jpg,cg44.jpg,OK,imagem=ERRO | mao=OK
3949,TEORIA,teoriaSm_Prog001.mp4,teoriaSm_Prog001.jpg,cg64.jpg,OK,imagem=ERRO | mao=OK
3765,TER,terSm_Prog001.mp4,terSm_Prog001.jpg,cg08a.jpg,OK,imagem=ERRO | mao=OK
3769,TERCEIRO,terceiroSm_Prog001.mp4,terceiroSm_Prog001.jpg,cg59a.jpg,OK,imagem=ERRO | mao=OK
5456,TERCEIROS,terceirosSm_Prog001.mp4,terceirosSm_Prog001.jpg,cg08a.jpg,ERRO,video_download_falhou
3770,TERMINAR,terminarSm_Prog001.mp4,terminarSm_Prog001.jpg,cg33.jpg,OK,imagem=ERRO | mao=OK
3771,TERMÔMETRO,termometroSm_Prog001.mp4,termometroSm_Prog001.jpg,cg14.jpg,OK,imagem=ERRO | mao=OK
3772,TERNO,ternoSm_Prog001.mp4,ternoSm_Prog001.jpg,cg01.jpg,OK,imagem=ERRO | mao=OK
3773,TERRA1,terra1Sm_Prog001.mp4,terra1Sm_Prog001.jpg,cg47.jpg,OK,imagem=OK | mao=OK
3774,TERRA2,terra2Sm_Prog001.mp4,terra2Sm_Prog001.jpg,cg44.jpg,OK,imagem=ERRO | mao=OK
3775,TERREMOTO,terremotoSm_Prog001.mp4,terremotoSm_Prog001.jpg,cg64.jpg,OK,imagem=OK | mao=OK
6585,TERRENO,terrenoSm_Prog001.mp4,terrenoSm_Prog001.jpg,cg14.jpg,OK,imagem=ERRO | mao=OK
4615,TERRITÓRIO,territorioSm_Prog001.mp4,territorioSm_Prog001.jpg,cg64.jpg,OK,imagem=ERRO | mao=OK
3776,TERROR,terrorSm_Prog001.mp4,terrorSm_Prog001.jpg,cg47.jpg,OK,imagem=ERRO | mao=OK
3778,TESOURA1,tesouraSm_Prog001.mp4,tesouraSm_Prog001.jpg,cg24.jpg,OK,imagem=ERRO | mao=OK
6586,TESOURA2,tesoura2Sm_Prog001.mp4,tesoura2Sm_Prog001.jpg,cg02.jpg,OK,imagem=ERRO | mao=OK
3779,TESOUREIRO,tesoureiroSm_Prog001.mp4,tesoureiroSm_Prog001.jpg,cg11.jpg,OK,imagem=ERRO | mao=OK
5458,TESTA,testaSm_Prog001.mp4,testaSm_Prog001.jpg,cg62.jpg,OK,imagem=ERRO | mao=OK
6587,TESTE AUDIOMÉTRICO,teste_audiometricoSm_Prog001.mp4,teste_audiometricoSm_Prog001.jpg,cg15.jpg,OK,imagem=OK | mao=OK
3868,TESTE1,teste1Sm_Prog001.mp4,teste1Sm_Prog001.jpg,cg44.jpg,OK,imagem=ERRO | mao=OK
3780,TESTE2,jamaisSm_Prog001.mp4,jamaisSm_Prog001.jpg,cg24.jpg,OK,imagem=ERRO | mao=OK
5457,TESTEMUNHA DE JEOVÁ,testemunha_de_jeovaSm_Prog001.mp4,testemunha_de_jeovaSm_Prog001.jpg,cg39.jpg,OK,imagem=ERRO | mao=OK
7519,TESTEMUNHAR,testemunharSm_Prog001.mp4,testemunharSm_Prog001.jpg,cg02.jpg,OK,imagem=ERRO | mao=OK
3783,TETO,tetoSm_Prog001.mp4,tetoSm_Prog001.jpg,cg62.jpg,OK,imagem=ERRO | mao=OK
6588,TETRACAMPEÃO,tetracampeaoSm_Prog001.mp4,tetracampeaoSm_Prog001.jpg,cg02.jpg,OK,imagem=ERRO | mao=OK
3782,TEXTO,textoSm_Prog001.mp4,textoSm_Prog001.jpg,cg05.jpg,OK,imagem=ERRO | mao=OK
3785,TIARA,tiaraSm_Prog001.mp4,tiaraSm_Prog001.jpg,cg08a.jpg,OK,imagem=ERRO | mao=OK
5460,TICO-TICO,tico_ticoSm_Prog001.mp4,tico_ticoSm_Prog001.jpg,cg17.jpg,OK,imagem=ERRO | mao=OK
3786,TIGELA,tigelaSm_Prog001.mp4,tigelaSm_Prog001.jpg,cg53a.jpg,OK,imagem=ERRO | mao=OK
3787,TIGRE,tigreSm_Prog001.mp4,tigreSm_Prog001.jpg,cg47.jpg,OK,imagem=OK | mao=OK
3788,TIJOLO1,tijoloSm_Prog001.mp4,tijoloSm_Prog001.jpg,cg61.jpg,ERRO,video_download_falhou
6589,TIL,tilSm_Prog001.mp4,tilSm_Prog001.jpg,cg14.jpg,OK,imagem=ERRO | mao=OK
5461,TIMBRADO,timbradoSm_Prog001.mp4,timbradoSm_Prog001.jpg,cg63.jpg,OK,imagem=ERRO | mao=OK
3790,TÍMIDO,timidoSm_Prog001.mp4,timidoSm_Prog001.jpg,cg31.jpg,OK,imagem=ERRO | mao=OK
3791,TINTA,tintaSm_Prog001.mp4,tintaSm_Prog001.jpg,cg63.jpg,OK,imagem=ERRO | mao=OK
5462,TÍPICO,tipicoSm_Prog001.mp4,tipicoSm_Prog001.jpg,cg14.jpg,OK,imagem=ERRO | mao=OK
6591,TIPO,tipo2Sm_Prog001.mp4,tipo2Sm_Prog001.jpg,cg14.jpg,OK,imagem=ERRO | mao=OK
3792,TÍQUETE,tiqueteSm_Prog001.mp4,tiqueteSm_Prog001.jpg,cg18a.jpg,OK,imagem=ERRO | mao=OK
5464,TIRA-GOSTO,tira_gostoSm_Prog001.mp4,tira_gostoSm_Prog001.jpg,cg49.jpg,OK,imagem=ERRO | mao=OK
3793,TIRAR,tirarSm_Prog001.mp4,tirarSm_Prog001.jpg,cg07.jpg,OK,imagem=ERRO | mao=OK
3795,TIRO,tiroSm_Prog001.mp4,tiroSm_Prog001.jpg,cg15.jpg,OK,imagem=ERRO | mao=OK
5465,TIROTEIO,tiroteioSm_Prog001.mp4,tiroteioSm_Prog001.jpg,cg08a.jpg,OK,imagem=ERRO | mao=OK
5466,TITULAR,titularSm_Prog001.mp4,titularSm_Prog001.jpg,cg07.jpg,OK,imagem=ERRO | mao=OK
5467,TÍTULO,tituloSm_Prog001.mp4,tituloSm_Prog001.jpg,cg31.jpg,OK,imagem=ERRO | mao=OK
5468,TOALETE,toaleteSm_Prog001.mp4,toaleteSm_Prog001.jpg,cg40.jpg,OK,imagem=OK | mao=OK
6592,TOALHA DE BANHO,toalha2Sm_Prog001.mp4,toalha2Sm_Prog001.jpg,cg02.jpg,OK,imagem=ERRO | mao=OK
3796,TOALHA DE ROSTO,toalha1Sm_Prog001.mp4,toalha1Sm_Prog001.jpg,cg64.jpg,ERRO,video_download_falhou
6593,TOBOGÃ,tobogaSm_Prog001.mp4,tobogaSm_Prog001.jpg,cg08a.jpg,OK,imagem=ERRO | mao=OK
5469,TOCA,toca1Sm_Prog001.mp4,toca1Sm_Prog001.jpg,cg61.jpg,ERRO,video_download_falhou
4616,TOCANTINS,tocantisSm_Prog001.mp4,tocantisSm_Prog001.jpg,cg14.jpg,ERRO,video_download_falhou
3797,TOCAR,tocarSm_Prog001.mp4,tocarSm_Prog001.jpg,cg63.jpg,OK,imagem=ERRO | mao=OK
5470,TOCHA,tochaSm_Prog001.mp4,tochaSm_Prog001.jpg,cg42.jpg,OK,imagem=ERRO | mao=OK
7520,TODO DIA,todo_diaSm_Prog001.mp4,todo_diaSm_Prog001.jpg,cg14.jpg,OK,imagem=ERRO | mao=OK
6595,TODO1,todo1Sm_Prog001.mp4,todo1Sm_Prog001.jpg,cg14.jpg,OK,imagem=ERRO | mao=OK
3798,TODO2,todo2Sm_Prog001.mp4,todo2Sm_Prog001.jpg,cg57.jpg,OK,imagem=ERRO | mao=OK
7019,TODO3,todo3Sm_Prog001.mp4,todo3Sm_Prog001.jpg,cg14.jpg,OK,imagem=ERRO | mao=OK
3799,TOLERAR,tolerarSm_Prog001.mp4,tolerarSm_Prog001.jpg,cg53a.jpg,OK,imagem=ERRO | mao=OK
6596,TOLICE,toliceSm_Prog001.mp4,toliceSm_Prog001.jpg,cg39.jpg,OK,imagem=ERRO | mao=OK
3800,TOLO,toloSm_Prog001.mp4,toloSm_Prog001.jpg,cg39.jpg,OK,imagem=ERRO | mao=OK
3801,TOMADA,tomadaSm_Prog001.mp4,tomadaSm_Prog001.jpg,cg32.jpg,OK,imagem=ERRO | mao=OK
7103,TOMAR1,tomar1Sm_Prog001.mp4,tomar1Sm_Prog001.jpg,cg01.jpg,OK,imagem=ERRO | mao=OK
7104,TOMAR2,tomar2Sm_Prog001.mp4,tomar2Sm_Prog001.jpg,cg14.jpg,OK,imagem=ERRO | mao=OK
6597,TOMARA,tomaraSm_Prog001.mp4,tomaraSm_Prog001.jpg,cg25.jpg,OK,imagem=ERRO | mao=OK
5471,TOMARA-QUE-CAIA,tomara_que_caiaSm_Prog001.mp4,tomara_que_caiaSm_Prog001.jpg,cg57.jpg,OK,imagem=ERRO | mao=OK
3802,TOMATE,tomateSm_Prog001.mp4,tomateSm_Prog001.jpg,cg11.jpg,OK,imagem=OK | mao=OK
4617,TOMBAR,tombarSm_Prog001.mp4,tombarSm_Prog001.jpg,cg32.jpg,OK,imagem=ERRO | mao=OK
6600,TOMBO,tomboSm_Prog001.mp4,tomboSm_Prog001.jpg,cg32.jpg,OK,imagem=ERRO | mao=OK
3803,TONELADA,toneladaSm_Prog001.mp4,toneladaSm_Prog001.jpg,cg14.jpg,OK,imagem=ERRO | mao=OK
3804,TONTO1,tontoSm_Prog001.mp4,tontoSm_Prog001.jpg,cg61.jpg,OK,imagem=ERRO | mao=OK
5472,TONTO2,tonto2Sm_Prog001.mp4,tonto2Sm_Prog001.jpg,cg14.jpg,OK,imagem=ERRO | mao=OK
5473,TOPAR1,topar1Sm_Prog001.mp4,topar1Sm_Prog001.jpg,cg02.jpg,OK,imagem=ERRO | mao=OK
5474,TOPAR2,topar2Sm_Prog001.mp4,topar2Sm_Prog001.jpg,cg14.jpg,OK,imagem=ERRO | mao=OK
3805,TOPLESS,toplessSm_Prog001.mp4,toplessSm_Prog001.jpg,cg07.jpg,OK,imagem=ERRO | mao=OK
6601,TOQUE,toqueSm_Prog001.mp4,toqueSm_Prog001.jpg,cg35a.jpg,OK,imagem=ERRO | mao=OK
7521,TORA,toraSm_Prog001.mp4,toraSm_Prog001.jpg,cg01.jpg,OK,imagem=ERRO | mao=OK
5475,TÓRAX,toraxSm_Prog001.mp4,toraxSm_Prog001.jpg,cg64.jpg,OK,imagem=ERRO | mao=OK
3806,TORCER1,torcer2Sm_Prog001.mp4,torcer2Sm_Prog001.jpg,cg02.jpg,OK,imagem=ERRO | mao=OK
3807,TORCER2,torcer3Sm_Prog001.mp4,torcer3Sm_Prog001.jpg,cg02.jpg,OK,imagem=ERRO | mao=OK
3808,TORCER3,torcer1Sm_Prog001.mp4,torcer1Sm_Prog001.jpg,cg02.jpg,OK,imagem=ERRO | mao=OK
5476,TORCICOLO,torcicoloSm_Prog001.mp4,torcicoloSm_Prog001.jpg,cg02.jpg,OK,imagem=OK | mao=OK
7522,TORCIDA,torcidaSm_Prog001.mp4,torcidaSm_Prog001.jpg,cg47.jpg,OK,imagem=ERRO | mao=OK
3810,TORNADO,tornadoSm_Prog001.mp4,tornadoSm_Prog001.jpg,cg14.jpg,OK,imagem=OK | mao=OK
5477,TORNEIO,torneioSm_Prog001.mp4,torneioSm_Prog001.jpg,cg14.jpg,OK,imagem=ERRO | mao=OK
3811,TORNEIRA,torneiraSm_Prog001.mp4,torneiraSm_Prog001.jpg,cg63.jpg,OK,imagem=ERRO | mao=OK
6602,TORNIQUETE,torniqueteSm_Prog001.mp4,torniqueteSm_Prog001.jpg,cg02.jpg,OK,imagem=ERRO | mao=OK
5478,TORNOZELEIRA,tornozeleiraSm_Prog001.mp4,tornozeleiraSm_Prog001.jpg,cg48.jpg,OK,imagem=ERRO | mao=OK
3812,TORNOZELO,tornozeloSm_Prog001.mp4,tornozeloSm_Prog001.jpg,cg06.jpg,OK,imagem=ERRO | mao=OK
5479,TORÓ,toroSm_Prog001.mp4,toroSm_Prog001.jpg,cg47.jpg,OK,imagem=OK | mao=OK
5480,TORPEDO,torpedoSm_Prog001.mp4,torpedoSm_Prog001.jpg,cg14.jpg,OK,imagem=ERRO | mao=OK
6603,TORRADA,torradaSm_Prog001.mp4,torradaSm_Prog001.jpg,cg01.jpg,OK,imagem=ERRO | mao=OK
5481,TORRE,torreSm_Prog001.mp4,torreSm_Prog001.jpg,cg62.jpg,OK,imagem=ERRO | mao=OK
3813,TORTA,tortaSm_Prog001.mp4,tortaSm_Prog001.jpg,cg01.jpg,OK,imagem=ERRO | mao=OK
5482,TORTO,tortoSm_Prog001.mp4,tortoSm_Prog001.jpg,cg53a.jpg,OK,imagem=ERRO | mao=OK
5483,TOSA,tosaSm_Prog001.mp4,tosaSm_Prog001.jpg,cg01.jpg,OK,imagem=ERRO | mao=OK
6604,TOTAL,totalSm_Prog001.mp4,totalSm_Prog001.jpg,cg02.jpg,OK,imagem=ERRO | mao=OK
6605,TOTÓ,totoSm_Prog001.mp4,totoSm_Prog001.jpg,cg02.jpg,OK,imagem=ERRO | mao=OK
5484,TOUCA,toucaSm_Prog001.mp4,toucaSm_Prog001.jpg,cg08a.jpg,OK,imagem=ERRO | mao=OK
3817,TRABALHADOR,trabalhadorSm_Prog001.mp4,trabalhadorSm_Prog001.jpg,cg08a.jpg,OK,imagem=ERRO | mao=OK
3816,TRABALHAR,trabalharSm_Prog001.mp4,trabalharSm_Prog001.jpg,cg08a.jpg,OK,imagem=ERRO | mao=OK
5485,TRABALHEIRA,trabalheiraSm_Prog001.mp4,trabalheiraSm_Prog001.jpg,cg08a.jpg,OK,imagem=ERRO | mao=OK
3818,TRAÇA,tracaSm_Prog001.mp4,tracaSm_Prog001.jpg,cg19.jpg,OK,imagem=OK | mao=OK
7523,TRADIÇÃO,tradicaoSm_Prog001.mp4,tradicaoSm_Prog001.jpg,cg14.jpg,OK,imagem=ERRO | mao=OK
5486,TRÁFEGO,trafegoSm_Prog001.mp4,trafegoSm_Prog001.jpg,cg64.jpg,OK,imagem=ERRO | mao=OK
5487,TRAFICANTE,traficanteSm_Prog001.mp4,traficanteSm_Prog001.jpg,cg05.jpg,OK,imagem=ERRO | mao=OK
4619,TRÁFICO1,trafico1Sm_Prog001.mp4,trafico1Sm_Prog001.jpg,cg05.jpg,OK,imagem=ERRO | mao=OK
4620,TRÁFICO2,trafico2Sm_Prog001.mp4,trafico2Sm_Prog001.jpg,cg04.jpg,OK,imagem=ERRO | mao=OK
4621,TRAGAR1,tragar1Sm_Prog001.mp4,tragar1Sm_Prog001.jpg,cg51a.jpg,OK,imagem=ERRO | mao=OK
4622,TRAGAR2,tragar2Sm_Prog001.mp4,tragar2Sm_Prog001.jpg,cg24.jpg,OK,imagem=ERRO | mao=OK
7524,TRAIR2,trair2Sm_Prog001.mp4,trair2Sm_Prog001.jpg,cg62.jpg,OK,imagem=ERRO | mao=OK
3822,TRAJE,trajeSm_Prog001.mp4,trajeSm_Prog001.jpg,cg64.jpg,OK,imagem=ERRO | mao=OK
5488,TRAMPOLIM,trampolimSm_Prog001.mp4,trampolimSm_Prog001.jpg,cg24.jpg,OK,imagem=ERRO | mao=OK
6606,TRANÇA,trancaSm_Prog001.mp4,trancaSm_Prog001.jpg,cg25.jpg,OK,imagem=ERRO | mao=OK
6607,TRANCAR,trancarSm_Prog001.mp4,trancarSm_Prog001.jpg,cg63.jpg,OK,imagem=ERRO | mao=OK
3827,TRANQÜILO,tranquiloSm_Prog001.mp4,tranquiloSm_Prog001.jpg,cg63.jpg,OK,imagem=ERRO | mao=OK
7525,TRANQÜILO2,tranquilo2Sm_Prog001.mp4,tranquilo2Sm_Prog001.jpg,cg14.jpg,OK,imagem=ERRO | mao=OK
3828,TRANSA,transaSm_Prog001.mp4,transaSm_Prog001.jpg,cg47.jpg,OK,imagem=ERRO | mao=OK
4624,TRANSAR,transarSm_Prog001.mp4,transarSm_Prog001.jpg,cg47.jpg,OK,imagem=ERRO | mao=OK
6608,TRANSBORDAR,transbordarSm_Prog001.mp4,transbordarSm_Prog001.jpg,cg02.jpg,OK,imagem=ERRO | mao=OK
4623,TRANSCREVER,transcreverSm_Prog001.mp4,transcreverSm_Prog001.jpg,cg32.jpg,OK,imagem=ERRO | mao=OK
5489,TRANSCRIÇÃO,transcricaoSm_Prog001.mp4,transcricaoSm_Prog001.jpg,cg32.jpg,ERRO,video_download_falhou
7526,TRANSFERÊNCIA,transferencia1Sm_Prog001.mp4,transferencia1Sm_Prog001.jpg,cg63.jpg,ERRO,video_download_falhou
3823,TRANSFERIR,transferirSm_Prog001.mp4,transferirSm_Prog001.jpg,cg63.jpg,OK,imagem=ERRO | mao=OK
5490,TRANSFORMAR,transformarSm_Prog001.mp4,transformarSm_Prog001.jpg,cg07.jpg,OK,imagem=ERRO | mao=OK
6609,TRANSFUSÃO,transfusaoSm_Prog001.mp4,transfusaoSm_Prog001.jpg,cg07.jpg,OK,imagem=ERRO | mao=OK
3824,TRANSGRESSÃO,transgressaoSm_Prog001.mp4,transgressaoSm_Prog001.jpg,cg01.jpg,OK,imagem=ERRO | mao=OK
6610,TRÂNSITO,transitoSm_Prog001.mp4,transitoSm_Prog001.jpg,cg02.jpg,OK,imagem=ERRO | mao=OK
5725,TRANSPARÊNCIA,transparenciaSm_Prog001.mp4,transparenciaSm_Prog001.jpg,cg15.jpg,OK,imagem=ERRO | mao=OK
3826,TRANSPIRAR,transpirarSm_Prog001.mp4,transpirarSm_Prog001.jpg,cg42.jpg,ERRO,video_download_falhou
6611,TRANSPORTAR,transportarSm_Prog001.mp4,transportarSm_Prog001.jpg,cg64.jpg,OK,imagem=ERRO | mao=OK
5493,TRANSPORTE,transporteSm_Prog001.mp4,transporteSm_Prog001.jpg,cg07.jpg,OK,imagem=ERRO | mao=OK
5494,TRAPÉZIO,trapezioSm_Prog001.mp4,trapezioSm_Prog001.jpg,cg14.jpg,ERRO,video_download_falhou
6612,TRÁS,trasSm_Prog001.mp4,trasSm_Prog001.jpg,cg07.jpg,OK,imagem=ERRO | mao=OK
5495,TRASEIRO1,traseiro1Sm_Prog001.mp4,traseiro1Sm_Prog001.jpg,cg63.jpg,OK,imagem=ERRO | mao=OK
5496,TRASEIRO2,traseiro2Sm_Prog001.mp4,traseiro2Sm_Prog001.jpg,cg47.jpg,OK,imagem=ERRO | mao=OK
3829,TRATAR,tratarSm_Prog001.mp4,tratarSm_Prog001.jpg,cg63.jpg,OK,imagem=ERRO | mao=OK
3830,TRATOR,tratorSm_Prog001.mp4,tratorSm_Prog001.jpg,cg01.jpg,OK,imagem=ERRO | mao=OK
6613,TRAUMATIZAR,traumatizarSm_Prog001.mp4,traumatizarSm_Prog001.jpg,cg24.jpg,OK,imagem=ERRO | mao=OK
5498,TRAVE,traveSm_Prog001.mp4,traveSm_Prog001.jpg,cg18a.jpg,OK,imagem=ERRO | mao=OK
3832,TRAVESSEIRO,travesseiroSm_Prog001.mp4,travesseiroSm_Prog001.jpg,cg53a.jpg,OK,imagem=ERRO | mao=OK
3834,TRAZER,trazerSm_Prog001.mp4,trazerSm_Prog001.jpg,cg63.jpg,OK,imagem=ERRO | mao=OK
5500,TREINADOR,treinadorSm_Prog001.mp4,treinadorSm_Prog001.jpg,cg42.jpg,OK,imagem=ERRO | mao=OK
6614,TREINAMENTO,treinamentoSm_Prog001.mp4,treinamentoSm_Prog001.jpg,cg63.jpg,OK,imagem=ERRO | mao=OK
3835,TREINAR,treinarSm_Prog001.mp4,treinarSm_Prog001.jpg,cg63.jpg,ERRO,video_download_falhou
3836,TREM,tremSm_Prog001.mp4,tremSm_Prog001.jpg,cg31.jpg,OK,imagem=ERRO | mao=OK
3837,TREMER1,tremer1Sm_Prog001.mp4,tremer1Sm_Prog001.jpg,cg02.jpg,OK,imagem=ERRO | mao=OK
3838,TREMER2,tremer2Sm_Prog001.mp4,tremer2Sm_Prog001.jpg,cg64.jpg,OK,imagem=ERRO | mao=OK
7046,TREMER3,tremer3Sm_Prog001.mp4,tremer3Sm_Prog001.jpg,cg16.jpg,OK,imagem=ERRO | mao=OK
3839,TREMULAR,tremularSm_Prog001.mp4,tremularSm_Prog001.jpg,cg64.jpg,OK,imagem=ERRO | mao=OK
3840,TREPAR,treparSm_Prog001.mp4,treparSm_Prog001.jpg,cg47.jpg,OK,imagem=ERRO | mao=OK
4625,TREPIDAR,trepidarSm_Prog001.mp4,trepidarSm_Prog001.jpg,cg47.jpg,OK,imagem=ERRO | mao=OK
5501,TRÊS1,tres1Sm_Prog001.mp4,tres1Sm_Prog001.jpg,cg59a.jpg,OK,imagem=ERRO | mao=OK
3841,TRÊS2,tres2Sm_Prog001.mp4,tres2Sm_Prog001.jpg,cg59a.jpg,OK,imagem=ERRO | mao=OK
5502,TREVAS,trevasSm_Prog001.mp4,trevasSm_Prog001.jpg,cg02.jpg,OK,imagem=ERRO | mao=OK
5504,TREZENTOS,trezentosSm_Prog001.mp4,trezentosSm_Prog001.jpg,cg42.jpg,OK,imagem=ERRO | mao=OK
3847,TRIBO,triboSm_Prog001.mp4,triboSm_Prog001.jpg,cg47.jpg,OK,imagem=ERRO | mao=OK
3848,TRIBUNAL,tribunalSm_Prog001.mp4,tribunalSm_Prog001.jpg,cg63.jpg,OK,imagem=ERRO | mao=OK
3843,TRICAMPEÃO,tricampeaoSm_Prog001.mp4,tricampeaoSm_Prog001.jpg,cg51b.jpg,OK,imagem=ERRO | mao=OK
5505,TRICICLO,tricicloSm_Prog001.mp4,tricicloSm_Prog001.jpg,cg18a.jpg,OK,imagem=ERRO | mao=OK
3849,TRICOTAR,tricotarSm_Prog001.mp4,tricotarSm_Prog001.jpg,cg14.jpg,OK,imagem=ERRO | mao=OK
5506,TRIDENTE,tridenteSm_Prog001.mp4,tridenteSm_Prog001.jpg,cg59a.jpg,OK,imagem=ERRO | mao=OK
7528,TRIÊNIO,trienioSm_Prog001.mp4,trienioSm_Prog001.jpg,cg59a.jpg,OK,imagem=ERRO | mao=OK
6615,TRIGÊMEOS,trigemeosSm_Prog001.mp4,trigemeosSm_Prog001.jpg,cg09.jpg,OK,imagem=ERRO | mao=OK
5508,TRIMENSAL,trimensalSm_Prog001.mp4,trimensalSm_Prog001.jpg,cg05.jpg,OK,imagem=ERRO | mao=OK
5509,TRIMESTRE,trimestreSm_Prog001.mp4,trimestreSm_Prog001.jpg,cg12.jpg,OK,imagem=ERRO | mao=OK
5510,TRINCA,trincaSm_Prog001.mp4,trincaSm_Prog001.jpg,cg61.jpg,OK,imagem=ERRO | mao=OK
3845,TRINTA,trintaSm_Prog001.mp4,trintaSm_Prog001.jpg,cg42.jpg,OK,imagem=ERRO | mao=OK
5512,TRINTA E TRÊS,trinta_e_tresSm_Prog001.mp4,trinta_e_tresSm_Prog001.jpg,cg59a.jpg,OK,imagem=ERRO | mao=OK
5513,TRIO,trioSm_Prog001.mp4,trioSm_Prog001.jpg,cg59a.jpg,OK,imagem=ERRO | mao=OK
5514,TRIPA,tripaSm_Prog001.mp4,tripaSm_Prog001.jpg,cg49.jpg,OK,imagem=ERRO | mao=OK
5515,TRIPÉ,tripeSm_Prog001.mp4,tripeSm_Prog001.jpg,cg63.jpg,OK,imagem=ERRO | mao=OK
3853,TROCADOR,trocadorSm_Prog001.mp4,trocadorSm_Prog001.jpg,cg05.jpg,OK,imagem=ERRO | mao=OK
3851,TROCAR1,trocar1Sm_Prog001.mp4,trocar1Sm_Prog001.jpg,cg63.jpg,OK,imagem=ERRO | mao=OK
3852,TROCAR2,trocar2Sm_Prog001.mp4,trocar2Sm_Prog001.jpg,cg07.jpg,OK,imagem=ERRO | mao=OK
7540,TROCO,trocoSm_Prog001.mp4,trocoSm_Prog001.jpg,cg63.jpg,OK,imagem=ERRO | mao=OK
3854,TROFÉU,trofeuSm_Prog001.mp4,trofeuSm_Prog001.jpg,cg53a.jpg,OK,imagem=ERRO | mao=OK
5518,TROMBA,trombaSm_Prog001.mp4,trombaSm_Prog001.jpg,cg51a.jpg,OK,imagem=ERRO | mao=OK
6616,TROMBETA,trombetaSm_Prog001.mp4,trombetaSm_Prog001.jpg,cg02.jpg,OK,imagem=ERRO | mao=OK
3855,TRONCO,troncoSm_Prog001.mp4,troncoSm_Prog001.jpg,cg63.jpg,OK,imagem=OK | mao=OK
4626,TROTAR,trotarSm_Prog001.mp4,trotarSm_Prog001.jpg,cg02.jpg,OK,imagem=ERRO | mao=OK
3857,TROVÃO,trovaoSm_Prog001.mp4,trovaoSm_Prog001.jpg,cg64.jpg,OK,imagem=OK | mao=OK
6917,TSC...TSC...,tsc_tscSm_Prog001.mp4,tsc_tscSm_Prog001.jpg,,ERRO,video_download_falhou
3858,TUBARÃO,tubaraoSm_Prog001.mp4,tubaraoSm_Prog001.jpg,cg61.jpg,OK,imagem=OK | mao=OK
3859,TUBERCULOSE,tuberculoseSm_Prog001.mp4,tuberculoseSm_Prog001.jpg,cg02.jpg,OK,imagem=OK | mao=OK
5519,TUBO,tuboSm_Prog001.mp4,tuboSm_Prog001.jpg,cg42.jpg,OK,imagem=ERRO | mao=OK
6617,TUCANO,tucanoSm_Prog001.mp4,tucanoSm_Prog001.jpg,cg18a.jpg,OK,imagem=OK | mao=OK
7105,TUDO BEM,tudo_bemSm_Prog001.mp4,tudo_bemSm_Prog001.jpg,cg57.jpg,OK,imagem=ERRO | mao=OK
3861,TUDO1,tudo1Sm_Prog001.mp4,tudo1Sm_Prog001.jpg,cg56.jpg,OK,imagem=ERRO | mao=OK
3862,TUDO2,tudo2Sm_Prog001.mp4,tudo2Sm_Prog001.jpg,cg53a.jpg,OK,imagem=ERRO | mao=OK
6618,TUDO3,tudo3Sm_Prog001.mp4,tudo3Sm_Prog001.jpg,cg57.jpg,OK,imagem=ERRO | mao=OK
6619,TUFÃO,tufaoSm_Prog001.mp4,tufaoSm_Prog001.jpg,cg14.jpg,OK,imagem=OK | mao=OK
5522,TUMULTO,tumultoSm_Prog001.mp4,tumultoSm_Prog001.jpg,cg64.jpg,OK,imagem=ERRO | mao=OK
5525,TURMA,turmaSm_Prog001.mp4,turmaSm_Prog001.jpg,cg47.jpg,OK,imagem=ERRO | mao=OK
4627,TURQUIA,turquiaSm_Prog001.mp4,turquiaSm_Prog001.jpg,cg18a.jpg,OK,imagem=ERRO | mao=OK
5524,TURVO,turvoSm_Prog001.mp4,turvoSm_Prog001.jpg,cg64.jpg,OK,imagem=ERRO | mao=OK
7068,U,uSm_Prog001.mp4,uSm_Prog001.jpg,cg24.jpg,OK,imagem=ERRO | mao=OK
3952,UAU,uauSm_Prog001.mp4,uauSm_Prog001.jpg,cg64.jpg,OK,imagem=ERRO | mao=OK
7002,UFA,ufaSm_Prog001.mp4,ufaSm_Prog001.jpg,,OK,imagem=ERRO | mao=ERRO
2641,UÍSQUE,uisqueSm_Prog001.mp4,uisqueSm_Prog001.jpg,cg59a.jpg,OK,imagem=ERRO | mao=OK
2642,ÚLCERA,ulceraSm_Prog001.mp4,ulceraSm_Prog001.jpg,cg35a.jpg,OK,imagem=OK | mao=OK
2643,ÚLTIMO1,ultimo1Sm_Prog001.mp4,ultimo1Sm_Prog001.jpg,cg53a.jpg,OK,imagem=ERRO | mao=OK
2644,ÚLTIMO2,ultimo2Sm_Prog001.mp4,ultimo2Sm_Prog001.jpg,cg33.jpg,OK,imagem=ERRO | mao=OK
2645,ULTRAJAR,ultrajarSm_Prog001.mp4,ultrajarSm_Prog001.jpg,cg08a.jpg,OK,imagem=ERRO | mao=OK
5418,ULTRAPASSADO,ultrapassadoSm_Prog001.mp4,ultrapassadoSm_Prog001.jpg,cg22b.jpg,OK,imagem=ERRO | mao=OK
2647,ULTRAPASSAR,ultrapassarSm_Prog001.mp4,ultrapassarSm_Prog001.jpg,cg62.jpg,OK,imagem=ERRO | mao=OK
3955,ULTRASONOGRAFIA,ultrasonografiaSm_Prog001.mp4,ultrasonografiaSm_Prog001.jpg,cg01.jpg,OK,imagem=OK | mao=OK
2648,UM1,um1Sm_Prog001.mp4,um1Sm_Prog001.jpg,cg07.jpg,OK,imagem=ERRO | mao=OK
6918,UM2,um2Sm_Prog001.mp4,um2Sm_Prog001.jpg,cg14.jpg,OK,imagem=ERRO | mao=OK
2649,UMBANDA,umbandaSm_Prog001.mp4,umbandaSm_Prog001.jpg,cg22b.jpg,OK,imagem=ERRO | mao=OK
2650,UMBIGO,umbigoSm_Prog001.mp4,umbigoSm_Prog001.jpg,cg14.jpg,OK,imagem=ERRO | mao=OK
2651,UMEDECER,umedecerSm_Prog001.mp4,umedecerSm_Prog001.jpg,cg44.jpg,OK,imagem=ERRO | mao=OK
2652,UMIDADE,umidadeSm_Prog001.mp4,umidadeSm_Prog001.jpg,cg44.jpg,OK,imagem=ERRO | mao=OK
2653,UNÂNIME,unanimeSm_Prog001.mp4,unanimeSm_Prog001.jpg,cg27.jpg,OK,imagem=ERRO | mao=OK
2654,UNÇÃO,uncaoSm_Prog001.mp4,uncaoSm_Prog001.jpg,cg07.jpg,OK,imagem=ERRO | mao=OK
3982,UNHA,unhaSm_Prog001.mp4,unhaSm_Prog001.jpg,cg15.jpg,OK,imagem=ERRO | mao=OK
5419,UNHAS-DE-FOME,unhas_de_fomeSm_Prog001.mp4,unhas_de_fomeSm_Prog001.jpg,cg02.jpg,ERRO,video_download_falhou
2656,UNIÃO,uniaoSm_Prog001.mp4,uniaoSm_Prog001.jpg,cg49.jpg,OK,imagem=ERRO | mao=OK
2657,ÚNICO,unicoSm_Prog001.mp4,unicoSm_Prog001.jpg,cg14.jpg,OK,imagem=ERRO | mao=OK
2658,UNICÓRNIO,unicornioSm_Prog001.mp4,unicornioSm_Prog001.jpg,cg27.jpg,OK,imagem=OK | mao=OK
7003,UNIDADE,unidadeSm_Prog001.mp4,unidadeSm_Prog001.jpg,cg14.jpg,OK,imagem=ERRO | mao=OK
5421,UNIFICAR,unificarSm_Prog001.mp4,unificarSm_Prog001.jpg,cg49.jpg,OK,imagem=ERRO | mao=OK
2659,UNIFORME,uniformeSm_Prog001.mp4,uniformeSm_Prog001.jpg,cg51a.jpg,OK,imagem=ERRO | mao=OK
2660,UNIGÊNITO,unigenitoSm_Prog001.mp4,unigenitoSm_Prog001.jpg,cg57.jpg,OK,imagem=ERRO | mao=OK
2661,UNIR,unirSm_Prog001.mp4,unirSm_Prog001.jpg,cg49.jpg,OK,imagem=ERRO | mao=OK
5422,UNITÁRIO,unitárioSm_Prog001.mp4,unitárioSm_Prog001.jpg,cg14.jpg,ERRO,video_download_falhou
2663,UNIVERSAL,universalSm_Prog001.mp4,universalSm_Prog001.jpg,cg47.jpg,OK,imagem=ERRO | mao=OK
2662,UNIVERSIDADE,universidadeSm_Prog001.mp4,universidadeSm_Prog001.jpg,cg24.jpg,OK,imagem=ERRO | mao=OK
2664,UNIVERSO,universoSm_Prog001.mp4,universoSm_Prog001.jpg,cg47.jpg,OK,imagem=OK | mao=OK
2665,UNTAR,untarSm_Prog001.mp4,untarSm_Prog001.jpg,cg63.jpg,OK,imagem=ERRO | mao=OK
2666,URBANO,urbanoSm_Prog001.mp4,urbanoSm_Prog001.jpg,cg64.jpg,OK,imagem=ERRO | mao=OK
2669,URGENTE,urgenteSm_Prog001.mp4,urgenteSm_Prog001.jpg,cg51a.jpg,OK,imagem=ERRO | mao=OK
2668,URINA,urinaSm_Prog001.mp4,urinaSm_Prog001.jpg,cg40.jpg,OK,imagem=ERRO | mao=OK
5423,URNA1,urnaSm_Prog001.mp4,urnaSm_Prog001.jpg,cg52.jpg,ERRO,video_download_falhou
5424,URNA2,urna_eletronicaSm_Prog001.mp4,urna_eletronicaSm_Prog001.jpg,cg52.jpg,ERRO,video_download_falhou
2671,URSO1,ursoSm_Prog001.mp4,ursoSm_Prog001.jpg,cg24.jpg,OK,imagem=OK | mao=OK
7037,URSO2,urso2Sm_Prog001.mp4,urso2Sm_Prog001.jpg,cg18a.jpg,OK,imagem=OK | mao=OK
3987,URUBU,urubuSm_Prog001.mp4,urubuSm_Prog001.jpg,cg16.jpg,OK,imagem=OK | mao=OK
3922,URUGUAI,uruguaiSm_Prog001.mp4,uruguaiSm_Prog001.jpg,cg24.jpg,OK,imagem=ERRO | mao=OK
2673,USADO,usadoSm_Prog001.mp4,usadoSm_Prog001.jpg,cg24.jpg,OK,imagem=ERRO | mao=OK
2681,ÚTERO,uteroSm_Prog001.mp4,uteroSm_Prog001.jpg,cg50.jpg,OK,imagem=ERRO | mao=OK
2682,ÚTIL,utilSm_Prog001.mp4,utilSm_Prog001.jpg,cg38.jpg,OK,imagem=ERRO | mao=OK
2685,UVA,uvaSm_Prog001.mp4,uvaSm_Prog001.jpg,cg49.jpg,OK,imagem=OK | mao=OK
7069,V,vSm_Prog001.mp4,vSm_Prog001.jpg,cg32.jpg,OK,imagem=ERRO | mao=OK
2511,VACA,vacaSm_Prog001.mp4,vacaSm_Prog001.jpg,cg40.jpg,OK,imagem=OK | mao=OK
4343,VACILAR,vacilarSm_Prog001.mp4,vacilarSm_Prog001.jpg,cg63.jpg,OK,imagem=ERRO | mao=OK
2512,VACINA,vacinaSm_Prog001.mp4,vacinaSm_Prog001.jpg,cg10.jpg,OK,imagem=ERRO | mao=OK
4989,VACINAR1,vacinar1Sm_Prog001.mp4,vacinar1Sm_Prog001.jpg,cg10.jpg,OK,imagem=ERRO | mao=OK
6877,VACINAR2,vacinar2Sm_Prog001.mp4,vacinar2Sm_Prog001.jpg,cg21.jpg,OK,imagem=ERRO | mao=OK
4346,VADIAR,vadiarSm_Prog001.mp4,vadiarSm_Prog001.jpg,cg27.jpg,OK,imagem=ERRO | mao=OK
4345,VADIO,vadiaSm_Prog001.mp4,vadiaSm_Prog001.jpg,cg63.jpg,OK,imagem=ERRO | mao=OK
2513,VAGA,vagaSm_Prog001.mp4,vagaSm_Prog001.jpg,cg32.jpg,OK,imagem=ERRO | mao=OK
2514,VAGA-LUME,vaga-lumeSm_Prog001.mp4,vaga-lumeSm_Prog001.jpg,cg57.jpg,OK,imagem=OK | mao=OK
2515,VAGABUNDO,vagabundoSm_Prog001.mp4,vagabundoSm_Prog001.jpg,cg63.jpg,OK,imagem=ERRO | mao=OK
4347,VAGÃO,vagaoSm_Prog001.mp4,vagaoSm_Prog001.jpg,cg31.jpg,OK,imagem=ERRO | mao=OK
2516,VAGEM1,vagemSm_Prog001.mp4,vagemSm_Prog001.jpg,cg32.jpg,ERRO,video_download_falhou
7530,VAGEM2,vagem2Sm_Prog001.mp4,vagem2Sm_Prog001.jpg,cg22b.jpg,OK,imagem=ERRO | mao=OK
2517,VAGINA1,vaginaSm_Prog001.mp4,vaginaSm_Prog001.jpg,cg55.jpg,OK,imagem=ERRO | mao=OK
6859,VAGINA2,vagina2Sm_Prog001.mp4,vagina2Sm_Prog001.jpg,cg55.jpg,OK,imagem=ERRO | mao=OK
4348,VAGOROSO,vagarosoSm_Prog001.mp4,vagarosoSm_Prog001.jpg,cg44.jpg,ERRO,video_download_falhou
2518,VAIAR,vaiarSm_Prog001.mp4,vaiarSm_Prog001.jpg,cg08a.jpg,OK,imagem=ERRO | mao=OK
2519,VAIDOSO1,vaidoso1Sm_Prog001.mp4,vaidoso1Sm_Prog001.jpg,cg49.jpg,OK,imagem=ERRO | mao=OK
5385,VAIDOSO2,vaidoso2Sm_Prog001.mp4,vaidoso2Sm_Prog001.jpg,cg40.jpg,OK,imagem=ERRO | mao=OK
2521,VAIVÉM,vaivemSm_Prog001.mp4,vaivemSm_Prog001.jpg,cg14.jpg,OK,imagem=ERRO | mao=OK
2522,VALA,valaSm_Prog001.mp4,valaSm_Prog001.jpg,cg62.jpg,OK,imagem=ERRO | mao=OK
4361,VALE,vale3Sm_Prog001.mp4,vale3Sm_Prog001.jpg,cg32.jpg,OK,imagem=ERRO | mao=OK
2524,VALE TRANSPORTE,vale2Sm_Prog001.mp4,vale2Sm_Prog001.jpg,cg08b.jpg,OK,imagem=ERRO | mao=OK
4360,VALE-REFEIÇÃO,vale1Sm_Prog001.mp4,vale1Sm_Prog001.jpg,cg50.jpg,OK,imagem=ERRO | mao=OK
4350,VALENTE,valenteSm_Prog001.mp4,valenteSm_Prog001.jpg,cg58.jpg,OK,imagem=ERRO | mao=OK
4351,VALER1,valer1Sm_Prog001.mp4,valer1Sm_Prog001.jpg,cg20.jpg,OK,imagem=ERRO | mao=OK
4353,VALER3,valer3Sm_Prog001.mp4,valer3Sm_Prog001.jpg,cg07.jpg,OK,imagem=ERRO | mao=OK
2526,VALIDADE,validadeSm_Prog001.mp4,validadeSm_Prog001.jpg,cg61.jpg,OK,imagem=ERRO | mao=OK
4355,VALIOSO,valiosoSm_Prog001.mp4,valiosoSm_Prog001.jpg,cg20.jpg,OK,imagem=ERRO | mao=OK
4356,VALISE,valiseSm_Prog001.mp4,valiseSm_Prog001.jpg,cg02.jpg,OK,imagem=ERRO | mao=OK
2527,VALOR1,valor1Sm_Prog001.mp4,valor1Sm_Prog001.jpg,cg32.jpg,OK,imagem=ERRO | mao=OK
2528,VALOR2,valor2Sm_Prog001.mp4,valor2Sm_Prog001.jpg,cg20.jpg,OK,imagem=ERRO | mao=OK
4357,VALORIZAR,valorizarSm_Prog001.mp4,valorizarSm_Prog001.jpg,cg20.jpg,OK,imagem=ERRO | mao=OK
2529,VALSA,valsaSm_Prog001.mp4,valsaSm_Prog001.jpg,cg64.jpg,OK,imagem=ERRO | mao=OK
2530,VAMPIRO,vampiroSm_Prog001.mp4,vampiroSm_Prog001.jpg,cg15.jpg,OK,imagem=ERRO | mao=OK
4358,VAN,vanSm_Prog001.mp4,vanSm_Prog001.jpg,cg57.jpg,OK,imagem=ERRO | mao=OK
2531,VANDALISMO,vandalismoSm_Prog001.mp4,vandalismoSm_Prog001.jpg,cg02.jpg,OK,imagem=ERRO | mao=OK
4359,VÂNDALO,vandaloSm_Prog001.mp4,vandaloSm_Prog001.jpg,cg02.jpg,OK,imagem=ERRO | mao=OK
2533,VAPOR,vaporSm_Prog001.mp4,vaporSm_Prog001.jpg,cg57.jpg,OK,imagem=ERRO | mao=OK
4363,VAPORIZAR,vaporizarSm_Prog001.mp4,vaporizarSm_Prog001.jpg,cg57.jpg,OK,imagem=ERRO | mao=OK
4365,VAQUINHA,vaquinhaSm_Prog001.mp4,vaquinhaSm_Prog001.jpg,cg20.jpg,OK,imagem=ERRO | mao=OK
2534,VARA,varaSm_Prog001.mp4,varaSm_Prog001.jpg,cg42.jpg,OK,imagem=OK | mao=OK
2535,VARAL,varalSm_Prog001.mp4,varalSm_Prog001.jpg,cg20.jpg,OK,imagem=ERRO | mao=OK
4366,VARANDA,varandaSm_Prog001.mp4,varandaSm_Prog001.jpg,cg62.jpg,OK,imagem=ERRO | mao=OK
6808,VAREJAR,varejarSm_Prog001.mp4,varejarSm_Prog001.jpg,cg05.jpg,OK,imagem=ERRO | mao=OK
4367,VAREJO,varejoSm_Prog001.mp4,varejoSm_Prog001.jpg,cg13.jpg,OK,imagem=ERRO | mao=OK
6809,VARETA,varetaSm_Prog001.mp4,varetaSm_Prog001.jpg,cg49.jpg,OK,imagem=ERRO | mao=OK
4368,VARIÁVEL,variavelSm_Prog001.mp4,variavelSm_Prog001.jpg,cg26.jpg,OK,imagem=ERRO | mao=OK
4369,VARICELA,varicelaSm_Prog001.mp4,varicelaSm_Prog001.jpg,cg47.jpg,OK,imagem=OK | mao=OK
4371,VARIEDADE,variedadeSm_Prog001.mp4,variedadeSm_Prog001.jpg,cg26.jpg,OK,imagem=ERRO | mao=OK
3999,VÁRIOS1,variarSm_Prog001.mp4,variarSm_Prog001.jpg,cg27.jpg,ERRO,video_download_falhou
7034,VÁRIOS2,varios2Sm_Prog001.mp4,varios2Sm_Prog001.jpg,cg28.jpg,OK,imagem=ERRO | mao=OK
2538,VARRER,varrerSm_Prog001.mp4,varrerSm_Prog001.jpg,cg02.jpg,OK,imagem=ERRO | mao=OK
4372,VASCOLEJAR,vascolejarSm_Prog001.mp4,vascolejarSm_Prog001.jpg,cg51b.jpg,OK,imagem=ERRO | mao=OK
2539,VASCULHAR,vasculharSm_Prog001.mp4,vasculharSm_Prog001.jpg,cg14.jpg,OK,imagem=ERRO | mao=OK
4990,VASECTOMIA,vasectomiaSm_Prog001.mp4,vasectomiaSm_Prog001.jpg,cg32.jpg,ERRO,video_download_falhou
4374,VASILHA,vasilhaSm_Prog001.mp4,vasilhaSm_Prog001.jpg,cg51b.jpg,OK,imagem=ERRO | mao=OK
2540,VASO,vasoSm_Prog001.mp4,vasoSm_Prog001.jpg,cg47.jpg,OK,imagem=ERRO | mao=OK
2541,VASO SANITÁRIO,vaso-sanitarioSm_Prog001.mp4,vaso-sanitarioSm_Prog001.jpg,cg01.jpg,OK,imagem=ERRO | mao=OK
2542,VASSOURA,vassouraSm_Prog001.mp4,vassouraSm_Prog001.jpg,cg02.jpg,OK,imagem=OK | mao=OK
4375,VASSOURADA,vassouradaSm_Prog001.mp4,vassouradaSm_Prog001.jpg,cg01.jpg,OK,imagem=ERRO | mao=OK
2543,VAZAMENTO,vazamentoSm_Prog001.mp4,vazamentoSm_Prog001.jpg,cg64.jpg,OK,imagem=ERRO | mao=OK
4379,VAZAR1,vazar1Sm_Prog001.mp4,vazar1Sm_Prog001.jpg,cg63.jpg,OK,imagem=ERRO | mao=OK
4380,VAZAR2,vazar2Sm_Prog001.mp4,vazar2Sm_Prog001.jpg,cg57.jpg,OK,imagem=ERRO | mao=OK
4381,VAZAR3,vazar3Sm_Prog001.mp4,vazar3Sm_Prog001.jpg,cg64.jpg,OK,imagem=ERRO | mao=OK
2544,VAZIO1,vazioSm_Prog001.mp4,vazioSm_Prog001.jpg,cg08a.jpg,OK,imagem=ERRO | mao=OK
7531,VAZIO2,vazio2Sm_Prog001.mp4,vazio2Sm_Prog001.jpg,cg47.jpg,OK,imagem=ERRO | mao=OK
2545,VEADO,veadoSm_Prog001.mp4,veadoSm_Prog001.jpg,cg47.jpg,OK,imagem=OK | mao=OK
4382,VEDAR1,vedar1Sm_Prog001.mp4,vedar1Sm_Prog001.jpg,cg63.jpg,OK,imagem=ERRO | mao=OK
4383,VEDAR2,vedar2Sm_Prog001.mp4,vedar2Sm_Prog001.jpg,cg07.jpg,OK,imagem=ERRO | mao=OK
4384,VEDAR3,vedar3Sm_Prog001.mp4,vedar3Sm_Prog001.jpg,cg07.jpg,OK,imagem=ERRO | mao=OK
2546,VEGETAÇÃO,vegetacaoSm_Prog001.mp4,vegetacaoSm_Prog001.jpg,cg47.jpg,OK,imagem=OK | mao=OK
4385,VEGETARIANO,vegetarianoSm_Prog001.mp4,vegetarianoSm_Prog001.jpg,cg34.jpg,OK,imagem=ERRO | mao=OK
2547,VEIA,veiaSm_Prog001.mp4,veiaSm_Prog001.jpg,cg14.jpg,OK,imagem=ERRO | mao=OK
4386,VEÍCULO,veiculoSm_Prog001.mp4,veiculoSm_Prog001.jpg,cg07.jpg,OK,imagem=ERRO | mao=OK
2548,VELA,velaSm_Prog001.mp4,velaSm_Prog001.jpg,cg57.jpg,OK,imagem=ERRO | mao=OK
4388,VELEIRO,veleiroSm_Prog001.mp4,veleiroSm_Prog001.jpg,cg63.jpg,OK,imagem=ERRO | mao=OK
4389,VELEJAR,velejarSm_Prog001.mp4,velejarSm_Prog001.jpg,cg63.jpg,OK,imagem=ERRO | mao=OK
2549,VELHO1,velho1Sm_Prog001.mp4,velho1Sm_Prog001.jpg,cg02.jpg,OK,imagem=ERRO | mao=OK
2550,VELHO2,velho2Sm_Prog001.mp4,velho2Sm_Prog001.jpg,cg02.jpg,OK,imagem=ERRO | mao=OK
2551,VELOCIDADE,velocidadeSm_Prog001.mp4,velocidadeSm_Prog001.jpg,cg64.jpg,OK,imagem=ERRO | mao=OK
2552,VELOCÍMETRO,velocimetroSm_Prog001.mp4,velocimetroSm_Prog001.jpg,cg12.jpg,OK,imagem=ERRO | mao=OK
4390,VELOCÍPEDE,velocipedeSm_Prog001.mp4,velocipedeSm_Prog001.jpg,cg02.jpg,OK,imagem=ERRO | mao=OK
2553,VELOZ,velozSm_Prog001.mp4,velozSm_Prog001.jpg,cg64.jpg,OK,imagem=ERRO | mao=OK
2554,VELUDO,veludoSm_Prog001.mp4,veludoSm_Prog001.jpg,cg57.jpg,OK,imagem=ERRO | mao=OK
2556,VENCEDOR,vencedorSm_Prog001.mp4,vencedorSm_Prog001.jpg,cg08a.jpg,OK,imagem=ERRO | mao=OK
2555,VENCER1,vencerSm_Prog001.mp4,vencerSm_Prog001.jpg,cg22b.jpg,OK,imagem=ERRO | mao=OK
4392,VENCER2,vencer2Sm_Prog001.mp4,vencer2Sm_Prog001.jpg,cg62.jpg,OK,imagem=ERRO | mao=OK
2557,VENCIMENTO,vencimentoSm_Prog001.mp4,vencimentoSm_Prog001.jpg,cg63.jpg,OK,imagem=ERRO | mao=OK
2558,VENDA,vendaSm_Prog001.mp4,vendaSm_Prog001.jpg,cg18a.jpg,OK,imagem=ERRO | mao=OK
4393,VENDAVAL,vendavalSm_Prog001.mp4,vendavalSm_Prog001.jpg,cg32.jpg,OK,imagem=OK | mao=OK
2559,VENDEDOR,vendedorSm_Prog001.mp4,vendedorSm_Prog001.jpg,cg13.jpg,OK,imagem=ERRO | mao=OK
2560,VENDER,venderSm_Prog001.mp4,venderSm_Prog001.jpg,cg13.jpg,OK,imagem=ERRO | mao=OK
2561,VENENO,venenoSm_Prog001.mp4,venenoSm_Prog001.jpg,cg32.jpg,OK,imagem=ERRO | mao=OK
4394,VENENOSO,venenosoSm_Prog001.mp4,venenosoSm_Prog001.jpg,cg32.jpg,OK,imagem=ERRO | mao=OK
4395,VENERAR,venerarSm_Prog001.mp4,venerarSm_Prog001.jpg,cg62.jpg,OK,imagem=ERRO | mao=OK
2562,VENEZIANA,venezianaSm_Prog001.mp4,venezianaSm_Prog001.jpg,cg62.jpg,OK,imagem=ERRO | mao=OK
3923,VENEZUELA,venezuelaSm_Prog001.mp4,venezuelaSm_Prog001.jpg,cg32.jpg,OK,imagem=ERRO | mao=OK
4398,VENTANIA,ventaniaSm_Prog001.mp4,ventaniaSm_Prog001.jpg,cg32.jpg,OK,imagem=OK | mao=OK
4397,VENTAR,ventarSm_Prog001.mp4,ventarSm_Prog001.jpg,cg32.jpg,OK,imagem=ERRO | mao=OK
4399,VENTAROLA,ventarolaSm_Prog001.mp4,ventarolaSm_Prog001.jpg,cg58.jpg,OK,imagem=ERRO | mao=OK
2563,VENTILADOR,ventiladorSm_Prog001.mp4,ventiladorSm_Prog001.jpg,cg64.jpg,OK,imagem=ERRO | mao=OK
2564,VENTILADOR DE TETO,ventilador de tetoSm_Prog001.mp4,ventilador de tetoSm_Prog001.jpg,cg64.jpg,ERRO,video_download_falhou
2565,VENTO,ventoSm_Prog001.mp4,ventoSm_Prog001.jpg,cg32.jpg,OK,imagem=OK | mao=OK
4401,VENTRE,ventreSm_Prog001.mp4,ventreSm_Prog001.jpg,cg63.jpg,OK,imagem=ERRO | mao=OK
6657,VER-NÃO,ver_naoSm_Prog001.mp4,ver_naoSm_Prog001.jpg,cg63.jpg,OK,imagem=ERRO | mao=OK
2566,VER1,verSm_Prog001.mp4,verSm_Prog001.jpg,cg14.jpg,ERRO,video_download_falhou
2567,VER2,ver2Sm_Prog001.mp4,ver2Sm_Prog001.jpg,cg32.jpg,OK,imagem=ERRO | mao=OK
2568,VERÃO,veraoSm_Prog001.mp4,veraoSm_Prog001.jpg,cg63.jpg,OK,imagem=ERRO | mao=OK
2569,VERBA,verbaSm_Prog001.mp4,verbaSm_Prog001.jpg,cg50.jpg,OK,imagem=ERRO | mao=OK
4404,VERBAL,verbalSm_Prog001.mp4,verbalSm_Prog001.jpg,cg14.jpg,OK,imagem=ERRO | mao=OK
4405,VERBETE,verbeteSm_Prog001.mp4,verbeteSm_Prog001.jpg,cg18a.jpg,OK,imagem=ERRO | mao=OK
2570,VERBO1,verbo1Sm_Prog001.mp4,verbo1Sm_Prog001.jpg,cg32.jpg,OK,imagem=ERRO | mao=OK
4406,VERBO2,verbo2Sm_Prog001.mp4,verbo2Sm_Prog001.jpg,cg32.jpg,OK,imagem=ERRO | mao=OK
4407,VERBO3,verbo3Sm_Prog001.mp4,verbo3Sm_Prog001.jpg,cg62.jpg,OK,imagem=ERRO | mao=OK
4408,VERBO4,verbo4Sm_Prog001.mp4,verbo4Sm_Prog001.jpg,cg32.jpg,OK,imagem=ERRO | mao=OK
2571,VERDADE,verdadeSm_Prog001.mp4,verdadeSm_Prog001.jpg,cg34.jpg,OK,imagem=ERRO | mao=OK
6914,VERDADEIRO,verdadeiroSm_Prog001.mp4,verdadeiroSm_Prog001.jpg,cg34.jpg,OK,imagem=ERRO | mao=OK
2572,VERDE,verdeSm_Prog001.mp4,verdeSm_Prog001.jpg,cg32.jpg,OK,imagem=ERRO | mao=OK
2573,VERDURAS,verdurasSm_Prog001.mp4,verdurasSm_Prog001.jpg,cg47.jpg,OK,imagem=OK | mao=OK
2574,VEREADOR,vereadorSm_Prog001.mp4,vereadorSm_Prog001.jpg,cg32.jpg,ERRO,video_download_falhou
4992,VERGAMOTA,vergamotaSm_Prog001.mp4,vergamotaSm_Prog001.jpg,cg44.jpg,OK,imagem=OK | mao=OK
4410,VERÍDICO,veridicoSm_Prog001.mp4,veridicoSm_Prog001.jpg,cg34.jpg,OK,imagem=ERRO | mao=OK
2576,VERIFICAR,verificarSm_Prog001.mp4,verificarSm_Prog001.jpg,cg14.jpg,OK,imagem=ERRO | mao=OK
2577,VERME,vermeSm_Prog001.mp4,vermeSm_Prog001.jpg,cg15.jpg,OK,imagem=OK | mao=OK
4411,VERMELHÃO,vermelhaoSm_Prog001.mp4,vermelhaoSm_Prog001.jpg,cg11.jpg,OK,imagem=ERRO | mao=OK
2578,VERMELHO,vermelhoSm_Prog001.mp4,vermelhoSm_Prog001.jpg,cg14.jpg,OK,imagem=ERRO | mao=OK
6878,VERNISSAGE,vernissageSm_Prog001.mp4,vernissageSm_Prog001.jpg,cg39.jpg,OK,imagem=ERRO | mao=OK
4414,VERNIZ,vernizSm_Prog001.mp4,vernizSm_Prog001.jpg,cg62.jpg,OK,imagem=ERRO | mao=OK
2581,VERRUGA,verrugaSm_Prog001.mp4,verrugaSm_Prog001.jpg,cg45.jpg,OK,imagem=ERRO | mao=OK
4417,VERSO,verso1Sm_Prog001.mp4,verso1Sm_Prog001.jpg,cg21.jpg,ERRO,video_download_falhou
4419,VÉRTEBRA,vertebraSm_Prog001.mp4,vertebraSm_Prog001.jpg,cg21.jpg,OK,imagem=ERRO | mao=OK
2582,VERTEBRADOS,vertebradosSm_Prog001.mp4,vertebradosSm_Prog001.jpg,cg19.jpg,OK,imagem=ERRO | mao=OK
4420,VERTER,verterSm_Prog001.mp4,verterSm_Prog001.jpg,cg32.jpg,OK,imagem=ERRO | mao=OK
4421,VERTICAL,verticalSm_Prog001.mp4,verticalSm_Prog001.jpg,cg61.jpg,OK,imagem=ERRO | mao=OK
2583,VERTIGEM,vertigemSm_Prog001.mp4,vertigemSm_Prog001.jpg,cg61.jpg,OK,imagem=ERRO | mao=OK
2584,VESGO,vesgoSm_Prog001.mp4,vesgoSm_Prog001.jpg,cg14.jpg,OK,imagem=ERRO | mao=OK
4424,VESÍCULA,vesiculaSm_Prog001.mp4,vesiculaSm_Prog001.jpg,cg32.jpg,OK,imagem=ERRO | mao=OK
2585,VÉSPERA,vesperaSm_Prog001.mp4,vesperaSm_Prog001.jpg,cg08a.jpg,OK,imagem=ERRO | mao=OK
6879,VESPERTINO,vespertinoSm_Prog001.mp4,vespertinoSm_Prog001.jpg,cg62.jpg,OK,imagem=ERRO | mao=OK
2586,VESTIBULAR,vestibularSm_Prog001.mp4,vestibularSm_Prog001.jpg,cg32.jpg,OK,imagem=ERRO | mao=OK
2587,VESTIDO,vestidoSm_Prog001.mp4,vestidoSm_Prog001.jpg,cg57.jpg,OK,imagem=ERRO | mao=OK
2588,VESTIR,vestirSm_Prog001.mp4,vestirSm_Prog001.jpg,cg01.jpg,OK,imagem=ERRO | mao=OK
2589,VESTUÁRIO,vestuarioSm_Prog001.mp4,vestuarioSm_Prog001.jpg,cg20.jpg,OK,imagem=ERRO | mao=OK
4426,VETAR,vetarSm_Prog001.mp4,vetarSm_Prog001.jpg,cg32.jpg,OK,imagem=ERRO | mao=OK
4427,VETERANO,veteranoSm_Prog001.mp4,veteranoSm_Prog001.jpg,cg02.jpg,OK,imagem=ERRO | mao=OK
4993,VETERINÁRIA,veterinariaSm_Prog001.mp4,veterinariaSm_Prog001.jpg,cg18b.jpg,OK,imagem=ERRO | mao=OK
2590,VETERINÁRIO,veterinarioSm_Prog001.mp4,veterinarioSm_Prog001.jpg,cg14.jpg,OK,imagem=ERRO | mao=OK
2591,VÉU,veuSm_Prog001.mp4,veuSm_Prog001.jpg,cg53a.jpg,OK,imagem=ERRO | mao=OK
4429,VEZ1,vez1Sm_Prog001.mp4,vez1Sm_Prog001.jpg,cg07.jpg,OK,imagem=ERRO | mao=OK
5011,VEZ2,vez2Sm_Prog001.mp4,vez2Sm_Prog001.jpg,cg58.jpg,OK,imagem=ERRO | mao=OK
5012,VEZ3,vez3Sm_Prog001.mp4,vez3Sm_Prog001.jpg,cg14.jpg,OK,imagem=ERRO | mao=OK
4430,VIA,viaSm_Prog001.mp4,viaSm_Prog001.jpg,cg62.jpg,OK,imagem=ERRO | mao=OK
2592,VIADUTO,viadutoSm_Prog001.mp4,viadutoSm_Prog001.jpg,cg53a.jpg,OK,imagem=ERRO | mao=OK
2593,VIAJAR1,viajarSm_Prog001.mp4,viajarSm_Prog001.jpg,cg63.jpg,OK,imagem=ERRO | mao=OK
7532,VIAJAR2,viajar2Sm_Prog001.mp4,viajar2Sm_Prog001.jpg,cg42.jpg,OK,imagem=ERRO | mao=OK
4431,VIATURA,viaturaSm_Prog001.mp4,viaturaSm_Prog001.jpg,cg57.jpg,OK,imagem=ERRO | mao=OK
4432,VÍBORA,viboraSm_Prog001.mp4,viboraSm_Prog001.jpg,cg32.jpg,OK,imagem=OK | mao=OK
5395,VIBRAÇÃO,vibracaoSm_Prog001.mp4,vibracaoSm_Prog001.jpg,cg47.jpg,OK,imagem=ERRO | mao=OK
2594,VIBRAR,vibrarSm_Prog001.mp4,vibrarSm_Prog001.jpg,cg47.jpg,OK,imagem=ERRO | mao=OK
4433,VICE-VERSA,vice_versaSm_Prog001.mp4,vice_versaSm_Prog001.jpg,cg11.jpg,ERRO,video_download_falhou
2595,VICE1,vice1Sm_Prog001.mp4,vice1Sm_Prog001.jpg,cg32.jpg,OK,imagem=ERRO | mao=OK
2596,VICE2,vice2Sm_Prog001.mp4,vice2Sm_Prog001.jpg,cg07.jpg,OK,imagem=ERRO | mao=OK
7533,VICIADO,viciadoSm_Prog001.mp4,viciadoSm_Prog001.jpg,cg61.jpg,OK,imagem=ERRO | mao=OK
2597,VICIAR,viciarSm_Prog001.mp4,viciarSm_Prog001.jpg,cg61.jpg,OK,imagem=ERRO | mao=OK
2598,VÍCIO1,vicioSm_Prog001.mp4,vicioSm_Prog001.jpg,cg32.jpg,OK,imagem=ERRO | mao=OK
7534,VÍCIO2,vicio2Sm_Prog001.mp4,vicio2Sm_Prog001.jpg,cg61.jpg,OK,imagem=ERRO | mao=OK
2601,VIDA,vidaSm_Prog001.mp4,vidaSm_Prog001.jpg,cg44.jpg,OK,imagem=ERRO | mao=OK
4434,VIDENTE,videnteSm_Prog001.mp4,videnteSm_Prog001.jpg,cg57.jpg,OK,imagem=ERRO | mao=OK
4435,VÍDEO,videoSm_Prog001.mp4,videoSm_Prog001.jpg,cg08a.jpg,OK,imagem=ERRO | mao=OK
2599,VIDEOCASSETE,videocasseteSm_Prog001.mp4,videocasseteSm_Prog001.jpg,cg08a.jpg,OK,imagem=ERRO | mao=OK
2600,VIDEOGAME,videogameSm_Prog001.mp4,videogameSm_Prog001.jpg,cg07.jpg,OK,imagem=ERRO | mao=OK
4436,VIDRAÇARIA,vidracariaSm_Prog001.mp4,vidracariaSm_Prog001.jpg,cg32.jpg,OK,imagem=ERRO | mao=OK
2602,VIDRO,vidroSm_Prog001.mp4,vidroSm_Prog001.jpg,cg32.jpg,OK,imagem=ERRO | mao=OK
2603,VIGIA,vigiaSm_Prog001.mp4,vigiaSm_Prog001.jpg,cg32.jpg,OK,imagem=ERRO | mao=OK
2604,VIGIAR,vigiarSm_Prog001.mp4,vigiarSm_Prog001.jpg,cg32.jpg,OK,imagem=ERRO | mao=OK
4437,VIGILANTE,vigilanteSm_Prog001.mp4,vigilanteSm_Prog001.jpg,cg32.jpg,OK,imagem=ERRO | mao=OK
4438,VIGOROSO,vigorosoSm_Prog001.mp4,vigorosoSm_Prog001.jpg,cg02.jpg,OK,imagem=ERRO | mao=OK
2605,VILA,vilaSm_Prog001.mp4,vilaSm_Prog001.jpg,cg61.jpg,OK,imagem=ERRO | mao=OK
2606,VINAGRE,vinagreSm_Prog001.mp4,vinagreSm_Prog001.jpg,cg32.jpg,OK,imagem=ERRO | mao=OK
2607,VÍNCULO,vinculoSm_Prog001.mp4,vinculoSm_Prog001.jpg,cg49.jpg,OK,imagem=ERRO | mao=OK
7535,VINGANÇA,vinganca2Sm_Prog001.mp4,vinganca2Sm_Prog001.jpg,cg51b.jpg,ERRO,video_download_falhou
2608,VINGAR1,vingar1Sm_Prog001.mp4,vingar1Sm_Prog001.jpg,cg14.jpg,OK,imagem=ERRO | mao=OK
5397,VINGAR2,vingar2Sm_Prog001.mp4,vingar2Sm_Prog001.jpg,cg61.jpg,OK,imagem=ERRO | mao=OK
2610,VINHO,vinhoSm_Prog001.mp4,vinhoSm_Prog001.jpg,cg32.jpg,OK,imagem=ERRO | mao=OK
5013,VINTE,vinteSm_Prog001.mp4,vinteSm_Prog001.jpg,cg08a.jpg,OK,imagem=ERRO | mao=OK
2611,VIOLÃO,violaoSm_Prog001.mp4,violaoSm_Prog001.jpg,cg46b.jpg,OK,imagem=ERRO | mao=OK
2612,VIOLÊNCIA,violenciaSm_Prog001.mp4,violenciaSm_Prog001.jpg,cg14.jpg,OK,imagem=ERRO | mao=OK
6867,VIOLENTADO,violentadoSm_Prog001.mp4,violentadoSm_Prog001.jpg,cg16.jpg,OK,imagem=ERRO | mao=OK
4995,VIOLENTO,violentoSm_Prog001.mp4,violentoSm_Prog001.jpg,cg14.jpg,OK,imagem=ERRO | mao=OK
4439,VIOLETA,violetaSm_Prog001.mp4,violetaSm_Prog001.jpg,cg54.jpg,OK,imagem=ERRO | mao=OK
4996,VIOLINO,violinoSm_Prog001.mp4,violinoSm_Prog001.jpg,cg55.jpg,OK,imagem=ERRO | mao=OK
2613,VIR,virSm_Prog001.mp4,virSm_Prog001.jpg,cg14.jpg,OK,imagem=ERRO | mao=OK
2614,VIRA-LATA,vira-lataSm_Prog001.mp4,vira-lataSm_Prog001.jpg,cg46a.jpg,OK,imagem=OK | mao=OK
6880,VIRADA1,virada1Sm_Prog001.mp4,virada1Sm_Prog001.jpg,cg42.jpg,OK,imagem=ERRO | mao=OK
2615,VIRAR,virarSm_Prog001.mp4,virarSm_Prog001.jpg,cg62.jpg,OK,imagem=ERRO | mao=OK
2616,VIRGEM,virgemSm_Prog001.mp4,virgemSm_Prog001.jpg,cg32.jpg,OK,imagem=ERRO | mao=OK
4997,VÍRGULA,virgulaSm_Prog001.mp4,virgulaSm_Prog001.jpg,cg14.jpg,OK,imagem=ERRO | mao=OK
4440,VIRILHA,virilhaSm_Prog001.mp4,virilhaSm_Prog001.jpg,cg08a.jpg,OK,imagem=ERRO | mao=OK
6882,VISITA,visitaSm_Prog001.mp4,visitaSm_Prog001.jpg,cg11.jpg,OK,imagem=ERRO | mao=OK
6868,VISITANTE,visitanteSm_Prog001.mp4,visitanteSm_Prog001.jpg,cg11.jpg,OK,imagem=ERRO | mao=OK
2619,VISITAR,visitarSm_Prog001.mp4,visitarSm_Prog001.jpg,cg11.jpg,OK,imagem=ERRO | mao=OK
4998,VISTA1,vista1Sm_Prog001.mp4,vista1Sm_Prog001.jpg,cg14.jpg,OK,imagem=ERRO | mao=OK
6884,VISTA2,vista3Sm_Prog001.mp4,vista3Sm_Prog001.jpg,cg32.jpg,OK,imagem=ERRO | mao=OK
7011,VISTA3,vista4Sm_Prog001.mp4,vista4Sm_Prog001.jpg,cg32.jpg,ERRO,video_download_falhou
6813,VISTORIA,vistoriaSm_Prog001.mp4,vistoriaSm_Prog001.jpg,cg14.jpg,OK,imagem=ERRO | mao=OK
6814,VISUAL,visualSm_Prog001.mp4,visualSm_Prog001.jpg,cg32.jpg,OK,imagem=ERRO | mao=OK
6812,VITALÍCIO,vitalicioSm_Prog001.mp4,vitalicioSm_Prog001.jpg,cg22b.jpg,OK,imagem=ERRO | mao=OK
2621,VITAMINA,vitaminaSm_Prog001.mp4,vitaminaSm_Prog001.jpg,cg32.jpg,OK,imagem=ERRO | mao=OK
3924,VITÓRIA1,vitoriaSm_Prog001.mp4,vitoriaSm_Prog001.jpg,cg32.jpg,OK,imagem=ERRO | mao=OK
5404,VITÓRIA2,vitoria2Sm_Prog001.mp4,vitoria2Sm_Prog001.jpg,cg08a.jpg,OK,imagem=ERRO | mao=OK
2623,VIÚVO,viuvoSm_Prog001.mp4,viuvoSm_Prog001.jpg,cg32.jpg,OK,imagem=ERRO | mao=OK
6863,VIVA,viva2Sm_Prog001.mp4,viva2Sm_Prog001.jpg,cg64.jpg,ERRO,video_download_falhou
2624,VIVER,viverSm_Prog001.mp4,viverSm_Prog001.jpg,cg44.jpg,OK,imagem=ERRO | mao=OK
6862,VIVO,viva1Sm_Prog001.mp4,viva1Sm_Prog001.jpg,cg44.jpg,OK,imagem=ERRO | mao=OK
2625,VIZINHO,vizinhoSm_Prog001.mp4,vizinhoSm_Prog001.jpg,cg62.jpg,OK,imagem=ERRO | mao=OK
2626,VOAR,voarSm_Prog001.mp4,voarSm_Prog001.jpg,cg63.jpg,OK,imagem=ERRO | mao=OK
2627,VOCABULÁRIO,vocabularioSm_Prog001.mp4,vocabularioSm_Prog001.jpg,cg32.jpg,OK,imagem=ERRO | mao=OK
5001,VOCAÇÃO,vocacaoSm_Prog001.mp4,vocacaoSm_Prog001.jpg,cg19.jpg,OK,imagem=ERRO | mao=OK
2628,VOCÊ,voceSm_Prog001.mp4,voceSm_Prog001.jpg,cg14.jpg,OK,imagem=ERRO | mao=OK
6811,VOLANTE,volanteSm_Prog001.mp4,volanteSm_Prog001.jpg,cg02.jpg,OK,imagem=ERRO | mao=OK
2630,VOLEI DE PRAIA,volei de praiaSm_Prog001.mp4,volei de praiaSm_Prog001.jpg,cg51b.jpg,ERRO,video_download_falhou
2629,VOLEIBOL,voleibolSm_Prog001.mp4,voleibolSm_Prog001.jpg,cg51b.jpg,OK,imagem=ERRO | mao=OK
2631,VOLTAR1,voltar1Sm_Prog001.mp4,voltar1Sm_Prog001.jpg,cg15.jpg,OK,imagem=ERRO | mao=OK
5405,VOLTAR2,voltar2Sm_Prog001.mp4,voltar2Sm_Prog001.jpg,cg14.jpg,OK,imagem=ERRO | mao=OK
5002,VOLTAR3,voltaSm_Prog001.mp4,voltaSm_Prog001.jpg,cg62.jpg,ERRO,video_download_falhou
2632,VOLUNTÁRIO,voluntarioSm_Prog001.mp4,voluntarioSm_Prog001.jpg,cg55.jpg,OK,imagem=ERRO | mao=OK
5003,VOLÚVEL,voluvelSm_Prog001.mp4,voluvelSm_Prog001.jpg,cg57.jpg,OK,imagem=ERRO | mao=OK
2633,VOMITAR,vomitarSm_Prog001.mp4,vomitarSm_Prog001.jpg,cg47.jpg,OK,imagem=ERRO | mao=OK
5005,VOTAR,votarSm_Prog001.mp4,votarSm_Prog001.jpg,cg52.jpg,OK,imagem=ERRO | mao=OK
2635,VOTO,votoSm_Prog001.mp4,votoSm_Prog001.jpg,cg52.jpg,OK,imagem=ERRO | mao=OK
2636,VOVÓ-VOVÔ1,vovo1Sm_Prog001.mp4,vovo1Sm_Prog001.jpg,cg02.jpg,ERRO,video_download_falhou
2637,VOVÓ-VOVÔ2,vovo2Sm_Prog001.mp4,vovo2Sm_Prog001.jpg,cg32.jpg,ERRO,video_download_falhou
2638,VOZ3,voz3Sm_Prog001.mp4,voz3Sm_Prog001.jpg,cg32.jpg,OK,imagem=ERRO | mao=OK
2639,VULCÃO,vulcaoSm_Prog001.mp4,vulcaoSm_Prog001.jpg,cg64.jpg,OK,imagem=OK | mao=OK
6810,VULGAR,vulgarSm_Prog001.mp4,vulgarSm_Prog001.jpg,cg64.jpg,OK,imagem=ERRO | mao=OK
7097,W,wSm_Prog001.mp4,wSm_Prog001.jpg,cg59a.jpg,OK,imagem=ERRO | mao=OK
7070,X,xSm_Prog001.mp4,xSm_Prog001.jpg,cg15.jpg,OK,imagem=ERRO | mao=OK
574,XADREZ1,xadrez1Sm_Prog001.mp4,xadrez1Sm_Prog001.jpg,cg27.jpg,OK,imagem=ERRO | mao=OK
575,XADREZ2,xadrez2Sm_Prog001.mp4,xadrez2Sm_Prog001.jpg,cg58.jpg,OK,imagem=ERRO | mao=OK
576,XALE,xaleSm_Prog001.mp4,xaleSm_Prog001.jpg,cg05.jpg,OK,imagem=ERRO | mao=OK
577,XAMPU,xampuSm_Prog001.mp4,xampuSm_Prog001.jpg,cg47.jpg,OK,imagem=ERRO | mao=OK
578,XAROPE,xaropeSm_Prog001.mp4,xaropeSm_Prog001.jpg,cg05.jpg,OK,imagem=ERRO | mao=OK
721,XERETA,xeretaSm_Prog001.mp4,xeretaSm_Prog001.jpg,cg50.jpg,ERRO,video_download_falhou
720,XERETAR,xeretarSm_Prog001.mp4,xeretarSm_Prog001.jpg,cg50.jpg,OK,imagem=ERRO | mao=OK
580,XERIFE,xerifeSm_Prog001.mp4,xerifeSm_Prog001.jpg,cg49.jpg,OK,imagem=ERRO | mao=OK
722,XEROCAR,xerocarSm_Prog001.mp4,xerocarSm_Prog001.jpg,cg57.jpg,OK,imagem=ERRO | mao=OK
581,XEROX,xeroxSm_Prog001.mp4,xeroxSm_Prog001.jpg,cg57.jpg,OK,imagem=ERRO | mao=OK
582,XÍCARA,xicaraSm_Prog001.mp4,xicaraSm_Prog001.jpg,cg55.jpg,OK,imagem=ERRO | mao=OK
583,XINGAR,xingarSm_Prog001.mp4,xingarSm_Prog001.jpg,cg08a.jpg,OK,imagem=ERRO | mao=OK
584,XIXI,xixiSm_Prog001.mp4,xixiSm_Prog001.jpg,cg40.jpg,OK,imagem=ERRO | mao=OK
7096,Y,ySm_Prog001.mp4,ySm_Prog001.jpg,cg40.jpg,ERRO,video_download_falhou
7071,Z,zSm_Prog001.mp4,zSm_Prog001.jpg,cg14.jpg,OK,imagem=ERRO | mao=OK
723,ZAGA,zagaSm_Prog001.mp4,zagaSm_Prog001.jpg,cg07.jpg,OK,imagem=ERRO | mao=OK
724,ZAGUEIRO,zagueiroSm_Prog001.mp4,zagueiroSm_Prog001.jpg,cg07.jpg,OK,imagem=OK | mao=OK
725,ZANGADO,zangadoSm_Prog001.mp4,zangadoSm_Prog001.jpg,cg46b.jpg,OK,imagem=ERRO | mao=OK
726,ZANGAR,zangarSm_Prog001.mp4,zangarSm_Prog001.jpg,cg46b.jpg,OK,imagem=ERRO | mao=OK
5428,ZARABATANA,zarabatanaSm_Prog001.mp4,zarabatanaSm_Prog001.jpg,cg42.jpg,OK,imagem=ERRO | mao=OK
5429,ZARPAR,zarparSm_Prog001.mp4,zarparSm_Prog001.jpg,cg53a.jpg,OK,imagem=ERRO | mao=OK
727,ZEBRA,zebraSm_Prog001.mp4,zebraSm_Prog001.jpg,cg27.jpg,OK,imagem=OK | mao=OK
729,ZELADOR,zeladorSm_Prog001.mp4,zeladorSm_Prog001.jpg,cg32.jpg,OK,imagem=ERRO | mao=OK
4148,ZEPELIM,zepelimSm_Prog001.mp4,zepelimSm_Prog001.jpg,cg51b.jpg,OK,imagem=ERRO | mao=OK
7536,ZERAR,zerarSm_Prog001.mp4,zerarSm_Prog001.jpg,cg42.jpg,OK,imagem=ERRO | mao=OK
732,ZERO1,zeroSm_Prog001.mp4,zeroSm_Prog001.jpg,cg42.jpg,ERRO,video_download_falhou
5430,ZERO2,zero-quilometroSm_Prog001.mp4,zero-quilometroSm_Prog001.jpg,cg49.jpg,OK,imagem=ERRO | mao=OK
733,ZIGUEZAGUE,ziguezagueSm_Prog001.mp4,ziguezagueSm_Prog001.jpg,cg62.jpg,OK,imagem=ERRO | mao=OK
734,ZIGUEZAGUEAR,ziguezaguearSm_Prog001.mp4,ziguezaguearSm_Prog001.jpg,cg62.jpg,OK,imagem=ERRO | mao=OK
735,ZÍPER,ziperSm_Prog001.mp4,ziperSm_Prog001.jpg,cg05.jpg,OK,imagem=ERRO | mao=OK
736,ZOMBAR,zombarSm_Prog001.mp4,zombarSm_Prog001.jpg,cg08a.jpg,OK,imagem=ERRO | mao=OK
737,ZOOLÓGICO,zoologicoSm_Prog001.mp4,zoologicoSm_Prog001.jpg,cg14.jpg,OK,imagem=ERRO | mao=OK
5432,ZUM,zumSm_Prog001.mp4,zumSm_Prog001.jpg,cg53a.jpg,OK,imagem=ERRO | mao=OK
