rank,palavra,assunto,contagem,encontrada
1,QUE1,NENHUM,15044152,sim
2,QUE2,NENHUM,15044152,sim
3,NÃO1,NENHUM,12169729,sim
4,NÃO2,NENHUM,12169729,sim
5,O,NENHUM,12005035,sim
6,A,NENHUM,8992538,sim
7,VOCÊ,NENHUM,7817147,sim
8,E,NENHUM,7345808,sim
9,EU,NENHUM,7212622,sim
10,UM1,NUMERAL_DINHEIRO,5737691,sim
11,UM2,NUMERAL_DINHEIRO,5737691,sim
12,PARA,NENHUM,4775301,sim
13,SE,NENHUM,3775219,sim
14,ELE,NENHUM,3369826,sim
15,ISSO,NENHUM,3323679,sim
16,POR_ISSO,NENHUM,3323679,sim
17,QUE-ISSO,NENHUM,3323679,sim
18,MAS1,NENHUM,2523053,sim
19,MAS2,NENHUM,2523053,sim
20,COMO1,NENHUM,2345682,sim
21,COMO2,NENHUM,2345682,sim
22,BEM1,NENHUM,2278717,sim
23,BEM2,NENHUM,2278717,sim
24,SIM,NENHUM,1839153,sim
25,AQUI,NENHUM,1798698,sim
26,MAIS2,NENHUM,1776468,sim
27,MAIS3,NENHUM,1776468,sim
28,MAIS4,NENHUM,1776468,sim
29,MAIS5,NENHUM,1776468,sim
30,MAIS6,NENHUM,1776468,sim
31,MAIS_1,NENHUM,1776468,sim
32,MEU1,NENHUM,1612386,sim
33,MEU2,NENHUM,1612386,sim
34,SEU,NENHUM,1585531,sim
35,MUITO1,NENHUM,1568458,sim
36,MUITO2,NENHUM,1568458,sim
37,MUITO3,NENHUM,1568458,sim
38,TUDO1,NENHUM,1353946,sim
39,TUDO2,NENHUM,1353946,sim
40,TUDO3,NENHUM,1353946,sim
41,TUDO_BEM,NENHUM,1353946,sim
42,SÓ1,NENHUM,1216595,sim
43,SÓ2,NENHUM,1216595,sim
44,AGORA,NENHUM,1181210,sim
45,SER1,NENHUM,1082215,sim
46,QUANDO1,NENHUM,1061663,sim
47,QUANDO2,NENHUM,1061663,sim
48,FAZER,NENHUM,1055940,sim
49,NÓS,NENHUM,985079,sim
50,CERTO2,NENHUM,918318,sim
51,JÁ,NENHUM,862736,sim
52,QUEM1,NENHUM,828918,sim
53,QUEM2,NENHUM,828918,sim
54,QUEM3,NENHUM,828918,sim
55,OU,NENHUM,828081,sim
56,NADA,NENHUM,816543,sim
57,ONDE,NENHUM,787679,sim
58,BOM1,NENHUM,774538,sim
59,BOM2,NENHUM,774538,sim
60,BOM3,NENHUM,774538,sim
61,TER,NENHUM,766268,sim
62,DIZER1,NENHUM,741447,sim
63,DIZER2,NENHUM,741447,sim
64,SOBRE1,NENHUM,734703,sim
65,SOBRE2,NENHUM,734703,sim
66,SOBRE3,NENHUM,734703,sim
67,MIM,NENHUM,730004,sim
68,PORQUE,NENHUM,711704,sim
69,ELE_MESMO,NENHUM,699330,sim
70,MESMO,NENHUM,699330,sim
71,COISA,NENHUM,669387,sim
72,ATÉ,NENHUM,625305,sim
73,TEMPO1,ANO_SIDERAL,621951,sim
74,TEMPO2,NENHUM,621951,sim
75,TEMPO3,PLANTA_FLOR_NATUREZA,621951,sim
76,ASSIM,NENHUM,620622,sim
77,NUNCA1,NENHUM,608898,sim
78,NUNCA2,NENHUM,608898,sim
79,ESSE,NENHUM,605824,sim
80,CASA,CASA,600389,sim
81,VER-NÃO,NENHUM,582702,sim
82,VER2,NENHUM,582702,sim
83,TAMBÉM,NENHUM,582225,sim
84,AINDA,NENHUM,558497,sim
85,CARA,NENHUM,531856,sim
86,FAVOR1,NENHUM,521946,sim
87,FAVOR2,NENHUM,521946,sim
88,FAVOR3,NENHUM,521946,sim
89,POR_FAVOR,NENHUM,521946,sim
90,IR1,NENHUM,521133,sim
91,IR2,NENHUM,521133,sim
92,IR3,NENHUM,521133,sim
93,IR4,NENHUM,521133,sim
94,IR5,NENHUM,521133,sim
95,IR6,NENHUM,521133,sim
96,MELHOR,NENHUM,520581,sim
97,NOITE2,NENHUM,514681,sim
98,NOITE1,PLANTA_FLOR_NATUREZA,514681,sim
99,SEM1,NENHUM,510910,sim
100,SEM2,NENHUM,510910,sim
101,SEM3,NENHUM,510910,sim
102,OBRIGADO1,NENHUM,503071,sim
103,OBRIGADO2,NENHUM,503071,sim
104,DIA_1,ANO_SIDERAL,495684,sim
105,DIA_2,ANO_SIDERAL,495684,sim
106,DIA_3,ANO_SIDERAL,495684,sim
107,DIA_4,ANO_SIDERAL,495684,sim
108,TALVEZ,NENHUM,490918,sim
109,PAI1,FAMÍLIA,487553,sim
110,PAI2,FAMÍLIA,487553,sim
111,DEUS,NENHUM,468950,sim
112,ALGUÉM,NENHUM,468942,sim
113,VIDA,NENHUM,456588,sim
114,SENHOR,NENHUM,453553,sim
115,ESTE,NENHUM,453034,sim
116,SEMPRE,NENHUM,449587,sim
117,ANOS,ANO_SIDERAL,449517,sim
118,VEZ1,NENHUM,438847,sim
119,VEZ2,NENHUM,438847,sim
120,VEZ3,NENHUM,438847,sim
121,VERDADE,NENHUM,435669,sim
122,DELE,NENHUM,426614,sim
123,FICAR1,NENHUM,424486,sim
124,FICAR2,NENHUM,424486,sim
125,FICAR3,NENHUM,424486,sim
126,CLARO1,NENHUM,416979,sim
127,CLARO2,NENHUM,416979,sim
128,CLARO3,NENHUM,416979,sim
129,DEPOIS,NENHUM,411019,sim
130,FALAR1,NENHUM,406564,sim
131,FALAR2,NENHUM,406564,sim
132,FALAR3,NENHUM,406564,sim
133,ANTES1,NENHUM,404707,sim
134,ANTES2,NENHUM,404707,sim
135,POUCO1,NENHUM,402632,sim
136,POUCO2,NENHUM,402632,sim
137,APENAS,NENHUM,385267,sim
138,HOMEM,NENHUM,383305,sim
139,BOA1,NENHUM,380027,sim
140,BOA2,NENHUM,380027,sim
141,BOA_VIDA,NENHUM,380027,sim
142,DOIS1,NUMERAL_DINHEIRO,378982,sim
143,DOIS2,NUMERAL_DINHEIRO,378982,sim
144,TODO1,NENHUM,366012,sim
145,TODO2,NENHUM,366012,sim
146,TODO3,NENHUM,366012,sim
147,TODO_DIA,NENHUM,366012,sim
148,FORA1,NENHUM,352879,sim
149,FORA2,NENHUM,352879,sim
150,ESTAR,NENHUM,352830,sim
151,QUAL1,NENHUM,351298,sim
152,QUAL2,NENHUM,351298,sim
153,QUAL3,NENHUM,351298,sim
154,HOJE2,ANO_SIDERAL,335062,sim
155,HOJE1,NENHUM,335062,sim
156,NINGUÉM2,ALIMENTO_BEBIDA,330982,sim
157,NINGUÉM1,NENHUM,330982,sim
158,NINGUÉM3,NENHUM,330982,sim
159,NINGUÉM4,NENHUM,330982,sim
160,NINGUÉM5,NENHUM,330982,sim
161,NOVO1,NENHUM,327125,sim
162,NOVO2,NENHUM,327125,sim
163,COMIGO,NENHUM,320834,sim
164,MUNDO,PLANTA_FLOR_NATUREZA,315223,sim
165,SABER,NENHUM,313726,sim
166,DAR,NENHUM,308480,sim
167,DAR2,NENHUM,308480,sim
168,GRANDE1,NENHUM,302177,sim
169,GRANDE2,NENHUM,302177,sim
170,DINHEIRO,NUMERAL_DINHEIRO,296405,sim
171,NOME,NENHUM,289740,sim
172,QUANTO,NUMERAL_DINHEIRO,284657,sim
173,QUALQUER,NENHUM,283792,sim
174,OUTRO,NENHUM,282121,sim
175,NOSSO,NENHUM,276632,sim
176,OI,NENHUM,273705,sim
177,FILHO,FAMÍLIA,267642,sim
178,HORA1,ANO_SIDERAL,258209,sim
179,HORA2,ANO_SIDERAL,258209,sim
180,HORA3,ANO_SIDERAL,258209,sim
181,SAIR1,NENHUM,241982,sim
182,SAIR2,NENHUM,241982,sim
183,PROBLEMA,NENHUM,237965,sim
184,OLÁ,NENHUM,233623,sim
185,TIPO,NENHUM,233417,sim
186,MENOS1,NENHUM,230759,sim
187,MENOS2,NENHUM,230759,sim
188,MENOS3,NENHUM,230759,sim
189,MULHER,NENHUM,230503,sim
190,ALGUM1,NENHUM,229208,sim
191,ALGUM2,NENHUM,229208,sim
192,ALGUM3,NENHUM,229208,sim
193,CARRO,TRANPORTE_VEÍCULO,217940,sim
194,AMIGO,NENHUM,214659,sim
195,PRIMEIRO1,NUMERAL_DINHEIRO,214074,sim
196,PRIMEIRO2,NUMERAL_DINHEIRO,214074,sim
197,TRÊS1,NUMERAL_DINHEIRO,209744,sim
198,TRÊS2,NUMERAL_DINHEIRO,209744,sim
199,SÉRIO,NENHUM,204028,sim
200,VOLTAR1,NENHUM,200945,sim
201,VOLTAR2,NENHUM,200945,sim
202,PARTE,NENHUM,200135,sim
203,AMOR,SENTIMENTOS,199565,sim
204,FELIZ2,NENHUM,197259,sim
205,EMBORA,NENHUM,192388,sim
206,FAMÍLIA,FAMÍLIA,192013,sim
207,DEIXAR1,NENHUM,190410,sim
208,DEIXAR2,NENHUM,190410,sim
209,DEIXAR3,NENHUM,190410,sim
210,ATRÁS1,NENHUM,189476,sim
211,ATRÁS2,NENHUM,189476,sim
212,AJUDAR1,NENHUM,187791,sim
213,AJUDAR2,NENHUM,187791,sim
214,AQUELE,NENHUM,183619,sim
215,FRENTE,NENHUM,180391,sim
216,LADO,NENHUM,174756,sim
217,MERDA,NENHUM,171084,sim
218,TARDE,ANO_SIDERAL,169685,sim
219,GOSTO,NENHUM,169631,sim
220,DENTRO1,NENHUM,166996,sim
221,DENTRO2,NENHUM,166996,sim
222,DENTRO3,NENHUM,166996,sim
223,CIDADE,PAÍS_ESTADO_CIDADE,165665,sim
224,PEGAR1,NENHUM,164895,sim
225,PEGAR2,NENHUM,164895,sim
226,PEGAR3,NENHUM,164895,sim
227,NENHUM,NENHUM,164611,sim
228,GENTE,NENHUM,163727,sim
229,AMANHÃ,NENHUM,162442,sim
230,CABEÇA,CORPO,161507,sim
231,MAL1,HIGIENE_SAÚDE,158673,sim
232,MAL2,HIGIENE_SAÚDE,158673,sim
233,ATÉ_LOGO,NENHUM,155159,sim
234,LOGO1,NENHUM,155159,sim
235,LOGO2,NENHUM,155159,sim
236,TANTO1,NENHUM,154098,sim
237,TANTO2,NENHUM,154098,sim
238,GAROTA,NENHUM,153950,sim
239,PESSOA2,NENHUM,153920,sim
240,LEGAL1,NENHUM,153361,sim
241,LEGAL2,NENHUM,153361,sim
242,RÁPIDO1,NENHUM,152583,sim
243,RÁPIDO2,NENHUM,152583,sim
244,RÁPIDO3,NENHUM,152583,sim
245,RÁPIDO4,NENHUM,152583,sim
246,CADA1,NENHUM,152335,sim
247,CADA2,NENHUM,152335,sim
248,JEITO1,NENHUM,151950,sim
249,JEITO2,NENHUM,151950,sim
250,MEIO1,NUMERAL_DINHEIRO,150787,sim
251,MEIO2,NUMERAL_DINHEIRO,150787,sim
252,MEDO,SENTIMENTOS,149569,sim
253,IRMÃO,FAMÍLIA,147268,sim
254,ERRADO,NENHUM,146252,sim
255,HISTÓRIA,NENHUM,144741,sim
256,PRIMEIRA_VEZ,NUMERAL_DINHEIRO,144548,sim
257,QUASE1,NENHUM,144341,sim
258,QUASE2,NENHUM,144341,sim
259,ENCONTRAR,NENHUM,143651,sim
260,PESSOAL,NENHUM,141711,sim
261,DIFÍCIL,NENHUM,141480,sim
262,CONTRA,NENHUM,140747,sim
263,MATAR1,NENHUM,140732,sim
264,MATAR2,NENHUM,140732,sim
265,DIA_DA_SEMANA,ANO_SIDERAL,140660,sim
266,SEMANA,ANO_SIDERAL,140660,sim
267,PERTO1,NENHUM,139350,sim
268,PERTO2,NENHUM,139350,sim
269,ENTRAR3,ALIMENTO_BEBIDA,138656,sim
270,ENTRAR1,NENHUM,138656,sim
271,ENTRAR2,NENHUM,138656,sim
272,ANO,ANO_SIDERAL,133439,sim
273,ANO1,ANO_SIDERAL,133439,sim
274,ANO_NOVO1,ANO_SIDERAL,133439,sim
275,ANO_NOVO2,ANO_SIDERAL,133439,sim
276,ANO_NOVO3,ANO_SIDERAL,133439,sim
277,ANO_QUE_VEM1,ANO_SIDERAL,133439,sim
278,ANO_QUE_VEM2,ANO_SIDERAL,133439,sim
279,CAMINHO,NENHUM,132885,sim
280,MANHÃ,PLANTA_FLOR_NATUREZA,131838,sim
281,SORTE,NENHUM,131022,sim
282,MORTE,NENHUM,131003,sim
283,PENSAR1,NENHUM,129699,sim
284,PENSAR2,NENHUM,129699,sim
285,ALI,NENHUM,128787,sim
286,QUARTO2,CASA,128047,sim
287,QUARTO3,CASA,128047,sim
288,QUARTO4,CASA,128047,sim
289,QUARTO1,NUMERAL_DINHEIRO,128047,sim
290,LEVAR1,NENHUM,127299,sim
291,LEVAR2,NENHUM,127299,sim
292,BEM-FEITO1,NENHUM,126740,sim
293,BEM-FEITO2,NENHUM,126740,sim
294,BEM-FEITO3,NENHUM,126740,sim
295,PORTA1,CASA,125738,sim
296,CHEGAR1,NENHUM,123890,sim
297,CHEGAR2,NENHUM,123890,sim
298,CHEGAR3,NENHUM,123890,sim
299,ÁGUA,MATÉRIA_SUBSTÂNCIA,122397,sim
300,PRONTO,NENHUM,121186,sim
301,ESPOSA,FAMÍLIA,120840,sim
302,VIR,NENHUM,120576,sim
303,OUVIR,NENHUM,120219,sim
304,MORRER,NENHUM,117738,sim
305,CORAÇÃO,HIGIENE_SAÚDE,116476,sim
306,CONTAR1,NENHUM,116342,sim
307,CONTAR2,NENHUM,116342,sim
308,CONTAR3,NENHUM,116342,sim
309,JOGO,ESPORTE_DIVERSÃO,116288,sim
310,RAZÃO,NENHUM,115775,sim
311,IDIOTA,NENHUM,114632,sim
312,PASSAR,NENHUM,114587,sim
313,PASSAR_PESSOA,NENHUM,114587,sim
314,PARAR1,NENHUM,112758,sim
315,PARAR2,NENHUM,112758,sim
316,PARAR3,NENHUM,112758,sim
317,PARAR4,NENHUM,112758,sim
318,PARAR5,NENHUM,112758,sim
319,FIM,NENHUM,112144,sim
320,CORPO,CORPO,111546,sim
321,CHEFE,PROFISSÃO_TRABALHO,111526,sim
322,PODER1,NENHUM,111160,sim
323,PODER2,NENHUM,111160,sim
324,MAMÃE1,FAMÍLIA,110962,sim
325,MAMÃE2,FAMÍLIA,110962,sim
326,CUIDADO,NENHUM,110889,sim
327,COMEÇAR1,NENHUM,110856,sim
328,COMEÇAR2,NENHUM,110856,sim
329,CONTA,NUMERAL_DINHEIRO,110148,sim
330,ARMA,NENHUM,109719,sim
331,LONGE2,ALIMENTO_BEBIDA,109588,sim
332,LONGE1,NENHUM,109588,sim
333,LONGE3,NENHUM,109588,sim
334,ESCOLA,NENHUM,109580,sim
335,TENTAR,NENHUM,108293,sim
336,TERRA2,NENHUM,107896,sim
337,TERRA1,PLANTA_FLOR_NATUREZA,107896,sim
338,DROGA2,HIGIENE_SAÚDE,107699,sim
339,DROGA1,NENHUM,107699,sim
340,ONTEM,ANO_SIDERAL,107458,sim
341,POR_CAUSA,NENHUM,107218,sim
342,GUERRA,NENHUM,105845,sim
343,CHANCE,NENHUM,105170,sim
344,MARIDO1,FAMÍLIA,103987,sim
345,MARIDO2,FAMÍLIA,103987,sim
346,MÃO,CORPO,103699,sim
347,TRABALHAR,NENHUM,102858,sim
348,SANGUE,CORPO,102853,sim
349,MÚSICA1,ESPORTE_DIVERSÃO,102282,sim
350,MÚSICA2,NENHUM,102282,sim
351,ESPERAR1,NENHUM,102159,sim
352,ESPERAR2,NENHUM,102159,sim
353,ESTRANHO,NENHUM,98945,sim
354,MAIOR1,NENHUM,98905,sim
355,MAIOR2,NENHUM,98905,sim
356,VELHO1,NENHUM,97946,sim
357,VELHO2,NENHUM,97946,sim
358,BOCA,CORPO,97426,sim
359,FESTA,ESPORTE_DIVERSÃO,97006,sim
360,TIRAR,NENHUM,95803,sim
361,COM_LICENÇA,NENHUM,95301,sim
362,LICENÇA,NENHUM,95301,sim
363,CAPITÃO,ESPORTE_DIVERSÃO,95181,sim
364,COMER,NENHUM,95065,sim
365,FÁCIL2,NENHUM,94781,sim
366,ALÉM,NENHUM,94391,sim
367,SEGUNDO,NENHUM,93200,sim
368,CINCO,NUMERAL_DINHEIRO,92861,sim
369,BEBÊ,NENHUM,92825,sim
370,IDÉIA,NENHUM,91898,sim
371,SAIA,VESTUÁRIO_COMPLEMENTOS,91810,sim
372,NÚMERO,NUMERAL_DINHEIRO,91003,sim
373,CONSEGUIR,NENHUM,90551,sim
374,TOMAR1,NENHUM,89968,sim
375,TOMAR2,NENHUM,89968,sim
376,QUATRO,NUMERAL_DINHEIRO,88802,sim
377,ACONTECER2,NENHUM,88150,sim
378,ACONTECER3,NENHUM,88150,sim
379,BEM-VINDO,NENHUM,87004,sim
380,CAFÉ_DA_MANHÃ,ALIMENTO_BEBIDA,86806,sim
381,CAFÉ,FRUTA,86806,sim
382,POSSÍVEL,NENHUM,86537,sim
383,CASAMENTO,FAMÍLIA,86479,sim
384,ACORDO,NENHUM,85957,sim
385,EQUIPE,NENHUM,85657,sim
386,RUIM1,NENHUM,85371,sim
387,RUIM2,NENHUM,85371,sim
388,CULPA,SENTIMENTOS,85194,sim
389,JANTAR,NENHUM,85011,sim
390,MIL,NUMERAL_DINHEIRO,84062,sim
391,I,NENHUM,83296,sim
392,FORTE1,NENHUM,83276,sim
393,FORTE2,NENHUM,83276,sim
394,FORTE3,NENHUM,83276,sim
395,SENTIR,NENHUM,83212,sim
396,VIVER,NENHUM,83083,sim
397,SOZINHO,NENHUM,82408,sim
398,PRAZER1,SENTIMENTOS,82355,sim
399,PRAZER2,SENTIMENTOS,82355,sim
400,PRAZER3,SENTIMENTOS,82355,sim
401,FINAL,ESPORTE_DIVERSÃO,80619,sim
402,MINUTO,ANO_SIDERAL,80590,sim
403,SALA,CASA,80375,sim
404,ÚNICO,NENHUM,79997,sim
405,DIREITO1,NENHUM,79366,sim
406,DIREITO2,NENHUM,79366,sim
407,DIREITO3,NENHUM,79366,sim
408,VIVO,NENHUM,79164,sim
409,MUDAR1,NENHUM,79150,sim
410,MUDAR2,NENHUM,79150,sim
411,MUDAR3,NENHUM,79150,sim
412,PERDER,NENHUM,78895,sim
413,SEGURANÇA2,NENHUM,78219,sim
414,SEGURANÇA1,PROFISSÃO_TRABALHO,78219,sim
415,PAGAR1,NENHUM,78043,sim
416,PAGAR2,NENHUM,78043,sim
417,PLANO,NENHUM,77778,sim
418,DESCOBRIR,NENHUM,77707,sim
419,CONVERSAR,NENHUM,77698,sim
420,ACHAR1,NENHUM,77442,sim
421,ACHAR2,NENHUM,77442,sim
422,COMIDA,ALIMENTO_BEBIDA,77226,sim
423,TRÁS,NENHUM,76179,sim
424,JOVEM,NENHUM,76149,sim
425,ACREDITAR,NENHUM,76055,sim
426,OLHAR1,NENHUM,75621,sim
427,OLHAR2,NENHUM,75621,sim
428,CAMA,CASA,75528,sim
429,PONTO2,HIGIENE_SAÚDE,75489,sim
430,PONTO1,NENHUM,75489,sim
431,PONTO4,NENHUM,75489,sim
432,PONTO5,NENHUM,75489,sim
433,PONTO3,PROFISSÃO_TRABALHO,75489,sim
434,PONTO6,TRANPORTE_VEÍCULO,75489,sim
435,PONTO7,TRANPORTE_VEÍCULO,75489,sim
436,ANO_PASSADO,ANO_SIDERAL,75482,sim
437,PASSADO,NENHUM,75482,sim
438,PENA1,ANIMAL_INSETO_PEIXE_AVE,75418,sim
439,PENA3,NENHUM,75418,sim
440,PENA4,NENHUM,75418,sim
441,PENA2,SENTIMENTOS,75418,sim
442,COLOCAR1,NENHUM,75338,sim
443,COLOCAR2,NENHUM,75338,sim
444,TCHAU,NENHUM,75293,sim
445,CALMA2,SENTIMENTOS,74528,sim
446,FILME1,ESPORTE_DIVERSÃO,74508,sim
447,FILME2,MATÉRIA_SUBSTÂNCIA,74508,sim
448,PEDIR1,NENHUM,74492,sim
449,PEDIR2,NENHUM,74492,sim
450,PAZ,NENHUM,74449,sim
451,LOUCO,NENHUM,74120,sim
452,PALAVRA,NENHUM,73947,sim
453,PEQUENO1,NENHUM,73777,sim
454,PEQUENO2,NENHUM,73777,sim
455,PEQUENO3,NENHUM,73777,sim
456,PRÓXIMO1,NENHUM,72783,sim
457,PRÓXIMO2,NENHUM,72783,sim
458,MÉDICO,PROFISSÃO_TRABALHO,72650,sim
459,LIGAR,NENHUM,72450,sim
460,PIOR1,NENHUM,72383,sim
461,PIOR2,NENHUM,72383,sim
462,PIOR3,NENHUM,72383,sim
463,FORÇA,SENTIMENTOS,71776,sim
464,MOSTRAR1,NENHUM,71727,sim
465,MOSTRAR2,NENHUM,71727,sim
466,PAÍS,PAÍS_ESTADO_CIDADE,71279,sim
467,FOGO,MATÉRIA_SUBSTÂNCIA,70925,sim
468,BAIXO,NENHUM,70154,sim
469,SOB,NENHUM,69986,sim
470,ACABAR1,NENHUM,69931,sim
471,ACABAR2,NENHUM,69931,sim
472,ACABAR3,NENHUM,69931,sim
473,ACABAR4,NENHUM,69931,sim
474,CONTINUAR,NENHUM,69813,sim
475,LIGAR_LUZ,NENHUM,68816,sim
476,LUZ,NENHUM,68816,sim
477,JOGAR_FORA,NENHUM,68467,sim
478,LIVRO,NENHUM,68430,sim
479,ADEUS1,NENHUM,68420,sim
480,ADEUS2,NENHUM,68420,sim
481,PERGUNTAR,NENHUM,67772,sim
482,MANTER,NENHUM,67695,sim
483,CEDO2,PLANTA_FLOR_NATUREZA,67612,sim
484,QUERER,NENHUM,67516,sim
485,HOSPITAL,HIGIENE_SAÚDE,66634,sim
486,ATENÇÃO1,NENHUM,66547,sim
487,ATENÇÃO2,NENHUM,66547,sim
488,ATENÇÃO3,NENHUM,66547,sim
489,SEIS,NUMERAL_DINHEIRO,66434,sim
490,ÚLTIMO1,NENHUM,66261,sim
491,ÚLTIMO2,NENHUM,66261,sim
492,CHAMAR1,NENHUM,66128,sim
493,CHAMAR2,NENHUM,66128,sim
494,CHAMAR3,NENHUM,66128,sim
495,ESCRITÓRIO,PROFISSÃO_TRABALHO,65864,sim
496,REI,NENHUM,65683,sim
497,ESPECIAL,NENHUM,65499,sim
498,APÓS,NENHUM,65202,sim
499,GANHAR,NENHUM,64819,sim
500,PRESIDENTE,PROFISSÃO_TRABALHO,63744,sim
501,REAL2,NENHUM,63517,sim
502,REAL1,NUMERAL_DINHEIRO,63517,sim
503,PRECISAR,NENHUM,63126,sim
504,NEGÓCIO,NENHUM,62899,sim
505,DOUTOR,NENHUM,62894,sim
506,FINALMENTE,NENHUM,61742,sim
507,ESTADO,PAÍS_ESTADO_CIDADE,61486,sim
508,CUIDAR1,NENHUM,60836,sim
509,CUIDAR2,NENHUM,60836,sim
510,RUA1,NENHUM,60529,sim
511,RUA2,NENHUM,60529,sim
512,PRISÃO,NENHUM,59752,sim
513,CASAR,NENHUM,59639,sim
514,PUTA,PROFISSÃO_TRABALHO,59377,sim
515,PRÓPRIO,NENHUM,58945,sim
516,CABELO,CORPO,58805,sim
517,ENGRAÇADO,NENHUM,58544,sim
518,POLICIAL,PROFISSÃO_TRABALHO,58388,sim
519,PERFEITO,NENHUM,58262,sim
520,ALTO1,NENHUM,58111,sim
521,ALTO2,NENHUM,58111,sim
522,ALTO3,NENHUM,58111,sim
523,ALTO4,NENHUM,58111,sim
524,LIVRE,NENHUM,57552,sim
525,MENTE,NENHUM,57490,sim
526,S,NENHUM,57362,sim
527,SEGURO,NUMERAL_DINHEIRO,57329,sim
528,MENINA1,NENHUM,57270,sim
529,MENINA2,NENHUM,57270,sim
530,BONITO,NENHUM,57038,sim
531,FUTURO,NENHUM,57038,sim
532,RESPEITO,SENTIMENTOS,56606,sim
533,ENTENDER,NENHUM,56334,sim
534,SINAL1,APARELHO_MÁQUINA,55795,sim
535,SINAL2,CORPO,55795,sim
536,SINAL3,NENHUM,55795,sim
537,ANDAR1,CASA,55660,sim
538,ANDAR2,NENHUM,55660,sim
539,ANDAR3,NENHUM,55660,sim
540,ANDAR4,NENHUM,55660,sim
541,ANDAR5,NENHUM,55660,sim
542,ANDAR6,NENHUM,55660,sim
543,ANDAR7,NENHUM,55660,sim
544,PRESENTE1,NENHUM,55514,sim
545,PRESENTE2,NENHUM,55514,sim
546,PRESENTE3,NENHUM,55514,sim
547,ROSTO,CORPO,55388,sim
548,MESA1,CASA,55306,sim
549,MESA2,CASA,55306,sim
550,DOR,SENTIMENTOS,55231,sim
551,FOTO,NENHUM,55156,sim
552,PRESO,NENHUM,54749,sim
553,LEVE1,NENHUM,54602,sim
554,LEVE2,NENHUM,54602,sim
555,PARTIR1,NENHUM,54587,sim
556,PARTIR2,NENHUM,54587,sim
557,PARTIR3,NENHUM,54587,sim
558,PARTIR4,NENHUM,54587,sim
559,SEXO,CORPO,54244,sim
560,VOZ3,NENHUM,54239,sim
561,AR,MATÉRIA_SUBSTÂNCIA,53494,sim
562,SIMPLES,NENHUM,52840,sim
563,LINHA1,NENHUM,52776,sim
564,LINHA2,NENHUM,52776,sim
565,SALVAR1,NENHUM,52568,sim
566,SALVAR2,NENHUM,52568,sim
567,CONHECER,NENHUM,52374,sim
568,EMPREGO,PROFISSÃO_TRABALHO,52363,sim
569,CONOSCO,NENHUM,52213,sim
570,DEZ,NUMERAL_DINHEIRO,51848,sim
571,IDADE1,NENHUM,51552,sim
572,IDADE2,NENHUM,51552,sim
573,IDADE3,NENHUM,51552,sim
574,CRIME,NENHUM,51531,sim
575,QUESTÃO,NENHUM,51399,sim
576,TRAZER,NENHUM,51393,sim
577,LOCAL,NENHUM,51263,sim
578,LINDO,NENHUM,50868,sim
579,DOENTE1,HIGIENE_SAÚDE,50444,sim
580,DOENTE2,NENHUM,50444,sim
581,NATAL1,NENHUM,50358,sim
582,NATAL2,PAÍS_ESTADO_CIDADE,50358,sim
583,PROFESSOR,PROFISSÃO_TRABALHO,50230,sim
584,RAPAZ,NENHUM,50099,sim
585,MOTIVO,NENHUM,49971,sim
586,SEGUIR,NENHUM,49671,sim
587,PROGRAMA1,ESPORTE_DIVERSÃO,49216,sim
588,PROGRAMA2,ESPORTE_DIVERSÃO,49216,sim
589,CAMPO1,ESPORTE_DIVERSÃO,49189,sim
590,CAMPO2,NENHUM,49189,sim
591,NORMAL,NENHUM,49078,sim
592,VONTADE,SENTIMENTOS,48919,sim
593,MENINO1,NENHUM,48818,sim
594,MENINO2,NENHUM,48818,sim
595,CHÃO,CASA,48790,sim
596,SOL,PLANTA_FLOR_NATUREZA,48741,sim
597,SURPRESA,NENHUM,48375,sim
598,LISTA,NENHUM,48356,sim
599,SONHO1,NENHUM,48276,sim
600,SONHO2,NENHUM,48276,sim
601,OLHO1,CORPO,48164,sim
602,OLHO2,NENHUM,48164,sim
603,TERMINAR,NENHUM,48158,sim
604,RESPOSTA,NENHUM,47991,sim
605,BEBER1,NENHUM,47952,sim
606,BEBER2,NENHUM,47952,sim
607,BEBER3,NENHUM,47952,sim
608,BEBER4,NENHUM,47952,sim
609,BEBER5,NENHUM,47952,sim
610,ORDEM1,NENHUM,47897,sim
611,ORDEM2,NENHUM,47897,sim
612,HOTEL,NENHUM,47633,sim
613,CAIXA2,APARELHO_MÁQUINA,47615,sim
614,CAIXA1,CASA,47615,sim
615,QUENTE,NENHUM,47494,sim
616,POVO,NENHUM,47397,sim
617,ACIDENTE2,HIGIENE_SAÚDE,47250,sim
618,ACIDENTE1,NENHUM,47250,sim
619,ADVOGADO,PROFISSÃO_TRABALHO,46927,sim
620,ANIVERSÁRIO1,NENHUM,46803,sim
621,ANIVERSÁRIO2,NENHUM,46803,sim
622,INFERNO,NENHUM,46641,sim
623,VALE,NUMERAL_DINHEIRO,46236,sim
624,ABRIR1,NENHUM,45916,sim
625,ABRIR2,NENHUM,45916,sim
626,ABRIR3,NENHUM,45916,sim
627,ABRIR4,NENHUM,45916,sim
628,ABRIR5,NENHUM,45916,sim
629,PARABÉNS,NENHUM,45842,sim
630,FOME,NENHUM,45793,sim
631,LOJA,PROFISSÃO_TRABALHO,45495,sim
632,SERVIÇO,NENHUM,45044,sim
633,LEI1,NENHUM,44767,sim
634,LEI2,NENHUM,44767,sim
635,BANCO1,NENHUM,44685,sim
636,BANCO2,NUMERAL_DINHEIRO,44685,sim
637,BANCO3,NUMERAL_DINHEIRO,44685,sim
638,REUNIÃO,NENHUM,44648,sim
639,DIVERTIDO,ESPORTE_DIVERSÃO,44407,sim
640,FUNDO,NENHUM,44248,sim
641,LUTAR1,NENHUM,44238,sim
642,LUTAR2,NENHUM,44238,sim
643,EXPLICAR,NENHUM,44219,sim
644,CÉU2,NENHUM,43915,sim
645,CÉU1,PLANTA_FLOR_NATUREZA,43915,sim
646,EXÉRCITO,NENHUM,43832,sim
647,MÊS,ANO_SIDERAL,43826,sim
648,PASSA-TEMPO,NENHUM,43763,sim
649,JOGAR_CARTA,ESPORTE_DIVERSÃO,43203,sim
650,CARTA1,NENHUM,43203,sim
651,CARTA2,NENHUM,43203,sim
652,LEMBRAR-NÃO,NENHUM,43179,sim
653,LEMBRAR1,NENHUM,43179,sim
654,LEMBRAR2,NENHUM,43179,sim
655,CONTATO,NENHUM,43114,sim
656,DETETIVE,PROFISSÃO_TRABALHO,43095,sim
657,PAPEL,MATÉRIA_SUBSTÂNCIA,43059,sim
658,ÁREA1,CASA,43038,sim
659,ÁREA2,NENHUM,43038,sim
660,GOVERNO,NENHUM,43031,sim
661,INTERESSANTE,NENHUM,42884,sim
662,HORRÍVEL,NENHUM,42871,sim
663,BELEZA,NENHUM,42812,sim
664,APARTAMENTO,CASA,42654,sim
665,BANHEIRO,HIGIENE_SAÚDE,42638,sim
666,CAPAZ,NENHUM,42320,sim
667,METADE1,NENHUM,42116,sim
668,METADE2,NENHUM,42116,sim
669,PROCURAR,NENHUM,42050,sim
670,PROVA,NENHUM,41752,sim
671,BARCO,TRANPORTE_VEÍCULO,41712,sim
672,QUANTOS,NENHUM,41596,sim
673,DECISÃO,NENHUM,41450,sim
674,BEBIDA,ALIMENTO_BEBIDA,41275,sim
675,CONSELHO,NENHUM,41208,sim
676,AVIÃO1,TRANPORTE_VEÍCULO,41195,sim
677,AVIÃO2,TRANPORTE_VEÍCULO,41195,sim
678,AVIÃO3,TRANPORTE_VEÍCULO,41195,sim
679,LER1,NENHUM,40873,sim
680,LER2,NENHUM,40873,sim
681,TOCAR,NENHUM,40829,sim
682,BREVE1,NENHUM,40788,sim
683,BREVE2,NENHUM,40788,sim
684,FRIO,NENHUM,40701,sim
685,BAR,NENHUM,40577,sim
686,CHAVE,CASA,40172,sim
687,IMPOSSÍVEL,NENHUM,40065,sim
688,IGREJA,NENHUM,40029,sim
689,NAMORADO,NENHUM,40010,sim
690,MARAVILHOSO,NENHUM,39963,sim
691,HAVER,NENHUM,39736,sim
692,MAIORIA,NENHUM,39724,sim
693,SEGREDO,NENHUM,39705,sim
694,VERDADEIRO,NENHUM,39600,sim
695,PASSAR_ROUPA,NENHUM,39400,sim
696,ROUPA,VESTUÁRIO_COMPLEMENTOS,39400,sim
697,SETE,NUMERAL_DINHEIRO,39299,sim
698,NAVE1,TRANPORTE_VEÍCULO,39054,sim
699,ASSUNTO,NENHUM,39029,sim
700,IMEDIATAMENTE,NENHUM,38798,sim
701,CAIR1,NENHUM,38640,sim
702,CAIR2,NENHUM,38640,sim
703,OURO1,MATÉRIA_SUBSTÂNCIA,38621,sim
704,OURO2,MATÉRIA_SUBSTÂNCIA,38621,sim
705,POBRE,NENHUM,38412,sim
706,MAR,PLANTA_FLOR_NATUREZA,38283,sim
707,VISTA1,NENHUM,38104,sim
708,VISTA2,NENHUM,38104,sim
709,À_VISTA,NENHUM,38104,sim
710,ALMA,NENHUM,38030,sim
711,GENERAL,NENHUM,37765,sim
712,MESTRE,NENHUM,37748,sim
713,CELULAR1,APARELHO_MÁQUINA,37657,sim
714,CELULAR2,APARELHO_MÁQUINA,37657,sim
715,OFICIAL1,NENHUM,37617,sim
716,OFICIAL2,NENHUM,37617,sim
717,OFICIAL3,NENHUM,37617,sim
718,CAVALO,ANIMAL_INSETO_PEIXE_AVE,37526,sim
719,COMPANHIA1,NENHUM,37495,sim
720,COMPANHIA2,NENHUM,37495,sim
721,SOMENTE,NENHUM,37474,sim
722,ESQUECER,NENHUM,37455,sim
723,PARECER,NENHUM,37425,sim
724,PADRE,PROFISSÃO_TRABALHO,37404,sim
725,BUSCAR,NENHUM,37200,sim
726,MAU1,NENHUM,37164,sim
727,MAU2,NENHUM,37164,sim
728,CENTRO1,NENHUM,37084,sim
729,CENTRO2,NENHUM,37084,sim
730,CENTRO3,PAÍS_ESTADO_CIDADE,37084,sim
731,ÉPOCA,NENHUM,37053,sim
732,ESTRADA,NENHUM,37051,sim
733,CARNE,ALIMENTO_BEBIDA,37029,sim
734,VESTIDO,VESTUÁRIO_COMPLEMENTOS,36836,sim
735,POSIÇÃO,NENHUM,36697,sim
736,CHEIO,NENHUM,36694,sim
737,CHEIO1,NENHUM,36694,sim
738,CHEIO2,NENHUM,36694,sim
739,CHEIO3,NENHUM,36694,sim
740,CHEIO4,NENHUM,36694,sim
741,CHEIO5,NENHUM,36694,sim
742,CHEIO6,NENHUM,36694,sim
743,FUGIR,NENHUM,36637,sim
744,TESTE_AUDIOMÉTRICO,HIGIENE_SAÚDE,36594,sim
745,TESTE1,NENHUM,36594,sim
746,TESTE2,NENHUM,36594,sim
747,LIGAÇÃO1,NENHUM,36481,sim
748,LIGAÇÃO2,NENHUM,36481,sim
749,SAÚDE,HIGIENE_SAÚDE,36476,sim
750,DIFERENÇA,NENHUM,36472,sim
751,JUNTO,NENHUM,36445,sim
752,PLANETA,ANO_SIDERAL,36378,sim
753,DURO,NENHUM,36366,sim
754,PASSO,NENHUM,36365,sim
755,PROTEGER1,NENHUM,36231,sim
756,PROTEGER2,NENHUM,36231,sim
757,CACHORRO-QUENTE,ALIMENTO_BEBIDA,36173,sim
758,CACHORRO,ANIMAL_INSETO_PEIXE_AVE,36173,sim
759,EMBAIXO1,NENHUM,36133,sim
760,EMBAIXO2,NENHUM,36133,sim
761,GUARDA-ROUPA,CASA,36020,sim
762,ESCREVER1,NENHUM,36020,sim
763,GUARDA,PROFISSÃO_TRABALHO,36020,sim
764,GUARDA-SOL,VESTUÁRIO_COMPLEMENTOS,36020,sim
765,IGUAL1,NENHUM,35954,sim
766,IGUAL2,NENHUM,35954,sim
767,IGUAL3,NENHUM,35954,sim
768,MANDAR,NENHUM,35873,sim
769,BATER1,NENHUM,35842,sim
770,BATER2,NENHUM,35842,sim
771,BATER3,NENHUM,35842,sim
772,BASTA!,NENHUM,35786,sim
773,CHEGA_!_(BASTA),NENHUM,35786,sim
774,PROVAR1,NENHUM,35703,sim
775,PROVAR2,NENHUM,35703,sim
776,PROVAR3,NENHUM,35703,sim
777,PROVAR4,NENHUM,35703,sim
778,AMBOS,NENHUM,35670,sim
779,ESQUERDA,NENHUM,35670,sim
780,CORONEL,PROFISSÃO_TRABALHO,35633,sim
781,APRENDER,NENHUM,35413,sim
782,CORRER1,NENHUM,35355,sim
783,CORRER2,NENHUM,35355,sim
784,CORRER3,NENHUM,35355,sim
785,INFORMAÇÃO,NENHUM,35075,sim
786,PERIGO,NENHUM,35058,sim
787,BOLA5,CASA,35012,sim
788,BOLA1,ESPORTE_DIVERSÃO,35012,sim
789,BOLA2,ESPORTE_DIVERSÃO,35012,sim
790,BOLA3,ESPORTE_DIVERSÃO,35012,sim
791,BOLA4,ESPORTE_DIVERSÃO,35012,sim
792,RELAÇÃO1,NENHUM,34977,sim
793,RELAÇÃO2,NENHUM,34977,sim
794,DOCE,NENHUM,34962,sim
795,DESTINO,NENHUM,34900,sim
796,BRANCO2,CORPO,34655,sim
797,GOSTAR,NENHUM,34578,sim
798,CERCA,CASA,34431,sim
799,CERVEJA,ALIMENTO_BEBIDA,34428,sim
800,RESOLVER,NENHUM,34371,sim
801,PÚBLICO1,ESPORTE_DIVERSÃO,34198,sim
802,PÚBLICO2,NENHUM,34198,sim
803,SENTAR,NENHUM,34185,sim
804,TIRO,NENHUM,34176,sim
805,OPORTUNIDADE1,NENHUM,34155,sim
806,OPORTUNIDADE2,NENHUM,34155,sim
807,COZINHA,CASA,34049,sim
808,INTELIGENTE,NENHUM,33976,sim
809,TOQUE,NENHUM,33742,sim
810,PROPÓSITO,NENHUM,33716,sim
811,CHÁ1,ALIMENTO_BEBIDA,33714,sim
812,FACULDADE,NENHUM,33583,sim
813,GRAÇA,NENHUM,33571,sim
814,DIRETO,NENHUM,33459,sim
815,SUL,PLANTA_FLOR_NATUREZA,33384,sim
816,TREM,TRANPORTE_VEÍCULO,33018,sim
817,DEPRESSA,NENHUM,32951,sim
818,PERIGOSO,NENHUM,32867,sim
819,CONFIAR,NENHUM,32807,sim
820,SARGENTO,NENHUM,32789,sim
821,OITO,NUMERAL_DINHEIRO,32658,sim
822,CHEIRO1,NENHUM,32588,sim
823,CHEIRO2,NENHUM,32588,sim
824,CHEIRO3,NENHUM,32588,sim
825,EXPERIÊNCIA,NENHUM,32554,sim
826,CLUBE,ESPORTE_DIVERSÃO,32545,sim
827,ESTÚPIDO,NENHUM,32420,sim
828,JUSTO,NENHUM,32416,sim
829,JANELA,NENHUM,32390,sim
830,RIO_GRANDE_DO_NORTE,PAÍS_ESTADO_CIDADE,32381,sim
831,RIO_GRANDE_DO_SUL,PAÍS_ESTADO_CIDADE,32381,sim
832,RIO,PLANTA_FLOR_NATUREZA,32381,sim
833,SACO,NENHUM,32304,sim
834,SUCESSO,NENHUM,32219,sim
835,LIXO,HIGIENE_SAÚDE,32163,sim
836,ACEITAR,NENHUM,32075,sim
837,VINHO,MATÉRIA_SUBSTÂNCIA,31894,sim
838,NECESSÁRIO,NENHUM,31886,sim
839,SAÍDA,NENHUM,31743,sim
840,DANÇAR1,NENHUM,31733,sim
841,DANÇAR2,NENHUM,31733,sim
842,RAINHA,NENHUM,31701,sim
843,COMUM1,NENHUM,31675,sim
844,COMUM2,NENHUM,31675,sim
845,LIBERDADE,NENHUM,31591,sim
846,TRIBUNAL,NENHUM,31274,sim
847,VERÃO,ANO_SIDERAL,31258,sim
848,DE_REPENTE,NENHUM,31191,sim
849,VENDER,NENHUM,31036,sim
850,BELO,NENHUM,31035,sim
851,MÁQUINA,APARELHO_MÁQUINA,30869,sim
852,MÁQUINA_DE_ESCREVER,APARELHO_MÁQUINA,30869,sim
853,SILÊNCIO,NENHUM,30819,sim
854,RECEBER,NENHUM,30753,sim
855,MEIA-NOITE,ANO_SIDERAL,30730,sim
856,MEIA,VESTUÁRIO_COMPLEMENTOS,30730,sim
857,EXEMPLO,NENHUM,30586,sim
858,RAIVA,SENTIMENTOS,30554,sim
859,AULA,PAÍS_ESTADO_CIDADE,30548,sim
860,ESCOLHER,NENHUM,30272,sim
861,CADÊ,NENHUM,30250,sim
862,PREOCUPAR,NENHUM,30141,sim
863,UAU,NENHUM,30114,sim
864,ATIRAR1,NENHUM,30083,sim
865,ATIRAR2,NENHUM,30083,sim
866,AZUL,COR_FORMA,30061,sim
867,LUA,PLANTA_FLOR_NATUREZA,30051,sim
868,PRESSÃO,NENHUM,30027,sim
869,SÉRIE,NENHUM,30002,sim
870,PERDIDO,NENHUM,29973,sim
871,JAMAIS,NENHUM,29970,sim
872,VERMELHO,COR_FORMA,29959,sim
873,LEGENDA,NENHUM,29932,sim
874,INTEIRO,NUMERAL_DINHEIRO,29922,sim
875,CARTÃO1,NENHUM,29844,sim
876,CARTÃO_DE_PONTO,NENHUM,29844,sim
877,CARTÃO2,NUMERAL_DINHEIRO,29844,sim
878,DIRETOR,PROFISSÃO_TRABALHO,29772,sim
879,ESPERANÇA,SENTIMENTOS,29765,sim
880,ILHA,PLANTA_FLOR_NATUREZA,29739,sim
881,NOTÍCIA,NENHUM,29679,sim
882,REVISÃO,NENHUM,29606,sim
883,DEVAGAR,NENHUM,29598,sim
884,BANHO,HIGIENE_SAÚDE,29461,sim
885,AMÉRICA,PAÍS_ESTADO_CIDADE,29434,sim
886,BOLSA,VESTUÁRIO_COMPLEMENTOS,29339,sim
887,BOMBA2,APARELHO_MÁQUINA,29030,sim
888,PREÇO,NUMERAL_DINHEIRO,28984,sim
889,ESCONDER,NENHUM,28921,sim
890,T,NENHUM,28744,sim
891,OCUPADO,NENHUM,28704,sim
892,PEDIDO,NENHUM,28572,sim
893,PARCEIRO,ESPORTE_DIVERSÃO,28415,sim
894,PELE,CORPO,28406,sim
895,NÍVEL,NENHUM,28405,sim
896,OPINIÃO,NENHUM,28396,sim
897,COMPUTADOR,APARELHO_MÁQUINA,28288,sim
898,SEGUINTE,NENHUM,28247,sim
899,ÔNIBUS1,TRANPORTE_VEÍCULO,28182,sim
900,ÔNIBUS2,TRANPORTE_VEÍCULO,28182,sim
901,CAMPO_DE_BATALHA,NENHUM,28151,sim
902,RÁDIO,APARELHO_MÁQUINA,28130,sim
903,PERDÃO,NENHUM,28063,sim
904,JUSTIÇA,NENHUM,28015,sim
905,DANÇA,ESPORTE_DIVERSÃO,27998,sim
906,BRAÇO,CORPO,27951,sim
907,LÍDER1,NENHUM,27831,sim
908,LÍDER2,NENHUM,27831,sim
909,VERGONHA,SENTIMENTOS,27654,sim
910,CRIAR1,NENHUM,27646,sim
911,CRIAR2,NENHUM,27646,sim
912,CRIAR3,NENHUM,27646,sim
913,CRIAR4,NENHUM,27646,sim
914,ALMOÇO1,NENHUM,27624,sim
915,ALMOÇO2,NENHUM,27624,sim
916,CORAGEM,SENTIMENTOS,27608,sim
917,SOM,NENHUM,27578,sim
918,ROUBAR1,NENHUM,27559,sim
919,ROUBAR2,NENHUM,27559,sim
920,VÁRIOS2,ALIMENTO_BEBIDA,27547,sim
921,NEGRO,COR_FORMA,27506,sim
922,ESPÍRITO,NENHUM,27480,sim
923,CANSADO,NENHUM,27349,sim
924,DEFESA,NENHUM,27337,sim
925,PRINCIPAL,NENHUM,27285,sim
926,BUNDA,CORPO,27249,sim
927,ENORME,NENHUM,27120,sim
928,IMAGINAR,NENHUM,27106,sim
929,INIMIGO,NENHUM,27050,sim
930,JULGAMENTO,NENHUM,26953,sim
931,APARECER2,NENHUM,26851,sim
932,JUIZ,PROFISSÃO_TRABALHO,26781,sim
933,ESTRELA-DO-MAR,ANIMAL_INSETO_PEIXE_AVE,26777,sim
934,ESTRELA,COR_FORMA,26777,sim
935,GAY,NENHUM,26637,sim
936,PIADA,NENHUM,26631,sim
937,REALIDADE,NENHUM,26486,sim
938,D,NENHUM,26436,sim
939,RELATÓRIO,NENHUM,26419,sim
940,RESPONSÁVEL,NENHUM,26199,sim
941,RESTAURANTE,NENHUM,26199,sim
942,DÚVIDA,SENTIMENTOS,26030,sim
943,EVITAR,NENHUM,25994,sim
944,ALVO,NENHUM,25970,sim
945,DESTRUIR1,NENHUM,25817,sim
946,DESTRUIR2,NENHUM,25817,sim
947,GATO,ANIMAL_INSETO_PEIXE_AVE,25788,sim
948,CLASSE,NENHUM,25759,sim
949,SUBIR1,NENHUM,25714,sim
950,SUBIR2,NENHUM,25714,sim
951,SUBIR3,NENHUM,25714,sim
952,BRINCAR,NENHUM,25712,sim
953,BURACO1,NENHUM,25711,sim
954,BURACO2,NENHUM,25711,sim
955,GENTIL,NENHUM,25549,sim
956,CADEIA,NENHUM,25484,sim
957,ACIMA,NENHUM,25335,sim
958,GELO,MATÉRIA_SUBSTÂNCIA,25313,sim
959,CORRIDA,NENHUM,25301,sim
960,XERIFE,PROFISSÃO_TRABALHO,25295,sim
961,INGLÊS1,NENHUM,25068,sim
962,VÍDEO,APARELHO_MÁQUINA,25045,sim
963,INÍCIO,NENHUM,25040,sim
964,ENDEREÇO,NENHUM,24902,sim
965,PRÉDIO1,NENHUM,24898,sim
966,PRÉDIO2,NENHUM,24898,sim
967,PRAIA,PLANTA_FLOR_NATUREZA,24767,sim
968,NERVOSO,HIGIENE_SAÚDE,24737,sim
969,LABORATÓRIO,PROFISSÃO_TRABALHO,24708,sim
970,PAREDE,NENHUM,24704,sim
971,BRINCADEIRA,ESPORTE_DIVERSÃO,24677,sim
972,CORTAR1,NENHUM,24628,sim
973,CORTAR2,NENHUM,24628,sim
974,ENTRADA,NENHUM,24608,sim
975,COR,COR_FORMA,24601,sim
976,NATUREZA,PLANTA_FLOR_NATUREZA,24560,sim
977,PROJETO,PROFISSÃO_TRABALHO,24375,sim
978,NAVIO,TRANPORTE_VEÍCULO,24347,sim
979,LIMPO,HIGIENE_SAÚDE,24321,sim
980,RESPONDER,NENHUM,24278,sim
981,MOVIMENTO,NENHUM,24258,sim
982,BRAVO,NENHUM,24229,sim
983,JORNAL,NENHUM,24193,sim
984,BÊBADO,NENHUM,24152,sim
985,PEDRA,MATÉRIA_SUBSTÂNCIA,24147,sim
986,ANIMAL,ANIMAL_INSETO_PEIXE_AVE,24126,sim
987,INOCENTE,NENHUM,24119,sim
988,FÉ2,SENTIMENTOS,24073,sim
989,PEIXE1,ANIMAL_INSETO_PEIXE_AVE,23995,sim
990,PEIXE2,ANIMAL_INSETO_PEIXE_AVE,23995,sim
991,AMERICANO,NENHUM,23988,sim
992,MEMÓRIA,NENHUM,23944,sim
993,CONTIGO,NENHUM,23882,sim
994,CONFIANÇA,SENTIMENTOS,23882,sim
995,FLORESTA,PLANTA_FLOR_NATUREZA,23791,sim
996,TOTAL,NENHUM,23784,sim
997,DIRIGIR,NENHUM,23752,sim
998,M,NENHUM,23735,sim
999,PESCOÇO,CORPO,23651,sim
1000,PREPARAR,NENHUM,23622,sim
1001,GRÁVIDA1,HIGIENE_SAÚDE,23588,sim
1002,GRÁVIDA2,HIGIENE_SAÚDE,23588,sim
1003,ENTREGAR,NENHUM,23502,sim
1004,DIABO,NENHUM,23404,sim
1005,CADEIRA,NENHUM,23396,sim
1006,SOLDADO,PROFISSÃO_TRABALHO,23386,sim
1007,PÔR,NENHUM,23372,sim
1008,PÔR-DO-SOL,PLANTA_FLOR_NATUREZA,23372,sim
1009,TIRA-GOSTO,ALIMENTO_BEBIDA,23352,sim
1010,ASSISTIR1,NENHUM,23345,sim
1011,ASSISTIR2,NENHUM,23345,sim
1012,ASSISTIR3,NENHUM,23345,sim
1013,COMA,HIGIENE_SAÚDE,23323,sim
1014,AGRADECER,NENHUM,23321,sim
1015,FÉRIAS,ESPORTE_DIVERSÃO,23180,sim
1016,DESAFIO,NENHUM,23180,sim
1017,MONSTRO,NENHUM,23156,sim
1018,REDOR,NENHUM,23016,sim
1019,MENOR1,NENHUM,22997,sim
1020,MENOR2,NENHUM,22997,sim
1021,VIRAR,NENHUM,22971,sim
1022,PERNA,CORPO,22965,sim
1023,OPERAÇÃO,HIGIENE_SAÚDE,22948,sim
1024,VISITA,NENHUM,22888,sim
1025,CARO1,NENHUM,22887,sim
1026,ESCAPAR1,NENHUM,22860,sim
1027,ESCAPAR2,NENHUM,22860,sim
1028,BALA2,ALIMENTO_BEBIDA,22854,sim
1029,BALA1,NENHUM,22854,sim
1030,JESUS_CRISTO,NENHUM,22818,sim
1031,APRESENTAR1,NENHUM,22814,sim
1032,APRESENTAR2,NENHUM,22814,sim
1033,APRESENTAR3,NENHUM,22814,sim
1034,DISTÂNCIA,NENHUM,22795,sim
1035,CHORAR,NENHUM,22777,sim
1036,FACA,CASA,22722,sim
1037,VAN,TRANPORTE_VEÍCULO,22707,sim
1038,VENCER1,ESPORTE_DIVERSÃO,22704,sim
1039,VENCER2,NENHUM,22704,sim
1040,PARTICULAR,NENHUM,22692,sim
1041,NARIZ,CORPO,22660,sim
1042,PAR1,ESPORTE_DIVERSÃO,22658,sim
1043,PAR2,NENHUM,22658,sim
1044,DADO,ESPORTE_DIVERSÃO,22601,sim
1045,NOVE,NUMERAL_DINHEIRO,22594,sim
1046,BEIJO,NENHUM,22576,sim
1047,QUIETO,NENHUM,22557,sim
1048,DECIDIR,NENHUM,22472,sim
1049,VERDE,COR_FORMA,22418,sim
1050,UNIVERSO,PLANTA_FLOR_NATUREZA,22400,sim
1051,ABAIXO,NENHUM,22351,sim
1052,ANTIGO1,NENHUM,22337,sim
1053,ANTIGO2,NENHUM,22337,sim
1054,MOÇA,NENHUM,22229,sim
1055,MERCADO,NENHUM,22211,sim
1056,ESCURO,NENHUM,22181,sim
1057,BOLO_1,ALIMENTO_BEBIDA,22179,sim
1058,BOLO_2,ALIMENTO_BEBIDA,22179,sim
1059,BANDA,ESPORTE_DIVERSÃO,22159,sim
1060,VALOR1,NUMERAL_DINHEIRO,22085,sim
1061,VALOR2,NUMERAL_DINHEIRO,22085,sim
1062,DOENÇA,HIGIENE_SAÚDE,22051,sim
1063,RELÓGIO1,APARELHO_MÁQUINA,22048,sim
1064,CAMINHÃO,TRANPORTE_VEÍCULO,22030,sim
1065,RICO1,NENHUM,21954,sim
1066,RICO2,NENHUM,21954,sim
1067,CULPADO,NENHUM,21919,sim
1068,BARULHO,NENHUM,21842,sim
1069,ARRUMAR1,NENHUM,21804,sim
1070,ARRUMAR2,NENHUM,21804,sim
1071,ARRUMAR3,NENHUM,21804,sim
1072,MÁXIMO,NENHUM,21728,sim
1073,POLÍTICA,NENHUM,21726,sim
1074,PARQUE,ESPORTE_DIVERSÃO,21657,sim
1075,LEITE,MATÉRIA_SUBSTÂNCIA,21643,sim
1076,QUEBRAR1,NENHUM,21639,sim
1077,QUEBRAR2,NENHUM,21639,sim
1078,QUEBRAR3,NENHUM,21639,sim
1079,QUEBRAR4,NENHUM,21639,sim
1080,DISCUTIR,NENHUM,21600,sim
1081,DESISTIR,NENHUM,21586,sim
1082,LEVANTAR1,NENHUM,21570,sim
1083,LEVANTAR2,NENHUM,21570,sim
1084,LEVANTAR3,NENHUM,21570,sim
1085,VELOCIDADE,NENHUM,21457,sim
1086,CIRURGIA,HIGIENE_SAÚDE,21356,sim
1087,MILHÃO,NUMERAL_DINHEIRO,21351,sim
1088,ACESSO1,NENHUM,21343,sim
1089,ACESSO2,NENHUM,21343,sim
1090,MACHUCAR1,NENHUM,21315,sim
1091,MACHUCAR2,NENHUM,21315,sim
1092,MARCA,NENHUM,21301,sim
1093,DEVER1,NENHUM,21280,sim
1094,DEVER2,NENHUM,21280,sim
1095,DEVER3,NENHUM,21280,sim
1096,CINEMA,ESPORTE_DIVERSÃO,21274,sim
1097,LIVRAR,NENHUM,21204,sim
1098,VENTO,PLANTA_FLOR_NATUREZA,21191,sim
1099,FECHAR1,NENHUM,21023,sim
1100,PRINCESA,NENHUM,20902,sim
1101,ANEL,VESTUÁRIO_COMPLEMENTOS,20797,sim
1102,PARADO,NENHUM,20707,sim
1103,DONO,NENHUM,20696,sim
1104,DESCANSAR,NENHUM,20664,sim
1105,PALCO,ESPORTE_DIVERSÃO,20663,sim
1106,PONTE,NENHUM,20580,sim
1107,CASADO,FAMÍLIA,20487,sim
1108,LÍNGUA,CORPO,20466,sim
1109,PESO1,NENHUM,20445,sim
1110,PESO2,NENHUM,20445,sim
1111,TROCAR1,NENHUM,20438,sim
1112,TROCAR2,NENHUM,20438,sim
1113,DEBAIXO,NENHUM,20437,sim
1114,RELACIONAMENTO,NENHUM,20320,sim
1115,OBTER,NENHUM,20293,sim
1116,ORGULHO1,SENTIMENTOS,20130,sim
1117,ORGULHO2,SENTIMENTOS,20130,sim
1118,ACORDAR1,NENHUM,20045,sim
1119,ACORDAR2,NENHUM,20045,sim
1120,ACORDAR3,NENHUM,20045,sim
1121,INTERESSE,SENTIMENTOS,20038,sim
1122,GARRAFA1,NENHUM,20019,sim
1123,GARRAFA2,NENHUM,20019,sim
1124,ESTADOS_UNIDOS,NENHUM,19984,sim
1125,MENTIR,NENHUM,19939,sim
1126,CONTRATO,NENHUM,19889,sim
1127,ESPERTO,NENHUM,19771,sim
1128,DESCER,NENHUM,19710,sim
1129,FUTEBOL,ESPORTE_DIVERSÃO,19612,sim
1130,JOGAR_FUTEBOL,ESPORTE_DIVERSÃO,19612,sim
1131,CAMISA,VESTUÁRIO_COMPLEMENTOS,19611,sim
1132,LAR,NENHUM,19580,sim
1133,AMÉRICA_CENTRAL,PAÍS_ESTADO_CIDADE,19533,sim
1134,SOCIEDADE,NENHUM,19458,sim
1135,TÁXI,TRANPORTE_VEÍCULO,19457,sim
1136,VOAR,NENHUM,19406,sim
1137,ENVIAR1,NENHUM,19387,sim
1138,ENVIAR2,NENHUM,19387,sim
1139,ENVIAR3,NENHUM,19387,sim
1140,TEORIA,NENHUM,19370,sim
1141,OFERTA,NENHUM,19337,sim
1142,FRANÇA,PAÍS_ESTADO_CIDADE,19284,sim
1143,INGLATERRA,PAÍS_ESTADO_CIDADE,19280,sim
1144,PRETO1,COR_FORMA,19279,sim
1145,PRETO2,COR_FORMA,19279,sim
1146,RESULTADO,NENHUM,19248,sim
1147,PROFISSIONAL,PROFISSÃO_TRABALHO,19237,sim
1148,FANTASMA,NENHUM,19184,sim
1149,ALTURA,NENHUM,19174,sim
1150,CALOR,NENHUM,19155,sim
1151,MALUCO,NENHUM,19126,sim
1152,ASSISTENTE,NENHUM,19096,sim
1153,VITÓRIA2,NENHUM,19079,sim
1154,VITÓRIA1,PAÍS_ESTADO_CIDADE,19079,sim
1155,CHAPÉU1,VESTUÁRIO_COMPLEMENTOS,19056,sim
1156,CHAPÉU2,VESTUÁRIO_COMPLEMENTOS,19056,sim
1157,MORAR,NENHUM,19016,sim
1158,JARDIM,PLANTA_FLOR_NATUREZA,19002,sim
1159,COLEGA,NENHUM,18995,sim
1160,VERIFICAR,NENHUM,18985,sim
1161,PORCO,ANIMAL_INSETO_PEIXE_AVE,18962,sim
1162,NATURAL,PLANTA_FLOR_NATUREZA,18900,sim
1163,FONTE,PLANTA_FLOR_NATUREZA,18792,sim
1164,MOTORISTA,PROFISSÃO_TRABALHO,18781,sim
1165,VISITAR,NENHUM,18755,sim
1166,PARQUE_DE_DIVERSÃO,ESPORTE_DIVERSÃO,18742,sim
1167,UNIVERSIDADE,NENHUM,18727,sim
1168,TERCEIRO,NUMERAL_DINHEIRO,18725,sim
1169,JUNTAR1,NENHUM,18712,sim
1170,JUNTAR2,NENHUM,18712,sim
1171,JUNTAR3,NENHUM,18712,sim
1172,JUNTAR4,NENHUM,18712,sim
1173,UNIDADE,NUMERAL_DINHEIRO,18705,sim
1174,RESPONSABILIDADE,SENTIMENTOS,18689,sim
1175,FIRME1,NENHUM,18688,sim
1176,FIRME2,NENHUM,18688,sim
1177,PESQUISA,NENHUM,18665,sim
1178,PRESSA,NENHUM,18663,sim
1179,CONSERTAR,NENHUM,18629,sim
1180,SERVIR,NENHUM,18576,sim
1181,USADO,NENHUM,18545,sim
1182,CASAL1,FAMÍLIA,18390,sim
1183,CASAL2,FAMÍLIA,18390,sim
1184,OESTE1,NENHUM,18361,sim
1185,OESTE2,NENHUM,18361,sim
1186,CASACO,VESTUÁRIO_COMPLEMENTOS,18264,sim
1187,ABERTO1,NENHUM,18254,sim
1188,ABERTO2,NENHUM,18254,sim
1189,CANÇÃO,ESPORTE_DIVERSÃO,18243,sim
1190,CHUVA,PLANTA_FLOR_NATUREZA,18241,sim
1191,GUARDA-CHUVA,VESTUÁRIO_COMPLEMENTOS,18241,sim
1192,ESPADA,NENHUM,18238,sim
1193,DEMORAR,NENHUM,18213,sim
1194,ENSINAR,NENHUM,18187,sim
1195,MATA,PLANTA_FLOR_NATUREZA,18133,sim
1196,POR_ACASO,NENHUM,18093,sim
1197,MODELO,NENHUM,18070,sim
1198,DEDO,CORPO,18063,sim
1199,SÁBADO,ANO_SIDERAL,18059,sim
1200,BAILE,ESPORTE_DIVERSÃO,18031,sim
1201,GERAL,NENHUM,17989,sim
1202,PARADA_DE_ÔNIBUS,TRANPORTE_VEÍCULO,17944,sim
1203,PROTEÇÃO,NENHUM,17774,sim
1204,ARMÁRIO,CASA,17760,sim
1205,B,NENHUM,17749,sim
1206,SANTO,NENHUM,17702,sim
1207,HONESTO,NENHUM,17631,sim
1208,ACAMPAMENTO,ESPORTE_DIVERSÃO,17604,sim
1209,OBJETIVO1,NENHUM,17547,sim
1210,OBJETIVO2,NENHUM,17547,sim
1211,CONSTRUIR,NENHUM,17541,sim
1212,COMPETIÇÃO,ESPORTE_DIVERSÃO,17492,sim
1213,POLÍCIA_MILITAR,NENHUM,17482,sim
1214,MILITAR,PROFISSÃO_TRABALHO,17482,sim
1215,ORGULHOSO,NENHUM,17353,sim
1216,BESTEIRA,NENHUM,17341,sim
1217,PROPRIEDADE,NENHUM,17325,sim
1218,RIR,NENHUM,17307,sim
1219,APAIXONADO,NENHUM,17288,sim
1220,MEMBRO,NENHUM,17286,sim
1221,CHOCOLATE,ALIMENTO_BEBIDA,17279,sim
1222,INTERNET,NENHUM,17253,sim
1223,DOMINGO,ANO_SIDERAL,17225,sim
1224,CORREDOR,CASA,17177,sim
1225,LÍNGUA_DE_SINAIS,NENHUM,17161,sim
1226,MATERIAL2,NENHUM,17153,sim
1227,RELAÇÃO_SEXUAL,NENHUM,17126,sim
1228,LAGO,PLANTA_FLOR_NATUREZA,17044,sim
1229,ATACAR1,NENHUM,17041,sim
1230,ATACAR2,NENHUM,17041,sim
1231,ATACAR3,NENHUM,17041,sim
1232,PRIMO,FAMÍLIA,17038,sim
1233,FELICIDADE,SENTIMENTOS,17028,sim
1234,PÃO,ALIMENTO_BEBIDA,16981,sim
1235,PÃO-DURO,NUMERAL_DINHEIRO,16981,sim
1236,CARONA,NENHUM,16973,sim
1237,MONTANHA,PLANTA_FLOR_NATUREZA,16969,sim
1238,PASSAGEM2,NENHUM,16968,sim
1239,PASSAGEM3,NENHUM,16968,sim
1240,PASSAGEM1,TRANPORTE_VEÍCULO,16968,sim
1241,PREFEITO,PROFISSÃO_TRABALHO,16967,sim
1242,CONFUSÃO1,NENHUM,16966,sim
1243,CONFUSÃO2,NENHUM,16966,sim
1244,PEITO,CORPO,16957,sim
1245,INÚTIL,NENHUM,16933,sim
1246,CONTENTE,NENHUM,16901,sim
1247,HUMOR,NENHUM,16879,sim
1248,CURSO,NENHUM,16875,sim
1249,LIÇÃO,NENHUM,16850,sim
1250,AEROPORTO,TRANPORTE_VEÍCULO,16839,sim
1251,ORIGINAL,NENHUM,16786,sim
1252,PRÊMIO1,NENHUM,16778,sim
1253,PRÊMIO2,NENHUM,16778,sim
1254,EXATO,NENHUM,16772,sim
1255,JÚRI,NENHUM,16771,sim
1256,IMPEDIR,NENHUM,16766,sim
1257,COPO,NENHUM,16752,sim
1258,COMPLETO,NENHUM,16689,sim
1259,NOTA,NENHUM,16680,sim
1260,FALSO1,NENHUM,16666,sim
1261,FALSO2,NENHUM,16666,sim
1262,FALSO3,NENHUM,16666,sim
1263,ANJO,NENHUM,16665,sim
1264,TEMPESTADE,PLANTA_FLOR_NATUREZA,16589,sim
1265,ÚTIL,NENHUM,16583,sim
1266,RECUPERAR,NENHUM,16521,sim
1267,POSTO_DE_SAÚDE,HIGIENE_SAÚDE,16515,sim
1268,ADMITIR1,NENHUM,16504,sim
1269,ADMITIR2,NENHUM,16504,sim
1270,CABO1,NENHUM,16503,sim
1271,CABO2,PROFISSÃO_TRABALHO,16503,sim
1272,EXPLODIR,NENHUM,16464,sim
1273,VENDA,NENHUM,16456,sim
1274,OFERECER,NENHUM,16443,sim
1275,CRESCER1,NENHUM,16413,sim
1276,CRESCER2,NENHUM,16413,sim
1277,PRESENÇA,NENHUM,16377,sim
1278,TECNOLOGIA,NENHUM,16362,sim
1279,AVISAR,NENHUM,16349,sim
1280,VIA,NENHUM,16334,sim
1281,MAPA,NENHUM,16324,sim
1282,VIAJAR1,NENHUM,16308,sim
1283,VIAJAR2,NENHUM,16308,sim
1284,NEVE,PLANTA_FLOR_NATUREZA,16302,sim
1285,PERCEBER1,NENHUM,16292,sim
1286,PERCEBER2,NENHUM,16292,sim
1287,DISCURSO,NENHUM,16212,sim
1288,COMPLICADO,NENHUM,16202,sim
1289,GÁS,MATÉRIA_SUBSTÂNCIA,16187,sim
1290,MEL,MATÉRIA_SUBSTÂNCIA,16181,sim
1291,LUA-DE-MEL,NENHUM,16181,sim
1292,ROSA,COR_FORMA,16175,sim
1293,CÂNCER,HIGIENE_SAÚDE,16125,sim
1294,REINO,NENHUM,16121,sim
1295,TEATRO,ESPORTE_DIVERSÃO,16089,sim
1296,DATA,ANO_SIDERAL,16047,sim
1297,CANTO1,NENHUM,16037,sim
1298,CANTO2,NENHUM,16037,sim
1299,ÓBVIO,NENHUM,16030,sim
1300,LADRÃO,NENHUM,16020,sim
1301,FRANCÊS,NENHUM,15969,sim
1302,LESTE,NENHUM,15956,sim
1303,IMPRESSIONANTE,NENHUM,15883,sim
1304,CONHECIMENTO,NENHUM,15834,sim
1305,SEGURAR,NENHUM,15786,sim
1306,INTENÇÃO,NENHUM,15781,sim
1307,GRITAR,NENHUM,15776,sim
1308,PRATO,CASA,15724,sim
1309,EUROPA,NENHUM,15718,sim
1310,TOLO,NENHUM,15700,sim
1311,MATE,NENHUM,15683,sim
1312,FAVORITO1,NENHUM,15670,sim
1313,FAVORITO2,NENHUM,15670,sim
1314,CHEQUE,NUMERAL_DINHEIRO,15641,sim
1315,CONTRA-CHEQUE,PROFISSÃO_TRABALHO,15641,sim
1316,PODEROSO,NENHUM,15634,sim
1317,SÉCULO,ANO_SIDERAL,15620,sim
1318,VINTE,NUMERAL_DINHEIRO,15612,sim
1319,VAZIO1,NENHUM,15606,sim
1320,VAZIO2,NENHUM,15606,sim
1321,RESPIRAR,NENHUM,15578,sim
1322,OPÇÃO,NENHUM,15576,sim
1323,AMIZADE,SENTIMENTOS,15544,sim
1324,EXAME1,HIGIENE_SAÚDE,15510,sim
1325,EXAME2,NENHUM,15510,sim
1326,EXAME3,NENHUM,15510,sim
1327,FINGIR,NENHUM,15474,sim
1328,TALENTO,NENHUM,15429,sim
1329,HORA-EXTRA,NUMERAL_DINHEIRO,15424,sim
1330,SOCIAL,NENHUM,15408,sim
1331,COMUNIDADE,NENHUM,15391,sim
1332,FECHADO2,NENHUM,15314,sim
1333,CHATO1,NENHUM,15269,sim
1334,CHATO2,NENHUM,15269,sim
1335,CHATO3,NENHUM,15269,sim
1336,CHATO4,NENHUM,15269,sim
1337,INTERIOR1,NENHUM,15204,sim
1338,INTERIOR2,PAÍS_ESTADO_CIDADE,15204,sim
1339,FRACO,NENHUM,15201,sim
1340,REDE3,APARELHO_MÁQUINA,15190,sim
1341,REDE_1,CASA,15190,sim
1342,REDE_2,ESPORTE_DIVERSÃO,15190,sim
1343,FAMOSO,NENHUM,15159,sim
1344,FAZENDA2,MATÉRIA_SUBSTÂNCIA,15109,sim
1345,FAZENDA1,NENHUM,15109,sim
1346,IDENTIDADE1,NENHUM,15108,sim
1347,CONSCIÊNCIA,NENHUM,15095,sim
1348,PORCARIA,NENHUM,15055,sim
1349,TREINADOR,NENHUM,15048,sim
1350,CARTEIRA_DE_IDENTIDADE,NENHUM,15047,sim
1351,ESTUDAR,NENHUM,15029,sim
1352,QUEIJO,ALIMENTO_BEBIDA,15017,sim
1353,REGISTRO,NENHUM,14966,sim
1354,ALEGRIA1,SENTIMENTOS,14946,sim
1355,ALEGRIA2,SENTIMENTOS,14946,sim
1356,VIOLÊNCIA,NENHUM,14916,sim
1357,TRANSAR,NENHUM,14906,sim
1358,VESTIR,NENHUM,14904,sim
1359,ASSINAR,NENHUM,14886,sim
1360,PRENDER1,NENHUM,14886,sim
1361,PRENDER2,NENHUM,14886,sim
1362,INSPETOR,PROFISSÃO_TRABALHO,14874,sim
1363,MEXER,NENHUM,14872,sim
1364,TRATAR,NENHUM,14811,sim
1365,MANO,FAMÍLIA,14802,sim
1366,ARQUIVO,NENHUM,14775,sim
1367,PAU,MATÉRIA_SUBSTÂNCIA,14695,sim
1368,PUXA_SACO,NENHUM,14671,sim
1369,PASSEIO,NENHUM,14667,sim
1370,COSTA1,CORPO,14605,sim
1371,COSTA2,PLANTA_FLOR_NATUREZA,14605,sim
1372,INCÊNDIO,NENHUM,14567,sim
1373,PIZZA1,ALIMENTO_BEBIDA,14524,sim
1374,PIZZA2,ALIMENTO_BEBIDA,14524,sim
1375,SONO,NENHUM,14514,sim
1376,ZERO2,NENHUM,14512,sim
1377,DEMÔNIO,NENHUM,14460,sim
1378,FÁBRICA,PROFISSÃO_TRABALHO,14396,sim
1379,MÉXICO,PAÍS_ESTADO_CIDADE,14393,sim
1380,PILOTO,PROFISSÃO_TRABALHO,14392,sim
1381,CHOQUE1,NENHUM,14361,sim
1382,CHOQUE2,NENHUM,14361,sim
1383,QUEDA,NENHUM,14321,sim
1384,ÓCULOS,ESPORTE_DIVERSÃO,14283,sim
1385,FÃ,NENHUM,14278,sim
1386,QUALIDADE,NENHUM,14261,sim
1387,MÁGICA,ESPORTE_DIVERSÃO,14217,sim
1388,CORDA1,NENHUM,14188,sim
1389,SURPRESO,NENHUM,14090,sim
1390,SUJO,HIGIENE_SAÚDE,14088,sim
1391,AMANTE,NENHUM,14070,sim
1392,PADRÃO1,NENHUM,14060,sim
1393,PADRÃO2,NENHUM,14060,sim
1394,BOLSO,VESTUÁRIO_COMPLEMENTOS,14052,sim
1395,CARTEIRA_DE_BOLSO2,VESTUÁRIO_COMPLEMENTOS,14052,sim
1396,MÁQUINA_DE_LAVAR_ROUPA,APARELHO_MÁQUINA,14028,sim
1397,LAVAR,NENHUM,14028,sim
1398,LAVAR_AS_MÃOS1,NENHUM,14028,sim
1399,LAVAR_AS_MÃOS2,NENHUM,14028,sim
1400,LAVAR_CABELO,NENHUM,14028,sim
1401,LAVAR_ROSTO,NENHUM,14028,sim
1402,LAVAR_ROUPA,NENHUM,14028,sim
1403,QUEBRADO,NENHUM,14025,sim
1404,DEVOLVER1,NENHUM,14016,sim
1405,DEVOLVER2,NENHUM,14016,sim
1406,GIGANTE,CORPO,14012,sim
1407,MOTOR1,APARELHO_MÁQUINA,14010,sim
1408,MOTOR2,APARELHO_MÁQUINA,14010,sim
1409,FUNERAL,NENHUM,14002,sim
1410,PARECIDO,NENHUM,13975,sim
1411,SECRETO,NENHUM,13972,sim
1412,SOFÁ,CASA,13943,sim
1413,PERMITIR,NENHUM,13908,sim
1414,FILA,NENHUM,13899,sim
1415,ALERTA,NENHUM,13852,sim
1416,TELEVISÃO,APARELHO_MÁQUINA,13840,sim
1417,PISCINA,ESPORTE_DIVERSÃO,13761,sim
1418,DESERTO,PLANTA_FLOR_NATUREZA,13754,sim
1419,DESCULPAR,NENHUM,13751,sim
1420,FOLGA2,ESPORTE_DIVERSÃO,13724,sim
1421,BOBO1,NENHUM,13706,sim
1422,BOBO2,NENHUM,13706,sim
1423,GRAVE1,NENHUM,13695,sim
1424,GRAVE2,NENHUM,13695,sim
1425,ENFRENTAR,NENHUM,13658,sim
1426,MASSA,ALIMENTO_BEBIDA,13652,sim
1427,REGRA,NENHUM,13632,sim
1428,CAMPANHA,HIGIENE_SAÚDE,13590,sim
1429,DELEGACIA_DE_POLÍCIA,NENHUM,13541,sim
1430,DESLIGAR,NENHUM,13538,sim
1431,ESCONDIDO,NENHUM,13538,sim
1432,MODA1,VESTUÁRIO_COMPLEMENTOS,13523,sim
1433,MODA2,VESTUÁRIO_COMPLEMENTOS,13523,sim
1434,MOVER,NENHUM,13521,sim
1435,FRANGO,ANIMAL_INSETO_PEIXE_AVE,13507,sim
1436,MALA,NENHUM,13476,sim
1437,TORRE,NENHUM,13473,sim
1438,ARRANJAR1,NENHUM,13402,sim
1439,ARRANJAR2,NENHUM,13402,sim
1440,CIGARRO,NENHUM,13402,sim
1441,FUMAR,NENHUM,13391,sim
1442,GERENTE,PROFISSÃO_TRABALHO,13376,sim
1443,COMPANHEIRO,NENHUM,13345,sim
1444,MILAGRE,NENHUM,13342,sim
1445,FRONTEIRA,NENHUM,13330,sim
1446,APOSTAR,NENHUM,13318,sim
1447,LIMITE1,NENHUM,13302,sim
1448,LIMITE2,NENHUM,13302,sim
1449,REVISTA,NENHUM,13296,sim
1450,CHINA,PAÍS_ESTADO_CIDADE,13279,sim
1451,SEDE1,NENHUM,13278,sim
1452,PESADO,NENHUM,13257,sim
1453,PLACA,TRANPORTE_VEÍCULO,13247,sim
1454,CONTO,ESPORTE_DIVERSÃO,13215,sim
1455,INVERNO,ANO_SIDERAL,13211,sim
1456,SOFÁ_DE_MADEIRA,CASA,13204,sim
1457,MADEIRA,PLANTA_FLOR_NATUREZA,13204,sim
1458,BEIJAR1,NENHUM,13195,sim
1459,BEIJAR2,NENHUM,13195,sim
1460,BEIJAR3,NENHUM,13195,sim
1461,SENTIMENTO,SENTIMENTOS,13184,sim
1462,COVARDE,NENHUM,13171,sim
1463,ESTÔMAGO,CORPO,13168,sim
1464,ESCUTAR,NENHUM,13167,sim
1465,X,NENHUM,13040,sim
1466,DIVÓRCIO,FAMÍLIA,13003,sim
1467,MINISTRO,PROFISSÃO_TRABALHO,12992,sim
1468,MÍNIMO1,CORPO,12973,sim
1469,MÍNIMO2,NENHUM,12973,sim
1470,PÁSSARO2,ANIMAL_INSETO_PEIXE_AVE,12963,sim
1471,PÁSSARO1,NENHUM,12963,sim
1472,LEVADO1,NENHUM,12927,sim
1473,LEVADO2,NENHUM,12927,sim
1474,SUPERIOR,NENHUM,12927,sim
1475,BILHETE,NENHUM,12921,sim
1476,ALEMANHA,PAÍS_ESTADO_CIDADE,12916,sim
1477,CALMO1,NENHUM,12914,sim
1478,CALMO2,PLANTA_FLOR_NATUREZA,12914,sim
1479,RATO,ANIMAL_INSETO_PEIXE_AVE,12904,sim
1480,TRASEIRO2,CORPO,12889,sim
1481,TRASEIRO1,NENHUM,12889,sim
1482,ASSUMIR1,NENHUM,12868,sim
1483,ASSUMIR2,NENHUM,12868,sim
1484,ASSUMIR3,NENHUM,12868,sim
1485,VACA,ANIMAL_INSETO_PEIXE_AVE,12842,sim
1486,RECEIO,SENTIMENTOS,12829,sim
1487,BOBAGEM,NENHUM,12757,sim
1488,GUARDAR,NENHUM,12697,sim
1489,TREINAMENTO,ESPORTE_DIVERSÃO,12696,sim
1490,GARGANTA,CORPO,12691,sim
1491,PAGAMENTO1,NUMERAL_DINHEIRO,12681,sim
1492,PAGAMENTO2,NUMERAL_DINHEIRO,12681,sim
1493,BRUXA,ESPORTE_DIVERSÃO,12670,sim
1494,MARINHA,NENHUM,12663,sim
1495,ALEMÃO,NENHUM,12653,sim
1496,DAMA,NENHUM,12630,sim
1497,CEM,NUMERAL_DINHEIRO,12603,sim
1498,ESPELHO,CASA,12562,sim
1499,PAIXÃO,SENTIMENTOS,12562,sim
1500,AREIA,MATÉRIA_SUBSTÂNCIA,12536,sim
1501,PÁGINA1,NENHUM,12533,sim
1502,RELAXAR,NENHUM,12531,sim
1503,QUADRO,CASA,12516,sim
1504,QUADRO-NEGRO,NENHUM,12516,sim
1505,VOTO,NENHUM,12514,sim
1506,COZINHAR,NENHUM,12513,sim
1507,UNIFORME,VESTUÁRIO_COMPLEMENTOS,12487,sim
1508,COFRE,NENHUM,12475,sim
1509,CHATEADO,NENHUM,12456,sim
1510,DIVIDIR1,NENHUM,12454,sim
1511,DIVIDIR2,NENHUM,12454,sim
1512,DIVIDIR3,NENHUM,12454,sim
1513,CURA,HIGIENE_SAÚDE,12434,sim
1514,DEFENDER1,NENHUM,12433,sim
1515,DEFENDER2,NENHUM,12433,sim
1516,REMÉDIO,MATÉRIA_SUBSTÂNCIA,12430,sim
1517,URSO1,ANIMAL_INSETO_PEIXE_AVE,12423,sim
1518,URSO2,ANIMAL_INSETO_PEIXE_AVE,12423,sim
1519,VILA,NENHUM,12333,sim
1520,CANAL_DE_TV,NENHUM,12241,sim
1521,CANAL,PLANTA_FLOR_NATUREZA,12241,sim
1522,POSSIBILIDADE,NENHUM,12225,sim
1523,ALUGUEL1,NENHUM,12202,sim
1524,ALUGUEL2,NUMERAL_DINHEIRO,12202,sim
1525,GARAGEM,CASA,12196,sim
1526,GOVERNADOR,PROFISSÃO_TRABALHO,12186,sim
1527,SORVETE,ALIMENTO_BEBIDA,12178,sim
1528,COMPROMISSO,NENHUM,12175,sim
1529,SOPA,ALIMENTO_BEBIDA,12131,sim
1530,EDUCAÇÃO1,NENHUM,12115,sim
1531,EDUCAÇÃO2,NENHUM,12115,sim
1532,SAUDÁVEL,HIGIENE_SAÚDE,12104,sim
1533,ALIANÇA,NENHUM,12088,sim
1534,BAIRRO,PAÍS_ESTADO_CIDADE,12086,sim
1535,OCEANO,PLANTA_FLOR_NATUREZA,12080,sim
1536,JOGADOR,PROFISSÃO_TRABALHO,12054,sim
1537,ÁFRICA,PAÍS_ESTADO_CIDADE,12039,sim
1538,ÁFRICA_DO_SUL,PAÍS_ESTADO_CIDADE,12039,sim
1539,PACOTE,NENHUM,12037,sim
1540,PENSAMENTO1,NENHUM,12019,sim
1541,PENSAMENTO2,NENHUM,12019,sim
1542,GASOLINA,MATÉRIA_SUBSTÂNCIA,12016,sim
1543,POSTO_DE_GASOLINA,TRANPORTE_VEÍCULO,12016,sim
1544,ESTRAGAR2,NENHUM,12004,sim
1545,BOTÃO,VESTUÁRIO_COMPLEMENTOS,11989,sim
1546,CONVENCER1,NENHUM,11972,sim
1547,TRIBO,NENHUM,11958,sim
1548,ACERTAR1,NENHUM,11952,sim
1549,ACERTAR2,NENHUM,11952,sim
1550,VIDRO,MATÉRIA_SUBSTÂNCIA,11944,sim
1551,ILEGAL,NENHUM,11935,sim
1552,ILEGAL2,NENHUM,11935,sim
1553,VENCEDOR,ESPORTE_DIVERSÃO,11916,sim
1554,ENGANAR1,NENHUM,11916,sim
1555,ENGANAR2,NENHUM,11916,sim
1556,GORDO,CORPO,11908,sim
1557,FEDERAL,NENHUM,11901,sim
1558,RESERVA,ESPORTE_DIVERSÃO,11898,sim
1559,BICICLETA,TRANPORTE_VEÍCULO,11881,sim
1560,ALARME,APARELHO_MÁQUINA,11864,sim
1561,ÍNDIA,PAÍS_ESTADO_CIDADE,11843,sim
1562,FEIO,NENHUM,11834,sim
1563,RABO,NENHUM,11797,sim
1564,COLÉGIO,NENHUM,11749,sim
1565,FERRO,MATÉRIA_SUBSTÂNCIA,11731,sim
1566,DISCO,NENHUM,11717,sim
1567,PARTIDA,NENHUM,11677,sim
1568,CAMPEÃO,ESPORTE_DIVERSÃO,11674,sim
1569,SALÃO_DE_FESTA,NENHUM,11665,sim
1570,BABÁ1,PROFISSÃO_TRABALHO,11657,sim
1571,BABÁ2,PROFISSÃO_TRABALHO,11657,sim
1572,NOIVO1,NENHUM,11640,sim
1573,NOIVO2,NENHUM,11640,sim
1574,COINCIDÊNCIA1,NENHUM,11597,sim
1575,COINCIDÊNCIA2,NENHUM,11597,sim
1576,FÍSICA,NENHUM,11582,sim
1577,ESCADA,CASA,11570,sim
1578,TORTA,ALIMENTO_BEBIDA,11545,sim
1579,ÁLCOOL,MATÉRIA_SUBSTÂNCIA,11527,sim
1580,AÇÚCAR,MATÉRIA_SUBSTÂNCIA,11524,sim
1581,JARDIM_DE_INFÂNCIA,NENHUM,11504,sim
1582,VENENO,MATÉRIA_SUBSTÂNCIA,11500,sim
1583,UÍSQUE,ALIMENTO_BEBIDA,11481,sim
1584,PACIÊNCIA,SENTIMENTOS,11475,sim
1585,C,NENHUM,11458,sim
1586,MATO,PLANTA_FLOR_NATUREZA,11435,sim
1587,PULSO,CORPO,11429,sim
1588,CEGO,CORPO,11329,sim
1589,MÁGICO,PROFISSÃO_TRABALHO,11255,sim
1590,MISTÉRIO,NENHUM,11249,sim
1591,PÉSSIMO,NENHUM,11242,sim
1592,QUANTIDADE,NUMERAL_DINHEIRO,11235,sim
1593,PULAR1,NENHUM,11233,sim
1594,PULAR2,NENHUM,11233,sim
1595,PULAR3,NENHUM,11233,sim
1596,PULAR4,NENHUM,11233,sim
1597,PULAR5,NENHUM,11233,sim
1598,PULAR6,NENHUM,11233,sim
1599,PULAR7,NENHUM,11233,sim
1600,DECLARAÇÃO1,NENHUM,11199,sim
1601,ADIVINHAR,NENHUM,11195,sim
1602,OBRA,NENHUM,11183,sim
1603,PARAÍSO,ESPORTE_DIVERSÃO,11162,sim
1604,BIBLIOTECA,NENHUM,11156,sim
1605,DESAPARECER,NENHUM,11153,sim
1606,REGIÃO,NENHUM,11150,sim
1607,PROSTITUTA,PROFISSÃO_TRABALHO,11132,sim
1608,ELEVADOR,APARELHO_MÁQUINA,11105,sim
1609,COBRA,ANIMAL_INSETO_PEIXE_AVE,11083,sim
1610,PORTÃO,CASA,11072,sim
1611,VALE_TRANSPORTE,NENHUM,11068,sim
1612,TRANSPORTE,TRANPORTE_VEÍCULO,11068,sim
1613,PINTURA,NENHUM,11046,sim
1614,TRANSFORMAR,NENHUM,11032,sim
1615,PROPOSTA,NENHUM,11016,sim
1616,N,NENHUM,11006,sim
1617,PARTICIPAR,NENHUM,11006,sim
1618,QUEIMAR,NENHUM,10992,sim
1619,CELA,NENHUM,10978,sim
1620,MOLHO,ALIMENTO_BEBIDA,10969,sim
1621,FORTUNA,NUMERAL_DINHEIRO,10931,sim
1622,BURRO,ANIMAL_INSETO_PEIXE_AVE,10911,sim
1623,TERNO,VESTUÁRIO_COMPLEMENTOS,10907,sim
1624,MACACO,ANIMAL_INSETO_PEIXE_AVE,10866,sim
1625,SALÁRIO,PROFISSÃO_TRABALHO,10862,sim
1626,DRAGÃO,ANIMAL_INSETO_PEIXE_AVE,10852,sim
1627,ESTACIONAMENTO,TRANPORTE_VEÍCULO,10847,sim
1628,SENADOR,PROFISSÃO_TRABALHO,10797,sim
1629,AMÉM1,NENHUM,10796,sim
1630,AMÉM2,NENHUM,10796,sim
1631,MARIA-FUMAÇA,APARELHO_MÁQUINA,10742,sim
1632,FUMAÇA,MATÉRIA_SUBSTÂNCIA,10742,sim
1633,MÉDIO1,CORPO,10704,sim
1634,MÉDIO2,NUMERAL_DINHEIRO,10704,sim
1635,MOTO,APARELHO_MÁQUINA,10703,sim
1636,NADAR,NENHUM,10678,sim
1637,BRIGAR1,NENHUM,10661,sim
1638,BRIGAR2,NENHUM,10661,sim
1639,BRIGAR3,NENHUM,10661,sim
1640,SAL1,MATÉRIA_SUBSTÂNCIA,10646,sim
1641,SAL2,MATÉRIA_SUBSTÂNCIA,10646,sim
1642,ACALMAR1,NENHUM,10606,sim
1643,ACALMAR2,NENHUM,10606,sim
1644,CURTO,NENHUM,10558,sim
1645,PÓ1,MATÉRIA_SUBSTÂNCIA,10539,sim
1646,PÓ2,NENHUM,10539,sim
1647,ROMÂNTICO,NENHUM,10535,sim
1648,VOTAR,NENHUM,10523,sim
1649,RECADO1,NENHUM,10504,sim
1650,RECADO2,NENHUM,10504,sim
1651,MEDICINA,HIGIENE_SAÚDE,10485,sim
1652,TEMPLO,NENHUM,10476,sim
1653,APROVEITAR1,NENHUM,10473,sim
1654,APROVEITAR2,NENHUM,10473,sim
1655,RITMO,NENHUM,10472,sim
1656,BARATO1,NUMERAL_DINHEIRO,10437,sim
1657,BARATO2,NUMERAL_DINHEIRO,10437,sim
1658,PRIMAVERA,ANO_SIDERAL,10433,sim
1659,ABRIGO,NENHUM,10406,sim
1660,CARREGAR,NENHUM,10324,sim
1661,INFELIZ,NENHUM,10261,sim
1662,ATOR,PROFISSÃO_TRABALHO,10240,sim
1663,TETO,CASA,10239,sim
1664,DIVISÃO,NENHUM,10235,sim
1665,AUMENTAR1,NENHUM,10232,sim
1666,AUMENTAR2,NENHUM,10232,sim
1667,AUMENTAR3,NENHUM,10232,sim
1668,AUMENTAR4,NENHUM,10232,sim
1669,ONDA,PLANTA_FLOR_NATUREZA,10156,sim
1670,SOFRER,NENHUM,10155,sim
1671,BARRIGA,CORPO,10133,sim
1672,ALMOÇAR,NENHUM,10114,sim
1673,TERRITÓRIO,NENHUM,10111,sim
1674,IMPORTAR,NENHUM,10109,sim
1675,RAÇA2,ANIMAL_INSETO_PEIXE_AVE,10096,sim
1676,RAÇA1,NENHUM,10096,sim
1677,RETORNO,NENHUM,10088,sim
1678,PERDOAR,NENHUM,10081,sim
1679,VIZINHO,NENHUM,10068,sim
1680,LOBO,ANIMAL_INSETO_PEIXE_AVE,10044,sim
1681,PROVÁVEL,NENHUM,9997,sim
1682,BOLSA_DE_ESTUDO,NENHUM,9987,sim
1683,AUTORIDADE,PROFISSÃO_TRABALHO,9983,sim
1684,FEBRE,HIGIENE_SAÚDE,9944,sim
1685,CONVITE,NENHUM,9932,sim
1686,UNIÃO,NENHUM,9929,sim
1687,INVESTIGAR,NENHUM,9906,sim
1688,VIRGEM,NENHUM,9874,sim
1689,COLAR2,VESTUÁRIO_COMPLEMENTOS,9872,sim
1690,PAPO1,ESPORTE_DIVERSÃO,9853,sim
1691,PAPO2,NENHUM,9853,sim
1692,CORREIO,NENHUM,9851,sim
1693,CULTURA1,NENHUM,9833,sim
1694,CULTURA2,NENHUM,9833,sim
1695,ACOMPANHAR1,NENHUM,9809,sim
1696,ACOMPANHAR2,NENHUM,9809,sim
1697,ORGANIZAÇÃO,NENHUM,9804,sim
1698,VEÍCULO,TRANPORTE_VEÍCULO,9795,sim
1699,MACONHA1,MATÉRIA_SUBSTÂNCIA,9769,sim
1700,MACONHA2,MATÉRIA_SUBSTÂNCIA,9769,sim
1701,SANDUÍCHE,ALIMENTO_BEBIDA,9768,sim
1702,ESQUISITO,NENHUM,9767,sim
1703,REVOLUÇÃO,NENHUM,9764,sim
1704,MÁSCARA,NENHUM,9727,sim
1705,DISPONÍVEL,NENHUM,9713,sim
1706,RUSSO,NENHUM,9677,sim
1707,PAPA,NENHUM,9675,sim
1708,COMUNICAÇÃO,NENHUM,9673,sim
1709,FLOR,PLANTA_FLOR_NATUREZA,9651,sim
1710,URGENTE,NENHUM,9647,sim
1711,CAPITAL2,NUMERAL_DINHEIRO,9631,sim
1712,CAPITAL,PAÍS_ESTADO_CIDADE,9631,sim
1713,PERSONAGEM,ESPORTE_DIVERSÃO,9623,sim
1714,PONTA,COR_FORMA,9606,sim
1715,FRESCO3,ALIMENTO_BEBIDA,9601,sim
1716,CORRENTE,NENHUM,9601,sim
1717,FRESCO2,NENHUM,9601,sim
1718,PORTO_VELHO,PAÍS_ESTADO_CIDADE,9592,sim
1719,PORTO,TRANPORTE_VEÍCULO,9592,sim
1720,PIANO,NENHUM,9591,sim
1721,SEPARAR1,NENHUM,9581,sim
1722,SEPARAR2,NENHUM,9581,sim
1723,SUCO,ALIMENTO_BEBIDA,9570,sim
1724,NASCER,NENHUM,9567,sim
1725,INCOMODAR,NENHUM,9564,sim
1726,LENDA,ESPORTE_DIVERSÃO,9559,sim
1727,AFASTAR1,NENHUM,9554,sim
1728,AFASTAR2,NENHUM,9554,sim
1729,BRINDE,NENHUM,9545,sim
1730,FICHA1,NENHUM,9539,sim
1731,FICHA2,NENHUM,9539,sim
1732,ABSURDO,NENHUM,9532,sim
1733,CAPA1,NENHUM,9528,sim
1734,CAPA_DE_CHUVA,VESTUÁRIO_COMPLEMENTOS,9528,sim
1735,ANTERIOR1,NENHUM,9517,sim
1736,ANTERIOR2,NENHUM,9517,sim
1737,CONSTRUÇÃO,NENHUM,9500,sim
1738,ALCANÇAR1,NENHUM,9492,sim
1739,ALCANÇAR2,NENHUM,9492,sim
1740,ALCANÇAR3,NENHUM,9492,sim
1741,L,NENHUM,9482,sim
1742,CAPACIDADE,NENHUM,9464,sim
1743,FACE,CORPO,9457,sim
1744,FACE_A_FACE,NENHUM,9457,sim
1745,HELICÓPTERO,APARELHO_MÁQUINA,9447,sim
1746,DOIDO,NENHUM,9438,sim
1747,PURO,NENHUM,9437,sim
1748,GASTAR1,NENHUM,9423,sim
1749,GASTAR2,NENHUM,9423,sim
1750,GASTAR3,NENHUM,9423,sim
1751,COROA,VESTUÁRIO_COMPLEMENTOS,9417,sim
1752,GANGUE,NENHUM,9414,sim
1753,VALER1,NENHUM,9405,sim
1754,VALER3,NENHUM,9405,sim
1755,NEGATIVO1,NENHUM,9391,sim
1756,NEGATIVO3,NENHUM,9391,sim
1757,PROFUNDO,NENHUM,9377,sim
1758,POLÍCIA_CIVIL,NENHUM,9366,sim
1759,COBRIR1,NENHUM,9352,sim
1760,COBRIR2,NENHUM,9352,sim
1761,COBRIR3,NENHUM,9352,sim
1762,TÍTULO,NENHUM,9339,sim
1763,COXINHA_DE_GALINHA,ALIMENTO_BEBIDA,9328,sim
1764,GALINHA,ANIMAL_INSETO_PEIXE_AVE,9328,sim
1765,ATRAVESSAR,NENHUM,9328,sim
1766,GERAÇÃO,FAMÍLIA,9288,sim
1767,QUINTA_SÉRIE,NUMERAL_DINHEIRO,9279,sim
1768,DERRUBAR,NENHUM,9248,sim
1769,IMPÉRIO,NENHUM,9244,sim
1770,TEMA,NENHUM,9242,sim
1771,RETIRAR1,NENHUM,9218,sim
1772,RETIRAR2,NENHUM,9218,sim
1773,ABRAÇO,NENHUM,9183,sim
1774,ABRAÇO2,NENHUM,9183,sim
1775,POTENCIAL,NENHUM,9183,sim
1776,OVO1,ALIMENTO_BEBIDA,9176,sim
1777,OVO2,ALIMENTO_BEBIDA,9176,sim
1778,MULTIDÃO,NENHUM,9174,sim
1779,ESQUINA,NENHUM,9169,sim
1780,PASTOR,NENHUM,9167,sim
1781,POSITIVO,HIGIENE_SAÚDE,9161,sim
1782,RETORNAR,NENHUM,9155,sim
1783,CURIOSO,NENHUM,9143,sim
1784,CÂMERA_DE_VIGILÂNCIA,APARELHO_MÁQUINA,9142,sim
1785,INTERROMPER,NENHUM,9134,sim
1786,MATEMÁTICA,NUMERAL_DINHEIRO,9133,sim
1787,EXPERIMENTAR,NENHUM,9115,sim
1788,BATERIA2,APARELHO_MÁQUINA,9096,sim
1789,BATERIA1,ESPORTE_DIVERSÃO,9096,sim
1790,REPETIR,NENHUM,9096,sim
1791,JAPÃO,PAÍS_ESTADO_CIDADE,9091,sim
1792,IMPERADOR,PROFISSÃO_TRABALHO,9085,sim
1793,BARBA,CORPO,9083,sim
1794,H,NENHUM,9076,sim
1795,OSSO2,CORPO,9068,sim
1796,OSSO1,NENHUM,9068,sim
1797,ADORAR1,NENHUM,9065,sim
1798,ADORAR2,NENHUM,9065,sim
1799,PECADO,NENHUM,9053,sim
1800,OMBRO,CORPO,9050,sim
1801,PROGRESSO,NENHUM,9048,sim
1802,PERSONALIDADE,NENHUM,9041,sim
1803,TURMA,NENHUM,9016,sim
1804,BANDEIRA,NENHUM,8957,sim
1805,PRODUÇÃO,PROFISSÃO_TRABALHO,8942,sim
1806,CAMINHAR,NENHUM,8927,sim
1807,COMBUSTÍVEL,MATÉRIA_SUBSTÂNCIA,8922,sim
1808,CABANA,CASA,8911,sim
1809,ATUAL,NENHUM,8899,sim
1810,LIMPEZA,HIGIENE_SAÚDE,8895,sim
1811,PRATA,MATÉRIA_SUBSTÂNCIA,8891,sim
1812,DURAR,NENHUM,8886,sim
1813,ABANDONAR1,NENHUM,8883,sim
1814,ABANDONAR2,NENHUM,8883,sim
1815,ATRASAR,NENHUM,8863,sim
1816,CARA_FEIA1,NENHUM,8859,sim
1817,CARA_FEIA2,NENHUM,8859,sim
1818,CONFIRMAR,NENHUM,8858,sim
1819,CAÇAR,NENHUM,8852,sim
1820,INTERNACIONAL,NENHUM,8843,sim
1821,RELIGIÃO,NENHUM,8816,sim
1822,CONCORDAR,NENHUM,8811,sim
1823,REFEIÇÃO,ALIMENTO_BEBIDA,8803,sim
1824,VALE-REFEIÇÃO,NENHUM,8803,sim
1825,PALHAÇO,PROFISSÃO_TRABALHO,8774,sim
1826,NASCIMENTO,NENHUM,8752,sim
1827,CALAR,NENHUM,8725,sim
1828,CALAR_A_BOCA,NENHUM,8725,sim
1829,EGOÍSTA,NENHUM,8684,sim
1830,PUXAR,NENHUM,8676,sim
1831,DUPLA,NENHUM,8662,sim
1832,RÚSSIA,PAÍS_ESTADO_CIDADE,8655,sim
1833,JUDEU,NENHUM,8653,sim
1834,METER,NENHUM,8648,sim
1835,COMERCIAL,NENHUM,8640,sim
1836,PRIVADA,HIGIENE_SAÚDE,8639,sim
1837,ROBÔ,APARELHO_MÁQUINA,8634,sim
1838,ITÁLIA,PAÍS_ESTADO_CIDADE,8632,sim
1839,LETRA,NENHUM,8631,sim
1840,MOEDA,NUMERAL_DINHEIRO,8631,sim
1841,SOLITÁRIO,NENHUM,8624,sim
1842,CADÁVER,CORPO,8620,sim
1843,BONECA,ESPORTE_DIVERSÃO,8608,sim
1844,ENCARAR,NENHUM,8608,sim
1845,ANÚNCIO,NENHUM,8574,sim
1846,CALÇA,VESTUÁRIO_COMPLEMENTOS,8570,sim
1847,MEIA-CALÇA,VESTUÁRIO_COMPLEMENTOS,8570,sim
1848,CÍRCULO,COR_FORMA,8559,sim
1849,ENVOLVER,NENHUM,8557,sim
1850,CONFISSÃO,NENHUM,8555,sim
1851,CONCENTRAR,NENHUM,8548,sim
1852,CORAJOSO,NENHUM,8534,sim
1853,SAPATO,VESTUÁRIO_COMPLEMENTOS,8530,sim
1854,EXTERIOR,PAÍS_ESTADO_CIDADE,8523,sim
1855,SATISFEITO,NENHUM,8497,sim
1856,CHINÊS,NENHUM,8489,sim
1857,TINTA,MATÉRIA_SUBSTÂNCIA,8485,sim
1858,SALVA-VIDAS,NENHUM,8474,sim
1859,PRAZO1,NENHUM,8467,sim
1860,PRAZO2,NENHUM,8467,sim
1861,DECENTE,NENHUM,8462,sim
1862,FRASE,NENHUM,8462,sim
1863,PERMANECER,NENHUM,8462,sim
1864,MARCAR1,NENHUM,8458,sim
1865,MARCAR2,NENHUM,8458,sim
1866,PAUSA,NENHUM,8455,sim
1867,CREME,MATÉRIA_SUBSTÂNCIA,8453,sim
1868,CONVIDAR,NENHUM,8452,sim
1869,ENCHER1,NENHUM,8435,sim
1870,ENCHER2,NENHUM,8435,sim
1871,ENCHER3,NENHUM,8435,sim
1872,ENCHER4,NENHUM,8435,sim
1873,QUARTA_-DE-_FINAL,ESPORTE_DIVERSÃO,8426,sim
1874,QUARTA_SÉRIE,NUMERAL_DINHEIRO,8426,sim
1875,NOVIDADE,NENHUM,8421,sim
1876,VISUAL,NENHUM,8412,sim
1877,GOSTOSO,NENHUM,8394,sim
1878,VIRA-LATA,ANIMAL_INSETO_PEIXE_AVE,8388,sim
1879,LATA,NENHUM,8388,sim
1880,RECEITA1,NENHUM,8386,sim
1881,RECEITA2,NENHUM,8386,sim
1882,ADULTO,NENHUM,8377,sim
1883,CINTO2,TRANPORTE_VEÍCULO,8367,sim
1884,CINTO1,VESTUÁRIO_COMPLEMENTOS,8367,sim
1885,TÊNIS1,ESPORTE_DIVERSÃO,8351,sim
1886,TÊNIS2,VESTUÁRIO_COMPLEMENTOS,8351,sim
1887,OXIGÊNIO,MATÉRIA_SUBSTÂNCIA,8347,sim
1888,ELIMINAR,NENHUM,8333,sim
1889,PRINCÍPIO,NENHUM,8330,sim
1890,EMOÇÃO,SENTIMENTOS,8328,sim
1891,VAGA-LUME,ANIMAL_INSETO_PEIXE_AVE,8306,sim
1892,VAGA,NENHUM,8306,sim
1893,ESTRATÉGIA,NENHUM,8279,sim
1894,ADOLESCENTE1,NENHUM,8269,sim
1895,CURAR,NENHUM,8261,sim
1896,POÇO,PLANTA_FLOR_NATUREZA,8254,sim
1897,SALTO,NENHUM,8244,sim
1898,SAPATO_DE_SALTO,VESTUÁRIO_COMPLEMENTOS,8244,sim
1899,JAQUETA,VESTUÁRIO_COMPLEMENTOS,8234,sim
1900,DESEJAR1,NENHUM,8233,sim
1901,DESEJAR2,NENHUM,8233,sim
1902,CALADO,NENHUM,8205,sim
1903,APAGAR_LUZ,NENHUM,8201,sim
1904,ASSUSTAR,NENHUM,8189,sim
1905,TRADIÇÃO,NENHUM,8189,sim
1906,FOFO,NENHUM,8173,sim
1907,ESPIÃO,PROFISSÃO_TRABALHO,8156,sim
1908,COELHO,ANIMAL_INSETO_PEIXE_AVE,8139,sim
1909,SETEMBRO,ANO_SIDERAL,8103,sim
1910,CANCELAR,NENHUM,8081,sim
1911,CANCELAR2,NENHUM,8081,sim
1912,MAQUIAGEM,NENHUM,8071,sim
1913,DESENHO,NENHUM,8059,sim
1914,SALADA,ALIMENTO_BEBIDA,8025,sim
1915,DENTE,CORPO,8023,sim
1916,APOIAR1,NENHUM,8014,sim
1917,APOIAR2,NENHUM,8014,sim
1918,RAIOS_X,APARELHO_MÁQUINA,7993,sim
1919,LARGAR1,NENHUM,7991,sim
1920,LARGAR2,NENHUM,7991,sim
1921,DIFICULDADE,NENHUM,7983,sim
1922,ARROZ,ALIMENTO_BEBIDA,7980,sim
1923,ATRIZ,PROFISSÃO_TRABALHO,7975,sim
1924,PRÁTICA,NENHUM,7960,sim
1925,DÍVIDA,NUMERAL_DINHEIRO,7957,sim
1926,POPULAÇÃO,NENHUM,7955,sim
1927,COMEMORAR,NENHUM,7950,sim
1928,INFANTIL,NENHUM,7946,sim
1929,OBJETO,MATÉRIA_SUBSTÂNCIA,7942,sim
1930,DEITAR1,NENHUM,7929,sim
1931,DEITAR2,NENHUM,7929,sim
1932,ESCRITOR,PROFISSÃO_TRABALHO,7907,sim
1933,DESCONHECIDO,NENHUM,7903,sim
1934,LARANJA,FRUTA,7893,sim
1935,AMANHECER,NENHUM,7893,sim
1936,ESPANHOL,NENHUM,7888,sim
1937,NEGOCIAR,NENHUM,7877,sim
1938,ESPANHA,PAÍS_ESTADO_CIDADE,7865,sim
1939,REALIZAR,NENHUM,7860,sim
1940,APRESSAR1,NENHUM,7856,sim
1941,APRESSAR2,NENHUM,7856,sim
1942,LANÇAMENTO,NENHUM,7839,sim
1943,CANETA,NENHUM,7806,sim
1944,INFORMAR,NENHUM,7797,sim
1945,DANO,NENHUM,7795,sim
1946,MANTEIGA,ALIMENTO_BEBIDA,7793,sim
1947,SOBRINHO,FAMÍLIA,7781,sim
1948,GELADEIRA,CASA,7774,sim
1949,COMISSÃO,NENHUM,7742,sim
1950,TESTEMUNHAR,NENHUM,7738,sim
1951,CONFESSAR,NENHUM,7717,sim
1952,DESPEDIR1,NENHUM,7716,sim
1953,DESPEDIR2,NENHUM,7716,sim
1954,SOLTEIRO,NENHUM,7709,sim
1955,TERROR,NENHUM,7706,sim
1956,LEÃO,ANIMAL_INSETO_PEIXE_AVE,7701,sim
1957,SÓCIO,NENHUM,7689,sim
1958,CASTIGO,NENHUM,7684,sim
1959,LAMA,MATÉRIA_SUBSTÂNCIA,7674,sim
1960,ASSINATURA,NENHUM,7669,sim
1961,JULGAR,NENHUM,7621,sim
1962,ÁS,ESPORTE_DIVERSÃO,7609,sim
1963,INTERVALO,NENHUM,7608,sim
1964,RESISTIR,NENHUM,7603,sim
1965,JUVENTUDE,NENHUM,7583,sim
1966,SACRIFÍCIO,NENHUM,7583,sim
1967,POLÍTICO,PROFISSÃO_TRABALHO,7575,sim
1968,DOZE,NUMERAL_DINHEIRO,7558,sim
1969,TÉCNICO,PROFISSÃO_TRABALHO,7550,sim
1970,SABOR,ALIMENTO_BEBIDA,7535,sim
1971,INVEJA,SENTIMENTOS,7530,sim
1972,GRÁTIS,NENHUM,7526,sim
1973,CEMITÉRIO,NENHUM,7515,sim
1974,SUAVE,NENHUM,7485,sim
1975,MAIO,ANO_SIDERAL,7472,sim
1976,LANÇAR,NENHUM,7466,sim
1977,FOTOGRAFIA,NENHUM,7464,sim
1978,JULHO,ANO_SIDERAL,7457,sim
1979,FOLHA2,NENHUM,7446,sim
1980,FOLHA1,PLANTA_FLOR_NATUREZA,7446,sim
1981,COCAÍNA1,MATÉRIA_SUBSTÂNCIA,7436,sim
1982,COCAÍNA2,MATÉRIA_SUBSTÂNCIA,7436,sim
1983,ESTUPRO,NENHUM,7427,sim
1984,LEITURA,NENHUM,7425,sim
1985,TERRENO,NENHUM,7418,sim
1986,BANHEIRA,CASA,7417,sim
1987,TRINTA,NUMERAL_DINHEIRO,7405,sim
1988,TRINTA_E_TRÊS,NUMERAL_DINHEIRO,7405,sim
1989,GRAMA,PLANTA_FLOR_NATUREZA,7403,sim
1990,ITALIANO,NENHUM,7383,sim
1991,FORMAR,NENHUM,7365,sim
1992,QUÍMICA,NENHUM,7334,sim
1993,ARRANCAR,NENHUM,7320,sim
1994,GRAU3,NENHUM,7301,sim
1995,GRAU2,PLANTA_FLOR_NATUREZA,7301,sim
1996,XIXI,MATÉRIA_SUBSTÂNCIA,7296,sim
1997,MAMA,CORPO,7292,sim
1998,DOBRO,NENHUM,7285,sim
1999,CONCURSO2,NENHUM,7282,sim
2000,CONCURSO1,PROFISSÃO_TRABALHO,7282,sim
2001,TRÂNSITO,NENHUM,7268,sim
2002,CIRCO,ESPORTE_DIVERSÃO,7260,sim
2003,ARREPENDER,NENHUM,7248,sim
2004,ELEGANTE,NENHUM,7243,sim
2005,RECONHECER,NENHUM,7242,sim
2006,PERU1,ANIMAL_INSETO_PEIXE_AVE,7240,sim
2007,PERU2,PAÍS_ESTADO_CIDADE,7240,sim
2008,XÍCARA,CASA,7234,sim
2009,APERTAR,NENHUM,7203,sim
2010,RECLAMAR,NENHUM,7199,sim
2011,AZAR,NENHUM,7183,sim
2012,PLÁSTICO,MATÉRIA_SUBSTÂNCIA,7181,sim
2013,REPÓRTER,PROFISSÃO_TRABALHO,7173,sim
2014,CONTRATAR1,NENHUM,7143,sim
2015,CONTRATAR2,NENHUM,7143,sim
2016,PATRULHA,NENHUM,7141,sim
2017,EXISTIR2,MATÉRIA_SUBSTÂNCIA,7136,sim
2018,EXISTIR1,NENHUM,7136,sim
2019,INDEPENDENTE,NENHUM,7122,sim
2020,LINGUAGEM,NENHUM,7111,sim
2021,REZAR1,NENHUM,7111,sim
2022,REZAR2,NENHUM,7111,sim
2023,TATUAGEM,NENHUM,7096,sim
2024,CAÇADOR,PROFISSÃO_TRABALHO,7090,sim
2025,PASSAPORTE,NENHUM,7085,sim
2026,ORIGEM,NENHUM,7065,sim
2027,GRATO,NENHUM,7064,sim
2028,CRER,NENHUM,7034,sim
2029,SELVA,PLANTA_FLOR_NATUREZA,7032,sim
2030,APROXIMAR1,NENHUM,7019,sim
2031,APROXIMAR2,NENHUM,7019,sim
2032,PINTAR1,NENHUM,7001,sim
2033,PINTAR2,NENHUM,7001,sim
2034,PINTAR3,NENHUM,7001,sim
2035,PINTAR4,NENHUM,7001,sim
2036,PINTAR5,NENHUM,7001,sim
2037,PINTAR6,NENHUM,7001,sim
2038,PINTAR7,NENHUM,7001,sim
2039,PINTAR8,NENHUM,7001,sim
2040,PINTAR9,NENHUM,7001,sim
2041,COLUNA,NENHUM,6978,sim
2042,AMARELO,COR_FORMA,6969,sim
2043,U,NENHUM,6957,sim
2044,TAPETE,CASA,6947,sim
2045,ESCLARECER,NENHUM,6941,sim
2046,VOMITAR,NENHUM,6941,sim
2047,DEPOIMENTO,NENHUM,6921,sim
2048,IGNORAR,NENHUM,6916,sim
2049,TOMADA,NENHUM,6902,sim
2050,PIEDADE,SENTIMENTOS,6898,sim
2051,BATIDA1,ALIMENTO_BEBIDA,6881,sim
2052,BATIDA2,NENHUM,6881,sim
2053,RUMO,NENHUM,6881,sim
2054,SECRETÁRIO,PROFISSÃO_TRABALHO,6880,sim
2055,RARO,NENHUM,6870,sim
2056,REUNIR2,NENHUM,6868,sim
2057,RECENTE,NENHUM,6867,sim
2058,FILMAR,NENHUM,6850,sim
2059,PROMETER,NENHUM,6850,sim
2060,ALEGRE,NENHUM,6848,sim
2061,PORTO_ALEGRE,PAÍS_ESTADO_CIDADE,6848,sim
2062,TROCO,NUMERAL_DINHEIRO,6837,sim
2063,LEMBRANÇA,SENTIMENTOS,6823,sim
2064,ABRIL,ANO_SIDERAL,6816,sim
2065,ABERTURA,NENHUM,6808,sim
2066,MURO,CASA,6807,sim
2067,PALPITE,NENHUM,6804,sim
2068,BRINQUEDO,ESPORTE_DIVERSÃO,6803,sim
2069,FIRMA,PROFISSÃO_TRABALHO,6795,sim
2070,CELEBRAR,NENHUM,6792,sim
2071,LUXO,NENHUM,6787,sim
2072,PLANTA2,NENHUM,6771,sim
2073,PLANTA1,PLANTA_FLOR_NATUREZA,6771,sim
2074,DERROTAR1,ESPORTE_DIVERSÃO,6767,sim
2075,DERROTAR2,ESPORTE_DIVERSÃO,6767,sim
2076,GRAVATA,VESTUÁRIO_COMPLEMENTOS,6759,sim
2077,FIGURA,COR_FORMA,6757,sim
2078,CUSTAR,NENHUM,6748,sim
2079,ATINGIR,NENHUM,6733,sim
2080,RECUSAR,NENHUM,6721,sim
2081,SECO,NENHUM,6720,sim
2082,TIROTEIO,NENHUM,6685,sim
2083,SOBREMESA,ALIMENTO_BEBIDA,6675,sim
2084,BEISEBOL,ESPORTE_DIVERSÃO,6673,sim
2085,SENHA,NENHUM,6632,sim
2086,VAMPIRO,NENHUM,6625,sim
2087,DÓLAR,NUMERAL_DINHEIRO,6620,sim
2088,OUTUBRO,ANO_SIDERAL,6616,sim
2089,ECONOMIA,NUMERAL_DINHEIRO,6604,sim
2090,REVELAR1,NENHUM,6594,sim
2091,REVELAR2,NENHUM,6594,sim
2092,ESCONDE-ESCONDE,ESPORTE_DIVERSÃO,6591,sim
2093,PSIQUIATRA,PROFISSÃO_TRABALHO,6585,sim
2094,CAMINHADA,ESPORTE_DIVERSÃO,6578,sim
2095,EXERCÍCIO2,HIGIENE_SAÚDE,6573,sim
2096,EXERCÍCIO1,NENHUM,6573,sim
2097,COSTUME,NENHUM,6568,sim
2098,MOCHILA,VESTUÁRIO_COMPLEMENTOS,6566,sim
2099,COURO,MATÉRIA_SUBSTÂNCIA,6561,sim
2100,DETER,NENHUM,6543,sim
2101,AUDIÇÃO1,CORPO,6526,sim
2102,RAZOÁVEL,NENHUM,6511,sim
2103,PRIORIDADE,NENHUM,6505,sim
2104,PASTA,VESTUÁRIO_COMPLEMENTOS,6497,sim
2105,TUBO,NENHUM,6491,sim
2106,TRAUMA,SENTIMENTOS,6484,sim
2107,ELEIÇÃO,NENHUM,6483,sim
2108,R,NENHUM,6470,sim
2109,PROFISSÃO,PROFISSÃO_TRABALHO,6466,sim
2110,TRAFICANTE,PROFISSÃO_TRABALHO,6464,sim
2111,GRAVAR,NENHUM,6456,sim
2112,VINGAR1,NENHUM,6442,sim
2113,VINGAR2,NENHUM,6442,sim
2114,BASQUETE,ESPORTE_DIVERSÃO,6433,sim
2115,APERTADO1,NENHUM,6433,sim
2116,APERTADO2,VESTUÁRIO_COMPLEMENTOS,6433,sim
2117,ESPORTE,ESPORTE_DIVERSÃO,6423,sim
2118,EMPRÉSTIMO,NUMERAL_DINHEIRO,6423,sim
2119,JOGADO,NENHUM,6412,sim
2120,DOCUMENTO,NENHUM,6411,sim
2121,VENDEDOR,PROFISSÃO_TRABALHO,6406,sim
2122,BARRA2,ALIMENTO_BEBIDA,6402,sim
2123,BARRA1,APARELHO_MÁQUINA,6402,sim
2124,CAIXÃO,NENHUM,6397,sim
2125,ZANGADO,NENHUM,6389,sim
2126,NOTAR,NENHUM,6379,sim
2127,LIGAR_APARELHO,NENHUM,6376,sim
2128,PERFUME,MATÉRIA_SUBSTÂNCIA,6366,sim
2129,NETO,FAMÍLIA,6361,sim
2130,ÁLBUM,NENHUM,6361,sim
2131,PASSEAR,NENHUM,6341,sim
2132,NAMORAR,NENHUM,6329,sim
2133,DISPARAR,NENHUM,6320,sim
2134,FERIR,NENHUM,6316,sim
2135,PROCESSAR,NENHUM,6305,sim
2136,CANADÁ,PAÍS_ESTADO_CIDADE,6305,sim
2137,MISTURA,MATÉRIA_SUBSTÂNCIA,6289,sim
2138,EMPRESTAR,NENHUM,6281,sim
2139,SHOPPING,NENHUM,6280,sim
2140,QUINZE,NUMERAL_DINHEIRO,6278,sim
2141,JORNALISTA,PROFISSÃO_TRABALHO,6276,sim
2142,JANEIRO,ANO_SIDERAL,6271,sim
2143,RIO_DE_JANEIRO,PAÍS_ESTADO_CIDADE,6271,sim
2144,INSTINTO,SENTIMENTOS,6271,sim
2145,VIOLENTO,NENHUM,6263,sim
2146,PRATICAR,NENHUM,6258,sim
2147,FÍGADO,ALIMENTO_BEBIDA,6253,sim
2148,INVADIR,NENHUM,6252,sim
2149,QUINTAL,CASA,6210,sim
2150,BRILHO,NENHUM,6209,sim
2151,APANHAR1,NENHUM,6203,sim
2152,APANHAR2,NENHUM,6203,sim
2153,QUARTA-FEIRA,ANO_SIDERAL,6196,sim
2154,QUINTA-FEIRA,ANO_SIDERAL,6196,sim
2155,SEXTA-FEIRA,ANO_SIDERAL,6196,sim
2156,FEIRA,NENHUM,6196,sim
2157,SEGUNDA-FEIRA,NENHUM,6196,sim
2158,SÁBIO,NENHUM,6191,sim
2159,FALHAR,NENHUM,6190,sim
2160,AGOSTO2,ANO_SIDERAL,6165,sim
2161,FIEL,NENHUM,6161,sim
2162,VICIADO,NENHUM,6155,sim
2163,BAGAGEM,NENHUM,6154,sim
2164,CURIOSIDADE,SENTIMENTOS,6152,sim
2165,BATATA,LEGUME_VERDURA,6131,sim
2166,BATATA_DOCE,LEGUME_VERDURA,6131,sim
2167,PESCAR,NENHUM,6130,sim
2168,CONGRESSO,PROFISSÃO_TRABALHO,6128,sim
2169,SORTUDO,NENHUM,6124,sim
2170,PUBLICIDADE,PROFISSÃO_TRABALHO,6123,sim
2171,SORRIR,NENHUM,6115,sim
2172,TOALHA_DE_BANHO,HIGIENE_SAÚDE,6111,sim
2173,CHUTAR1,NENHUM,6108,sim
2174,CHUTAR2,NENHUM,6108,sim
2175,ISCA,ESPORTE_DIVERSÃO,6105,sim
2176,IMPRESSÃO_DIGITAL,CORPO,6104,sim
2177,POEIRA,NENHUM,6093,sim
2178,INVISÍVEL,NENHUM,6092,sim
2179,SALADA_DE_FRUTAS,ALIMENTO_BEBIDA,6091,sim
2180,PROMOÇÃO,NENHUM,6090,sim
2181,ESTÁTUA,NENHUM,6085,sim
2182,ORELHA,CORPO,6078,sim
2183,TIGRE,ANIMAL_INSETO_PEIXE_AVE,6069,sim
2184,PATO,ANIMAL_INSETO_PEIXE_AVE,6065,sim
2185,LENTO,NENHUM,6046,sim
2186,APAGAR_VELA,NENHUM,6037,sim
2187,ORGANIZAR,NENHUM,6037,sim
2188,VELA,NENHUM,6037,sim
2189,RODA,NENHUM,6036,sim
2190,CONFLITO2,NENHUM,6031,sim
2191,ISRAEL2,PAÍS_ESTADO_CIDADE,6026,sim
2192,JUÍZO,NENHUM,6010,sim
2193,NOVEMBRO,ANO_SIDERAL,6000,sim
2194,MILHO,PLANTA_FLOR_NATUREZA,6000,sim
2195,COLA2,MATÉRIA_SUBSTÂNCIA,5995,sim
2196,COLA1,NENHUM,5995,sim
2197,TRAJE,VESTUÁRIO_COMPLEMENTOS,5984,sim
2198,SABEDORIA,NENHUM,5983,sim
2199,COMPREENDER,NENHUM,5963,sim
2200,PRESTAR_CUNCURSO,NENHUM,5950,sim
2201,PRESTAR_SERVIÇO,NENHUM,5950,sim
2202,PRIVADO,NENHUM,5932,sim
2203,SUBSTITUIR,NENHUM,5932,sim
2204,DETALHE,NENHUM,5928,sim
2205,HORROR,NENHUM,5896,sim
2206,TACO1,ESPORTE_DIVERSÃO,5880,sim
2207,TACO2,NENHUM,5880,sim
2208,DOER,NENHUM,5878,sim
2209,QUEBRA-CABEÇA,ESPORTE_DIVERSÃO,5864,sim
2210,JURAMENTO,NENHUM,5862,sim
2211,P,NENHUM,5856,sim
2212,MOTEL,NENHUM,5853,sim
2213,ADMINISTRAÇÃO,PROFISSÃO_TRABALHO,5845,sim
2214,OBSERVAR1,NENHUM,5841,sim
2215,OBSERVAR2,NENHUM,5841,sim
2216,FURIOSO,NENHUM,5831,sim
2217,PINTO,ANIMAL_INSETO_PEIXE_AVE,5827,sim
2218,DESESPERADO,NENHUM,5800,sim
2219,CONFORTO,SENTIMENTOS,5800,sim
2220,MARÇO,ANO_SIDERAL,5797,sim
2221,CANTOR,PROFISSÃO_TRABALHO,5793,sim
2222,ALUNO1,NENHUM,5789,sim
2223,ALUNO2,NENHUM,5789,sim
2224,METRÔ1,TRANPORTE_VEÍCULO,5787,sim
2225,METRÔ2,TRANPORTE_VEÍCULO,5787,sim
2226,BANDIDO,NENHUM,5777,sim
2227,PISTOLA,APARELHO_MÁQUINA,5769,sim
2228,XADREZ1,ESPORTE_DIVERSÃO,5751,sim
2229,XADREZ2,NENHUM,5751,sim
2230,DEMITIR,NENHUM,5743,sim
2231,RECUPERAÇÃO1,NENHUM,5742,sim
2232,RECUPERAÇÃO2,NENHUM,5742,sim
2233,DÚZIA,NUMERAL_DINHEIRO,5742,sim
2234,ELETRICIDADE,NENHUM,5735,sim
2235,COLHER1,CASA,5717,sim
2236,DIETA,HIGIENE_SAÚDE,5717,sim
2237,COLHER2,NENHUM,5717,sim
2238,COLHER3,NENHUM,5717,sim
2239,HÁBITO,NENHUM,5712,sim
2240,UNIR,NENHUM,5689,sim
2241,SALTAR1,NENHUM,5661,sim
2242,SALTAR2,NENHUM,5661,sim
2243,ESCRAVO,NENHUM,5658,sim
2244,EXPLORAR,NENHUM,5641,sim
2245,ARANHA,ANIMAL_INSETO_PEIXE_AVE,5634,sim
2246,RADAR1,APARELHO_MÁQUINA,5629,sim
2247,RADAR2,APARELHO_MÁQUINA,5629,sim
2248,ALÍVIO,SENTIMENTOS,5626,sim
2249,DEZEMBRO,ANO_SIDERAL,5624,sim
2250,COLINA,PLANTA_FLOR_NATUREZA,5612,sim
2251,MACHO,NENHUM,5610,sim
2252,LEAL,NENHUM,5603,sim
2253,ROLAR,NENHUM,5602,sim
2254,PERSPECTIVA,COR_FORMA,5600,sim
2255,APETITE1,NENHUM,5589,sim
2256,APETITE2,NENHUM,5589,sim
2257,ACOSTUMAR,NENHUM,5587,sim
2258,FERIMENTO,NENHUM,5581,sim
2259,TEXTO,NENHUM,5573,sim
2260,GENEROSO,NENHUM,5568,sim
2261,QUEIMADO1,ESPORTE_DIVERSÃO,5559,sim
2262,QUEIMADO2,NENHUM,5559,sim
2263,LUCRO,NUMERAL_DINHEIRO,5556,sim
2264,DIAMANTE,PLANTA_FLOR_NATUREZA,5549,sim
2265,CRUZAR2,NENHUM,5541,sim
2266,CAMPEONATO,ESPORTE_DIVERSÃO,5537,sim
2267,TUBARÃO,ANIMAL_INSETO_PEIXE_AVE,5534,sim
2268,ORÇAMENTO,NUMERAL_DINHEIRO,5532,sim
2269,OUTONO2,NENHUM,5528,sim
2270,BLOCO1,NENHUM,5496,sim
2271,BLOCO2,NENHUM,5496,sim
2272,DAMAS,NENHUM,5494,sim
2273,OPOSTO,NENHUM,5491,sim
2274,POESIA,NENHUM,5486,sim
2275,PENSÃO2,NENHUM,5470,sim
2276,PENSÃO1,NUMERAL_DINHEIRO,5470,sim
2277,LIBERAR,NENHUM,5465,sim
2278,NU,NENHUM,5454,sim
2279,PRAÇA2,NENHUM,5451,sim
2280,PRAÇA3,NENHUM,5451,sim
2281,MEDALHA,NENHUM,5450,sim
2282,MINISTÉRIO,NENHUM,5448,sim
2283,GRAVIDEZ2,HIGIENE_SAÚDE,5443,sim
2284,FRANCO,NENHUM,5441,sim
2285,MASSAGEM,HIGIENE_SAÚDE,5436,sim
2286,PAPELADA,NENHUM,5433,sim
2287,NUVEM,NENHUM,5432,sim
2288,AMIGÁVEL,SENTIMENTOS,5428,sim
2289,JAPONÊS,NENHUM,5414,sim
2290,CINZA1,COR_FORMA,5402,sim
2291,CINZA2,MATÉRIA_SUBSTÂNCIA,5402,sim
2292,CARRINHO1,ESPORTE_DIVERSÃO,5400,sim
2293,CARRINHO2,TRANPORTE_VEÍCULO,5400,sim
2294,EMBAIXADA2,ESPORTE_DIVERSÃO,5399,sim
2295,EMBAIXADA1,NENHUM,5399,sim
2296,ESTRANGEIRO,NENHUM,5395,sim
2297,PORTA-RETRATO,CASA,5388,sim
2298,RETRATO,NENHUM,5388,sim
2299,CHUVEIRO,HIGIENE_SAÚDE,5386,sim
2300,TÍPICO,NENHUM,5372,sim
2301,GORDURA,MATÉRIA_SUBSTÂNCIA,5365,sim
2302,BLUSA,VESTUÁRIO_COMPLEMENTOS,5358,sim
2303,PROPRIETÁRIO,NENHUM,5353,sim
2304,CURVA,NENHUM,5343,sim
2305,FAIXA,NENHUM,5333,sim
2306,ACOSTUMADO,NENHUM,5323,sim
2307,SUMIR,NENHUM,5296,sim
2308,FORNO,CASA,5295,sim
2309,ARROGANTE,NENHUM,5292,sim
2310,TRAIR2,NENHUM,5290,sim
2311,RECOLHER,NENHUM,5277,sim
2312,NOJO,SENTIMENTOS,5273,sim
2313,PIORAR,NENHUM,5270,sim
2314,MAGNÍFICO,NENHUM,5266,sim
2315,MARTELO,APARELHO_MÁQUINA,5262,sim
2316,COMÉRCIO,NENHUM,5255,sim
2317,SAUDADE,SENTIMENTOS,5251,sim
2318,G,NENHUM,5246,sim
2319,BOATE,ESPORTE_DIVERSÃO,5229,sim
2320,BOTAR,NENHUM,5229,sim
2321,BOTAR2,NENHUM,5229,sim
2322,AGULHA1,NENHUM,5224,sim
2323,COMUNICAR,NENHUM,5222,sim
2324,APONTAR1,NENHUM,5221,sim
2325,APONTAR2,NENHUM,5221,sim
2326,CAMISETA,VESTUÁRIO_COMPLEMENTOS,5217,sim
2327,CAMINHONETE,TRANPORTE_VEÍCULO,5216,sim
2328,MANCHA,NENHUM,5211,sim
2329,COMPETIR,NENHUM,5198,sim
2330,J,NENHUM,5187,sim
2331,FERIADO,NENHUM,5173,sim
2332,AVANÇAR1,NENHUM,5172,sim
2333,AVANÇAR2,NENHUM,5172,sim
2334,RIFLE,APARELHO_MÁQUINA,5171,sim
2335,PERMANENTE,NENHUM,5160,sim
2336,EDUCADO,NENHUM,5158,sim
2337,DELEGADO,PROFISSÃO_TRABALHO,5157,sim
2338,VASO,CASA,5149,sim
2339,COMPAIXÃO,SENTIMENTOS,5144,sim
2340,ENGENHEIRO,PROFISSÃO_TRABALHO,5143,sim
2341,ÂNGULO,COR_FORMA,5138,sim
2342,BISCOITO,ALIMENTO_BEBIDA,5134,sim
2343,SONHAR,NENHUM,5117,sim
2344,RENDA,NUMERAL_DINHEIRO,5116,sim
2345,SINO,NENHUM,5108,sim
2346,DUELO,NENHUM,5104,sim
2347,BAIXAR,NENHUM,5089,sim
2348,PILHA1,APARELHO_MÁQUINA,5083,sim
2349,PILHA2,NENHUM,5083,sim
2350,PILHA3,NENHUM,5083,sim
2351,EXAMINAR,NENHUM,5081,sim
2352,TONTO1,NENHUM,5079,sim
2353,TONTO2,NENHUM,5079,sim
2354,TORNEIO,NENHUM,5062,sim
2355,GARÇONETE,PROFISSÃO_TRABALHO,5061,sim
2356,GAVETA,NENHUM,5058,sim
2357,INFERIOR,NENHUM,5057,sim
2358,TAÇA1,CASA,5046,sim
2359,TAÇA2,ESPORTE_DIVERSÃO,5046,sim
2360,ORAÇÃO,NENHUM,5046,sim
2361,CARINHO,SENTIMENTOS,5032,sim
2362,EVOLUÇÃO,NENHUM,5028,sim
2363,BIGODE,CORPO,5027,sim
2364,EMPREGADO,NENHUM,5025,sim
2365,RESPEITAR,NENHUM,5021,sim
2366,AVENIDA,NENHUM,5019,sim
2367,BINGO,ESPORTE_DIVERSÃO,5000,sim
2368,PREENCHER,NENHUM,4999,sim
2369,VAGABUNDO,NENHUM,4999,sim
2370,BARATA,ANIMAL_INSETO_PEIXE_AVE,4995,sim
2371,ALIMENTO,ALIMENTO_BEBIDA,4993,sim
2372,COMPLETAR,NENHUM,4986,sim
2373,LANTERNA,APARELHO_MÁQUINA,4984,sim
2374,ESTUDOS_SOCIAIS,NENHUM,4980,sim
2375,CONSELHEIRO2,NENHUM,4977,sim
2376,APELIDO,NENHUM,4971,sim
2377,COBRAR1,NENHUM,4961,sim
2378,COBRAR2,NENHUM,4961,sim
2379,CONFIDENCIAL,NENHUM,4944,sim
2380,CONFIDENCIAL2,NENHUM,4944,sim
2381,TREVAS,NENHUM,4942,sim
2382,OFICINA,NENHUM,4937,sim
2383,MACARRÃO,ALIMENTO_BEBIDA,4934,sim
2384,ÁCIDO,ALIMENTO_BEBIDA,4927,sim
2385,ABRAÇAR,NENHUM,4924,sim
2386,FLASH,APARELHO_MÁQUINA,4922,sim
2387,EMPURRAR,NENHUM,4921,sim
2388,RESIDÊNCIA,CASA,4919,sim
2389,GREVE,PROFISSÃO_TRABALHO,4918,sim
2390,CONQUISTAR,NENHUM,4917,sim
2391,APAIXONAR,NENHUM,4910,sim
2392,ÁGUIA,ANIMAL_INSETO_PEIXE_AVE,4895,sim
2393,BIFE,ALIMENTO_BEBIDA,4892,sim
2394,ENTERRAR,NENHUM,4886,sim
2395,LANÇA,ESPORTE_DIVERSÃO,4884,sim
2396,LANÇA-PERFUME,ESPORTE_DIVERSÃO,4884,sim
2397,BANANA,FRUTA,4855,sim
2398,PROPAGANDA,NENHUM,4853,sim
2399,REFRIGERANTE1,NENHUM,4851,sim
2400,EGITO,PAÍS_ESTADO_CIDADE,4851,sim
2401,AUSTRÁLIA,PAÍS_ESTADO_CIDADE,4849,sim
2402,LENÇO,VESTUÁRIO_COMPLEMENTOS,4842,sim
2403,LOCALIZAR,NENHUM,4840,sim
2404,EMPRESÁRIO,PROFISSÃO_TRABALHO,4832,sim
2405,EXECUTAR,NENHUM,4826,sim
2406,DENTISTA,PROFISSÃO_TRABALHO,4825,sim
2407,IMPRESSIONAR,NENHUM,4824,sim
2408,VAGINA1,CORPO,4820,sim
2409,VAGINA2,NENHUM,4820,sim
2410,PRODUZIR,NENHUM,4818,sim
2411,ESTÁGIO,NENHUM,4815,sim
2412,LANCHE,ALIMENTO_BEBIDA,4812,sim
2413,ANALISAR,ANIMAL_INSETO_PEIXE_AVE,4812,sim
2414,FOGUEIRA,NENHUM,4812,sim
2415,MICROFONE,APARELHO_MÁQUINA,4808,sim
2416,PUS,HIGIENE_SAÚDE,4804,sim
2417,DEPRESSÃO,SENTIMENTOS,4804,sim
2418,PERSEGUIÇÃO,NENHUM,4797,sim
2419,ONZE,NUMERAL_DINHEIRO,4797,sim
2420,REPRESENTANTE,PROFISSÃO_TRABALHO,4795,sim
2421,PRESSENTIMENTO,SENTIMENTOS,4786,sim
2422,ALUGAR,NENHUM,4782,sim
2423,MÓVEIS,CASA,4777,sim
2424,OBRIGAÇÃO,NENHUM,4775,sim
2425,DIMINUIR1,NENHUM,4757,sim
2426,DIMINUIR2,NENHUM,4757,sim
2427,DIMINUIR3,NENHUM,4757,sim
2428,COMÉDIA,ESPORTE_DIVERSÃO,4752,sim
2429,ASSOCIAÇÃO,NENHUM,4744,sim
2430,PRECIOSO,NENHUM,4742,sim
2431,LÂMINA,NENHUM,4734,sim
2432,COITADO,NENHUM,4733,sim
2433,VALIOSO,NENHUM,4717,sim
2434,TESTA,CORPO,4715,sim
2435,ELEFANTE,ANIMAL_INSETO_PEIXE_AVE,4714,sim
2436,ATRAIR,NENHUM,4713,sim
2437,VARANDA,CASA,4706,sim
2438,TOMARA,NENHUM,4706,sim
2439,TOMARA-QUE-CAIA,VESTUÁRIO_COMPLEMENTOS,4706,sim
2440,MASCULINO,NENHUM,4695,sim
2441,SOLIDÃO,SENTIMENTOS,4691,sim
2442,CANHÃO,APARELHO_MÁQUINA,4668,sim
2443,QUARTEL,NENHUM,4665,sim
2444,SALVADOR,NENHUM,4653,sim
2445,ENGENHARIA,NENHUM,4650,sim
2446,MODERNO,NENHUM,4646,sim
2447,SIGNIFICAR,NENHUM,4644,sim
2448,COMPENSAR,NENHUM,4641,sim
2449,DEBATE,NENHUM,4636,sim
2450,CAPACETE,VESTUÁRIO_COMPLEMENTOS,4629,sim
2451,ÓRBITA,PLANTA_FLOR_NATUREZA,4623,sim
2452,ATRAÇÃO,SENTIMENTOS,4619,sim
2453,ANUNCIAR,NENHUM,4615,sim
2454,ENCRENCA,NENHUM,4603,sim
2455,DEMOCRACIA,NENHUM,4599,sim
2456,OBEDECER,NENHUM,4584,sim
2457,CORRIGIR,NENHUM,4575,sim
2458,SAPO,ANIMAL_INSETO_PEIXE_AVE,4570,sim
2459,PODRE,NENHUM,4566,sim
2460,FUNCIONÁRIO,PROFISSÃO_TRABALHO,4564,sim
2461,GUITARRA,NENHUM,4559,sim
2462,MOLHADO,NENHUM,4557,sim
2463,ACENDER_LUZ,NENHUM,4550,sim
2464,ACENDER_VELA,NENHUM,4550,sim
2465,LÉSBICA,NENHUM,4547,sim
2466,FEVEREIRO,ANO_SIDERAL,4545,sim
2467,V,NENHUM,4542,sim
2468,BOSQUE,PLANTA_FLOR_NATUREZA,4539,sim
2469,PIMENTA,ALIMENTO_BEBIDA,4536,sim
2470,BALDE,CASA,4527,sim
2471,AMENDOIM,FRUTA,4522,sim
2472,DOURADO,COR_FORMA,4518,sim
2473,COMPORTAR,NENHUM,4518,sim
2474,SACOLA,NENHUM,4510,sim
2475,ENVELOPE,NENHUM,4509,sim
2476,EXPOR1,NENHUM,4503,sim
2477,EXPOR2,NENHUM,4503,sim
2478,HUMILDE,NENHUM,4503,sim
2479,CERTIFICAR,NENHUM,4487,sim
2480,TRÁFICO1,NENHUM,4480,sim
2481,TRÁFICO2,NENHUM,4480,sim
2482,LIMÃO,FRUTA,4479,sim
2483,TORNADO,PLANTA_FLOR_NATUREZA,4469,sim
2484,MIJAR,NENHUM,4462,sim
2485,ALGEMAS,NENHUM,4459,sim
2486,JARDIM_ZOOLÓGICO,ESPORTE_DIVERSÃO,4458,sim
2487,ZOOLÓGICO,NENHUM,4458,sim
2488,FOGUETE,TRANPORTE_VEÍCULO,4451,sim
2489,GESTO,CORPO,4439,sim
2490,CABRA,ANIMAL_INSETO_PEIXE_AVE,4438,sim
2491,FILOSOFIA,NENHUM,4434,sim
2492,OPERAR1,NENHUM,4429,sim
2493,OPERAR2,NENHUM,4429,sim
2494,CONTADOR2,PROFISSÃO_TRABALHO,4426,sim
2495,CONTADOR3,PROFISSÃO_TRABALHO,4426,sim
2496,PROSSEGUIR,NENHUM,4425,sim
2497,INVENTAR,NENHUM,4422,sim
2498,CALCINHA,VESTUÁRIO_COMPLEMENTOS,4419,sim
2499,OFENSA,NENHUM,4418,sim
2500,QUEIXO,CORPO,4414,sim
2501,PERSEGUIR,NENHUM,4413,sim
2502,MACHADO,NENHUM,4411,sim
2503,AUTOR,PROFISSÃO_TRABALHO,4411,sim
2504,ESCUDO,NENHUM,4408,sim
2505,GRIPE,HIGIENE_SAÚDE,4405,sim
2506,PIRATA,NENHUM,4398,sim
2507,CESTA,CASA,4394,sim
2508,MULTA,NUMERAL_DINHEIRO,4389,sim
2509,COBERTOR,CASA,4372,sim
2510,DOMINAR,NENHUM,4371,sim
2511,HEMORRAGIA,HIGIENE_SAÚDE,4370,sim
2512,TELEGRAMA,NENHUM,4365,sim
2513,DEMONSTRAR,NENHUM,4362,sim
2514,BISPO,PROFISSÃO_TRABALHO,4359,sim
2515,ATRAPALHAR1,NENHUM,4356,sim
2516,ATRAPALHAR2,NENHUM,4356,sim
2517,CANO,NENHUM,4345,sim
2518,METRO,NENHUM,4335,sim
2519,LÁPIS,NENHUM,4325,sim
2520,INTERFERIR,NENHUM,4317,sim
2521,CHOVER,NENHUM,4313,sim
2522,TORCIDA,ESPORTE_DIVERSÃO,4312,sim
2523,CHURRASCO,ALIMENTO_BEBIDA,4309,sim
2524,ESTADUAL,NENHUM,4303,sim
2525,SINDICATO,PROFISSÃO_TRABALHO,4301,sim
2526,IDA,NENHUM,4300,sim
2527,LEILÃO,NENHUM,4299,sim
2528,MALVADO,NENHUM,4298,sim
2529,QUINTO,NUMERAL_DINHEIRO,4298,sim
2530,MOLE1,NENHUM,4283,sim
2531,MOLE2,NENHUM,4283,sim
2532,MOLE3,NENHUM,4283,sim
2533,JUNTA,NENHUM,4280,sim
2534,MARROM,COR_FORMA,4276,sim
2535,VALENTE,NENHUM,4276,sim
2536,VAPOR,MATÉRIA_SUBSTÂNCIA,4266,sim
2537,MOSCA,ANIMAL_INSETO_PEIXE_AVE,4264,sim
2538,TÍMIDO,NENHUM,4262,sim
2539,SURDO1,NENHUM,4250,sim
2540,SURDO2,NENHUM,4250,sim
2541,MACACO_MECÂNICO,APARELHO_MÁQUINA,4247,sim
2542,PISO,NENHUM,4242,sim
2543,COMUNISTA,NENHUM,4237,sim
2544,AVE,ANIMAL_INSETO_PEIXE_AVE,4235,sim
2545,REBELDE,NENHUM,4234,sim
2546,PLANEJAR,NENHUM,4224,sim
2547,TRAVESSEIRO,CASA,4220,sim
2548,REDUZIR,NENHUM,4211,sim
2549,NAMORO,NENHUM,4205,sim
2550,MORRO1,PLANTA_FLOR_NATUREZA,4201,sim
2551,MORRO2,PLANTA_FLOR_NATUREZA,4201,sim
2552,PAINEL,NENHUM,4189,sim
2553,BARREIRA,NENHUM,4182,sim
2554,CARROÇA,TRANPORTE_VEÍCULO,4176,sim
2555,AGRADAR,NENHUM,4175,sim
2556,SUSTO,SENTIMENTOS,4169,sim
2557,TRÁFEGO,NENHUM,4162,sim
2558,LAVA,MATÉRIA_SUBSTÂNCIA,4150,sim
2559,VIGIAR,NENHUM,4137,sim
2560,ATUAR,NENHUM,4136,sim
2561,INJEÇÃO,HIGIENE_SAÚDE,4134,sim
2562,RODOVIA,NENHUM,4132,sim
2563,CHORO,NENHUM,4124,sim
2564,TENDA,NENHUM,4112,sim
2565,DESENHAR,NENHUM,4106,sim
2566,ESCÓCIA,PAÍS_ESTADO_CIDADE,4105,sim
2567,FEIJÃO,ALIMENTO_BEBIDA,4101,sim
2568,ARCO1,NENHUM,4101,sim
2569,ARCO2,NENHUM,4101,sim
2570,BASTÃO,ESPORTE_DIVERSÃO,4090,sim
2571,TARTARUGA,ANIMAL_INSETO_PEIXE_AVE,4064,sim
2572,VÉSPERA,ANO_SIDERAL,4064,sim
2573,HONESTIDADE,NENHUM,4062,sim
2574,VOLUNTÁRIO,NENHUM,4062,sim
2575,ENGOLIR,NENHUM,4052,sim
2576,TEIMOSO1,NENHUM,4050,sim
2577,TEIMOSO2,NENHUM,4050,sim
2578,TEIMOSO3,NENHUM,4050,sim
2579,FRUTA,FRUTA,4049,sim
2580,CAUDA2,PLANTA_FLOR_NATUREZA,4045,sim
2581,PREFEITURA,NENHUM,4044,sim
2582,QUARENTA,NUMERAL_DINHEIRO,4042,sim
2583,ANCESTRAIS,FAMÍLIA,4027,sim
2584,TAMPA,CASA,4015,sim
2585,POUPAR1,NENHUM,4014,sim
2586,POUPAR2,NENHUM,4014,sim
2587,CUBA,PAÍS_ESTADO_CIDADE,4014,sim
2588,CUBA2,PAÍS_ESTADO_CIDADE,4014,sim
2589,BÔNUS,PROFISSÃO_TRABALHO,4014,sim
2590,BOLICHE,ESPORTE_DIVERSÃO,4013,sim
2591,VAZAMENTO,NENHUM,4010,sim
2592,DISCIPLINA1,NENHUM,3999,sim
2593,DISCIPLINA2,NENHUM,3999,sim
2594,FARTO,NENHUM,3989,sim
2595,FARTO2,NENHUM,3989,sim
2596,ENTERRO,NENHUM,3984,sim
2597,SUTIÃ,VESTUÁRIO_COMPLEMENTOS,3971,sim
2598,MORDER,NENHUM,3968,sim
2599,ABORTO,HIGIENE_SAÚDE,3967,sim
2600,BRILHAR,NENHUM,3964,sim
2601,URINA,MATÉRIA_SUBSTÂNCIA,3960,sim
2602,CAMPAINHA,APARELHO_MÁQUINA,3948,sim
2603,SAFADO,NENHUM,3948,sim
2604,SELO,NENHUM,3943,sim
2605,ESTÓRIA,ESPORTE_DIVERSÃO,3938,sim
2606,PUNHO,CORPO,3937,sim
2607,LÂMPADA,NENHUM,3935,sim
2608,ABAIXO-ASSINADO,NENHUM,3926,sim
2609,CORTINA,CASA,3924,sim
2610,BORRACHA,NENHUM,3920,sim
2611,CARECA,CORPO,3917,sim
2612,PIA,HIGIENE_SAÚDE,3917,sim
2613,TOLICE,NENHUM,3917,sim
2614,MANUTENÇÃO,NENHUM,3911,sim
2615,MALDADE,NENHUM,3910,sim
2616,CONDUTA,NENHUM,3892,sim
2617,VOLANTE,TRANPORTE_VEÍCULO,3892,sim
2618,INDIVÍDUO,NENHUM,3889,sim
2619,ANSIEDADE,SENTIMENTOS,3883,sim
2620,SALSICHA,ALIMENTO_BEBIDA,3878,sim
2621,FADA,ESPORTE_DIVERSÃO,3873,sim
2622,CURTO-CIRCUITO,NENHUM,3871,sim
2623,BALÃO2,APARELHO_MÁQUINA,3866,sim
2624,BALÃO3,ESPORTE_DIVERSÃO,3866,sim
2625,BALÃO1,NENHUM,3866,sim
2626,VIGIA,PROFISSÃO_TRABALHO,3862,sim
2627,FÊMEA,NENHUM,3860,sim
2628,ACUSAR,NENHUM,3841,sim
2629,FÚRIA,NENHUM,3836,sim
2630,LESÃO,HIGIENE_SAÚDE,3832,sim
2631,MUDO1,CORPO,3831,sim
2632,MUDO2,NENHUM,3831,sim
2633,MOLEQUE,NENHUM,3822,sim
2634,DEFEITO,NENHUM,3821,sim
2635,INSANO,NENHUM,3821,sim
2636,COMBATER,NENHUM,3820,sim
2637,TORCER1,NENHUM,3819,sim
2638,TORCER2,NENHUM,3819,sim
2639,TORCER3,NENHUM,3819,sim
2640,PÁ,APARELHO_MÁQUINA,3815,sim
2641,DESENVOLVER,NENHUM,3812,sim
2642,LANCHONETE,PROFISSÃO_TRABALHO,3812,sim
2643,FILHOTE,PLANTA_FLOR_NATUREZA,3796,sim
2644,CHEIRAR,NENHUM,3790,sim
2645,FARMÁCIA,HIGIENE_SAÚDE,3788,sim
2646,GREGO,NENHUM,3780,sim
2647,TORNOZELO,CORPO,3776,sim
2648,MADRE,NENHUM,3775,sim
2649,NOTÁVEL,NENHUM,3775,sim
2650,MAGOAR,NENHUM,3774,sim
2651,PROVOCAR1,NENHUM,3774,sim
2652,PROVOCAR2,NENHUM,3774,sim
2653,RECUAR,NENHUM,3774,sim
2654,JATO1,NENHUM,3772,sim
2655,AMBIÇÃO,SENTIMENTOS,3772,sim
2656,JATO2,TRANPORTE_VEÍCULO,3772,sim
2657,TAPA1,NENHUM,3768,sim
2658,TAPA2,NENHUM,3768,sim
2659,BATOM,NENHUM,3761,sim
2660,CATEGORIA,NENHUM,3759,sim
2661,LOTERIA,NENHUM,3756,sim
2662,MANGA1,VESTUÁRIO_COMPLEMENTOS,3756,sim
2663,MANGA2,VESTUÁRIO_COMPLEMENTOS,3756,sim
2664,ENVERGONHAR,NENHUM,3754,sim
2665,BOXE,ESPORTE_DIVERSÃO,3753,sim
2666,DECLARAR,NENHUM,3751,sim
2667,RECIBO,NUMERAL_DINHEIRO,3739,sim
2668,TRABALHADOR,NENHUM,3736,sim
2669,SACRIFICAR,NENHUM,3735,sim
2670,F,NENHUM,3729,sim
2671,COMETA2,NENHUM,3728,sim
2672,COMETA1,PLANTA_FLOR_NATUREZA,3728,sim
2673,SUÍÇA,PAÍS_ESTADO_CIDADE,3726,sim
2674,CUECA,VESTUÁRIO_COMPLEMENTOS,3717,sim
2675,CHICLETE1,NENHUM,3711,sim
2676,CHICLETE2,NENHUM,3711,sim
2677,VERME,ANIMAL_INSETO_PEIXE_AVE,3707,sim
2678,ETERNO,NENHUM,3707,sim
2679,CAMARÃO,ANIMAL_INSETO_PEIXE_AVE,3705,sim
2680,ESCOVA1,HIGIENE_SAÚDE,3705,sim
2681,ESCOVA2,HIGIENE_SAÚDE,3705,sim
2682,QUADRA,ESPORTE_DIVERSÃO,3702,sim
2683,METIDO,NENHUM,3702,sim
2684,REPRESENTAR,NENHUM,3702,sim
2685,TERREMOTO,PLANTA_FLOR_NATUREZA,3696,sim
2686,BALEIA,ANIMAL_INSETO_PEIXE_AVE,3685,sim
2687,AGARRAR,NENHUM,3681,sim
2688,POTE1,NENHUM,3680,sim
2689,POTE2,NENHUM,3680,sim
2690,CUNHADO,FAMÍLIA,3678,sim
2691,HAVAÍ,PAÍS_ESTADO_CIDADE,3672,sim
2692,CORAL,ESPORTE_DIVERSÃO,3666,sim
2693,MADRUGADA,NENHUM,3664,sim
2694,RIM,CORPO,3639,sim
2695,PUBLICAR1,NENHUM,3637,sim
2696,PUBLICAR2,NENHUM,3637,sim
2697,VARA,PLANTA_FLOR_NATUREZA,3635,sim
2698,SUOR,MATÉRIA_SUBSTÂNCIA,3634,sim
2699,GAIOLA,NENHUM,3634,sim
2700,PERUCA,NENHUM,3633,sim
2701,GIRAR,NENHUM,3628,sim
2702,VÍCIO1,HIGIENE_SAÚDE,3624,sim
2703,VÍCIO2,NENHUM,3624,sim
2704,ALGODÃO,PLANTA_FLOR_NATUREZA,3624,sim
2705,PRESUNTO,ALIMENTO_BEBIDA,3622,sim
2706,AIDS,HIGIENE_SAÚDE,3619,sim
2707,OFENDER,NENHUM,3617,sim
2708,CORDEIRO,ANIMAL_INSETO_PEIXE_AVE,3612,sim
2709,INSETO,ANIMAL_INSETO_PEIXE_AVE,3612,sim
2710,PIJAMA,VESTUÁRIO_COMPLEMENTOS,3600,sim
2711,BARRACA,NENHUM,3598,sim
2712,SUPERVISOR,PROFISSÃO_TRABALHO,3596,sim
2713,IMPLORAR,NENHUM,3593,sim
2714,CHAVE_DE_FENDA,NENHUM,3591,sim
2715,VIOLÃO,NENHUM,3591,sim
2716,ALTAR,NENHUM,3581,sim
2717,CULTO1,NENHUM,3572,sim
2718,CULTO2,NENHUM,3572,sim
2719,BEIJA-FLOR,ANIMAL_INSETO_PEIXE_AVE,3566,sim
2720,PAISAGEM,PLANTA_FLOR_NATUREZA,3561,sim
2721,SURPREENDER,NENHUM,3560,sim
2722,TROFÉU,ESPORTE_DIVERSÃO,3554,sim
2723,POBREZA,NENHUM,3541,sim
2724,CHUPAR_LARANJA,NENHUM,3535,sim
2725,CONTATAR,NENHUM,3533,sim
2726,EXPULSAR,NENHUM,3532,sim
2727,REFORÇO,NENHUM,3532,sim
2728,MEXICANO,NENHUM,3528,sim
2729,ADICIONAR1,NENHUM,3525,sim
2730,ADICIONAR2,NENHUM,3525,sim
2731,BOTA,VESTUÁRIO_COMPLEMENTOS,3524,sim
2732,ALIVIAR,NENHUM,3516,sim
2733,BANQUETE,NENHUM,3514,sim
2734,ADIAR,NENHUM,3510,sim
2735,MAGRO,NENHUM,3507,sim
2736,POUSAR,NENHUM,3504,sim
2737,FLECHA,NENHUM,3499,sim
2738,NOTURNO,NENHUM,3497,sim
2739,SEMELHANTE,NENHUM,3496,sim
2740,RESFRIADO,HIGIENE_SAÚDE,3495,sim
2741,PÍLULA,HIGIENE_SAÚDE,3490,sim
2742,SUSTENTAR,NENHUM,3489,sim
2743,MISTURAR1,NENHUM,3482,sim
2744,MISTURAR2,NENHUM,3482,sim
2745,GOL,ESPORTE_DIVERSÃO,3480,sim
2746,FORTALEZA,PAÍS_ESTADO_CIDADE,3480,sim
2747,APOSENTAR,NENHUM,3476,sim
2748,RAPOSA,ANIMAL_INSETO_PEIXE_AVE,3473,sim
2749,COBERTA,CASA,3467,sim
2750,ESPERMA,MATÉRIA_SUBSTÂNCIA,3467,sim
2751,DELÍCIA,NENHUM,3459,sim
2752,DEPRIMIDO,NENHUM,3457,sim
2753,DANÇARINA,PROFISSÃO_TRABALHO,3457,sim
2754,MISÉRIA,NENHUM,3446,sim
2755,COMPARAR,NENHUM,3434,sim
2756,SELEÇÃO,PROFISSÃO_TRABALHO,3431,sim
2757,ERRAR,NENHUM,3425,sim
2758,FURACÃO,PLANTA_FLOR_NATUREZA,3420,sim
2759,AGITADO,NENHUM,3416,sim
2760,SILENCIOSO,NENHUM,3414,sim
2761,AMARRAR,NENHUM,3409,sim
2762,SANGRAMENTO,HIGIENE_SAÚDE,3401,sim
2763,TRANSFERIR,NENHUM,3399,sim
2764,PREFERIR,NENHUM,3395,sim
2765,PREJUDICAR,NENHUM,3383,sim
2766,SEMESTRE,NENHUM,3380,sim
2767,BALANÇO2,ESPORTE_DIVERSÃO,3373,sim
2768,BALANÇO1,NENHUM,3373,sim
2769,CINQUENTA,NUMERAL_DINHEIRO,3366,sim
2770,ENXERGAR,NENHUM,3363,sim
2771,APOSENTADORIA,PROFISSÃO_TRABALHO,3360,sim
2772,BARRIL,NENHUM,3357,sim
2773,FECHADURA,CASA,3350,sim
2774,ZELADOR,PROFISSÃO_TRABALHO,3350,sim
2775,CRENÇA,SENTIMENTOS,3349,sim
2776,ASA3,ALIMENTO_BEBIDA,3343,sim
2777,ASA1,ANIMAL_INSETO_PEIXE_AVE,3343,sim
2778,ASA2,APARELHO_MÁQUINA,3343,sim
2779,TRANCAR,NENHUM,3341,sim
2780,CIÚME,SENTIMENTOS,3341,sim
2781,LUVA,NENHUM,3336,sim
2782,AGRESSIVO,NENHUM,3335,sim
2783,CURRÍCULO_VITAE,PROFISSÃO_TRABALHO,3333,sim
2784,MISSA,NENHUM,3332,sim
2785,SUPERMERCADO,NENHUM,3318,sim
2786,MONITOR1,APARELHO_MÁQUINA,3309,sim
2787,ESFORÇAR,NENHUM,3309,sim
2788,MONITOR2,PROFISSÃO_TRABALHO,3309,sim
2789,FERRAMENTA,APARELHO_MÁQUINA,3307,sim
2790,BORBOLETA,ANIMAL_INSETO_PEIXE_AVE,3304,sim
2791,PASSAGEIRO,TRANPORTE_VEÍCULO,3303,sim
2792,PÁSCOA,NENHUM,3299,sim
2793,SABÃO,MATÉRIA_SUBSTÂNCIA,3297,sim
2794,ENLOUQUECER,NENHUM,3296,sim
2795,DESAFIAR,ESPORTE_DIVERSÃO,3291,sim
2796,TRANSA,NENHUM,3291,sim
2797,JURAR,NENHUM,3290,sim
2798,MÍSSIL,APARELHO_MÁQUINA,3288,sim
2799,DOBRAR,NENHUM,3288,sim
2800,PINTOR2,NENHUM,3288,sim
2801,PINTOR1,PROFISSÃO_TRABALHO,3288,sim
2802,GORJETA,NUMERAL_DINHEIRO,3285,sim
2803,EXAUSTO,NENHUM,3284,sim
2804,FALCÃO,ANIMAL_INSETO_PEIXE_AVE,3283,sim
2805,HÓQUEI,ESPORTE_DIVERSÃO,3283,sim
2806,APRECIAR,NENHUM,3281,sim
2807,FERRO_ELÉTRICO,APARELHO_MÁQUINA,3273,sim
2808,ELÉTRICO,NENHUM,3273,sim
2809,RADICAL,NENHUM,3272,sim
2810,AUXILIAR,NENHUM,3266,sim
2811,LAÇO,NENHUM,3265,sim
2812,LOTE,NENHUM,3265,sim
2813,ANUAL,ANO_SIDERAL,3263,sim
2814,À-TOA,NENHUM,3259,sim
2815,DIPLOMA,NENHUM,3258,sim
2816,JUDICIAL,NENHUM,3256,sim
2817,PIPOCA,ALIMENTO_BEBIDA,3254,sim
2818,BERÇO,CASA,3254,sim
2819,ÉTICA1,NENHUM,3250,sim
2820,ÉTICA2,NENHUM,3250,sim
2821,DESEMPENHO,PROFISSÃO_TRABALHO,3250,sim
2822,REFLEXO,NENHUM,3235,sim
2823,PRECISÃO,NENHUM,3231,sim
2824,RISADA,NENHUM,3227,sim
2825,DEFINIR,NENHUM,3223,sim
2826,FINO1,NENHUM,3217,sim
2827,FINO2,NENHUM,3217,sim
2828,FINO3,NENHUM,3217,sim
2829,FINO4,NENHUM,3217,sim
2830,FINO5,NENHUM,3217,sim
2831,PANO1,CASA,3216,sim
2832,PANO2,CASA,3216,sim
2833,PANO3,NENHUM,3216,sim
2834,SÓLIDO,NENHUM,3215,sim
2835,ROXO1,COR_FORMA,3210,sim
2836,ROXO2,COR_FORMA,3210,sim
2837,DOAÇÃO,NENHUM,3200,sim
2838,ESMAGAR,NENHUM,3200,sim
2839,ALELUIA1,NENHUM,3199,sim
2840,ALELUIA2,NENHUM,3199,sim
2841,GROSSO1,NENHUM,3198,sim
2842,GROSSO2,NENHUM,3198,sim
2843,MATO_GROSSO,PAÍS_ESTADO_CIDADE,3198,sim
2844,MATO_GROSSO_DO_SUL,PAÍS_ESTADO_CIDADE,3198,sim
2845,LEITO,NENHUM,3196,sim
2846,IMPOSTO,NUMERAL_DINHEIRO,3196,sim
2847,VEADO,ANIMAL_INSETO_PEIXE_AVE,3195,sim
2848,CALENDÁRIO,ANO_SIDERAL,3192,sim
2849,SÃO_PAULO,PAÍS_ESTADO_CIDADE,3188,sim
2850,RÉ,TRANPORTE_VEÍCULO,3176,sim
2851,BICHO2,ANIMAL_INSETO_PEIXE_AVE,3175,sim
2852,BICHO3,ANIMAL_INSETO_PEIXE_AVE,3175,sim
2853,CINTURA,CORPO,3175,sim
2854,BICHO1,ESPORTE_DIVERSÃO,3175,sim
2855,BICHO4,ESPORTE_DIVERSÃO,3175,sim
2856,LAREIRA,CASA,3172,sim
2857,COMBINAR1,NENHUM,3171,sim
2858,COMBINAR2,NENHUM,3171,sim
2859,K,NENHUM,3170,sim
2860,REFORMA1,NENHUM,3169,sim
2861,REFORMA2,NENHUM,3169,sim
2862,Q,NENHUM,3168,sim
2863,PISAR,NENHUM,3167,sim
2864,GUIAR,NENHUM,3164,sim
2865,AFUNDAR,NENHUM,3159,sim
2866,REAGIR,NENHUM,3159,sim
2867,TIGELA,CASA,3158,sim
2868,ACELERAR1,NENHUM,3153,sim
2869,ACELERAR2,NENHUM,3153,sim
2870,AQUECER,NENHUM,3149,sim
2871,IMENSO,NENHUM,3140,sim
2872,Z,NENHUM,3140,sim
2873,PULMÃO,CORPO,3139,sim
2874,PSICOLOGIA,PROFISSÃO_TRABALHO,3139,sim
2875,REPARAR,NENHUM,3134,sim
2876,PORNOGRAFIA,NENHUM,3132,sim
2877,PUDIM,ALIMENTO_BEBIDA,3128,sim
2878,SEXTO,NUMERAL_DINHEIRO,3127,sim
2879,CAPELA,NENHUM,3118,sim
2880,BANDEJA,CASA,3116,sim
2881,CALÇADA,NENHUM,3114,sim
2882,LEGÍTIMO,NENHUM,3106,sim
2883,AGÜENTAR1,NENHUM,3099,sim
2884,AGÜENTAR2,NENHUM,3099,sim
2885,AGÜENTAR3,NENHUM,3099,sim
2886,PÁRA-BRISA,TRANPORTE_VEÍCULO,3098,sim
2887,DESVIAR,NENHUM,3076,sim
2888,ACENDER_FAROL,NENHUM,3073,sim
2889,FAROL2,NENHUM,3073,sim
2890,FAROL1,TRANPORTE_VEÍCULO,3073,sim
2891,REGULAR1,NENHUM,3069,sim
2892,REGULAR2,NENHUM,3069,sim
2893,LATERAL,NENHUM,3067,sim
2894,NÓ,NENHUM,3066,sim
2895,AFOGAR1,NENHUM,3065,sim
2896,AFOGAR2,NENHUM,3065,sim
2897,COLCHÃO1,CASA,3061,sim
2898,COLCHÃO2,CASA,3061,sim
2899,ENCERRAR2,NENHUM,3059,sim
2900,SECRETÁRIA_ELETRÔNICA,APARELHO_MÁQUINA,3054,sim
2901,DESPERTAR,ALIMENTO_BEBIDA,3052,sim
2902,ACAMPAR,NENHUM,3052,sim
2903,JAULA,NENHUM,3046,sim
2904,GALO,ANIMAL_INSETO_PEIXE_AVE,3043,sim
2905,MANÍACO,NENHUM,3043,sim
2906,TESÃO,SENTIMENTOS,3042,sim
2907,GRANADA,APARELHO_MÁQUINA,3041,sim
2908,VACINA,HIGIENE_SAÚDE,3038,sim
2909,ACRESCENTAR,NENHUM,3032,sim
2910,DISTRAIR,NENHUM,3032,sim
2911,AFASTADO1,NENHUM,3027,sim
2912,AFASTADO2,NENHUM,3027,sim
2913,CAMADA,NENHUM,3023,sim
2914,CONSTITUIÇÃO,NENHUM,3017,sim
2915,DOAR1,NENHUM,3016,sim
2916,DOAR2,NENHUM,3016,sim
2917,MERGULHAR,NENHUM,3016,sim
2918,FEDERAÇÃO,NENHUM,3015,sim
2919,ALTERAR,NENHUM,3014,sim
2920,INDIANO,NENHUM,3014,sim
2921,PANELA,CASA,3011,sim
2922,PLANTAR,NENHUM,3010,sim
2923,DVD,APARELHO_MÁQUINA,3009,sim
2924,PENDURAR1,NENHUM,3004,sim
2925,PENDURAR2,NUMERAL_DINHEIRO,3004,sim
2926,CONFERIR,NENHUM,3001,sim
2927,HONRAR,NENHUM,3001,sim
2928,RESSACA,NENHUM,3001,sim
2929,CONSULTAR,NENHUM,2997,sim
2930,REGIMENTO,NENHUM,2997,sim
2931,TRONCO,PLANTA_FLOR_NATUREZA,2997,sim
2932,LAGOSTA1,ANIMAL_INSETO_PEIXE_AVE,2990,sim
2933,LAGOSTA2,ANIMAL_INSETO_PEIXE_AVE,2990,sim
2934,PIRANHA1,ANIMAL_INSETO_PEIXE_AVE,2990,sim
2935,PIRANHA2,NENHUM,2990,sim
2936,ROMPER,NENHUM,2987,sim
2937,GRÉCIA,PAÍS_ESTADO_CIDADE,2984,sim
2938,RAIZ,PLANTA_FLOR_NATUREZA,2976,sim
2939,VULCÃO,PLANTA_FLOR_NATUREZA,2955,sim
2940,BODE,ANIMAL_INSETO_PEIXE_AVE,2951,sim
2941,TOMATE,FRUTA,2943,sim
2942,TRANQÜILO,NENHUM,2940,sim
2943,TRANQÜILO2,NENHUM,2940,sim
2944,REVÓLVER,APARELHO_MÁQUINA,2938,sim
2945,RECURSO1,NENHUM,2934,sim
2946,RECURSO2,NENHUM,2934,sim
2947,VIOLINO,NENHUM,2930,sim
2948,AVANÇADA1,NENHUM,2929,sim
2949,AVANÇADA2,NENHUM,2929,sim
2950,BOMBEIRO,PROFISSÃO_TRABALHO,2929,sim
2951,BONÉ,NENHUM,2921,sim
2952,INSULTO,NENHUM,2918,sim
2953,CADERNO,NENHUM,2915,sim
2954,ESTOURAR,NENHUM,2915,sim
2955,TESOURA1,APARELHO_MÁQUINA,2911,sim
2956,TESOURA2,APARELHO_MÁQUINA,2911,sim
2957,CONVENTO,NENHUM,2911,sim
2958,DISCRETO,NENHUM,2903,sim
2959,LENHA,NENHUM,2902,sim
2960,ENFORCADO,NENHUM,2901,sim
2961,FREIRA,PROFISSÃO_TRABALHO,2900,sim
2962,DETONAR,NENHUM,2892,sim
2963,ESCALAR1,NENHUM,2890,sim
2964,ESCALAR2,NENHUM,2890,sim
2965,ORQUESTRA,ESPORTE_DIVERSÃO,2889,sim
2966,PELADO,NENHUM,2886,sim
2967,ENROLAR1,NENHUM,2884,sim
2968,ENROLAR2,NENHUM,2884,sim
2969,INTERFERÊNCIA,NENHUM,2880,sim
2970,DIARIAMENTE1,ANO_SIDERAL,2878,sim
2971,DIARIAMENTE2,ANO_SIDERAL,2878,sim
2972,SECAR,NENHUM,2876,sim
2973,FREIO,TRANPORTE_VEÍCULO,2872,sim
2974,BALÉ,ESPORTE_DIVERSÃO,2848,sim
2975,BIOLOGIA,NENHUM,2848,sim
2976,MINI-SAIA,VESTUÁRIO_COMPLEMENTOS,2842,sim
2977,DERRAME,HIGIENE_SAÚDE,2841,sim
2978,APOSENTADO,PROFISSÃO_TRABALHO,2841,sim
2979,SACANAGEM,NENHUM,2831,sim
2980,BRUTO,NENHUM,2828,sim
2981,SIMPATIA,NENHUM,2827,sim
2982,AMEAÇAR1,NENHUM,2824,sim
2983,AMEAÇAR2,NENHUM,2824,sim
2984,CAMISINHA,HIGIENE_SAÚDE,2820,sim
2985,PORRADA,NENHUM,2818,sim
2986,INTERPRETAR,NENHUM,2815,sim
2987,VAGÃO,TRANPORTE_VEÍCULO,2812,sim
2988,LIXEIRA,NENHUM,2811,sim
2989,OPOSIÇÃO,NENHUM,2807,sim
2990,ARQUITETO,PROFISSÃO_TRABALHO,2804,sim
2991,ARRASTAR,NENHUM,2798,sim
2992,INDICAR,NENHUM,2797,sim
2993,INSIGNIFICANTE1,NENHUM,2795,sim
2994,INSIGNIFICANTE2,NENHUM,2795,sim
2995,INSISTIR,NENHUM,2795,sim
2996,SUBORNO,NENHUM,2795,sim
2997,ENSAIAR,NENHUM,2794,sim
2998,REBELIÃO,NENHUM,2794,sim
2999,PULSEIRA,VESTUÁRIO_COMPLEMENTOS,2786,sim
3000,ECONOMIZAR,NENHUM,2784,sim
3001,PORTEIRO,NENHUM,2783,sim
3002,OTIMISTA,NENHUM,2782,sim
3003,CÓCEGAS,NENHUM,2779,sim
3004,OVELHA,ANIMAL_INSETO_PEIXE_AVE,2776,sim
3005,GRADE2,CASA,2775,sim
3006,ROLO1,HIGIENE_SAÚDE,2772,sim
3007,DECOLAR,NENHUM,2768,sim
3008,AUTOMÁTICO1,APARELHO_MÁQUINA,2766,sim
3009,PORTÃO_AUTOMÁTICO,CASA,2766,sim
3010,POLÔNIA,PAÍS_ESTADO_CIDADE,2766,sim
3011,AUTOMÁTICO2,TRANPORTE_VEÍCULO,2766,sim
3012,COMANDAR,NENHUM,2763,sim
3013,BALANÇA,APARELHO_MÁQUINA,2760,sim
3014,ÁSIA,PAÍS_ESTADO_CIDADE,2760,sim
3015,ATALHO,NENHUM,2758,sim
3016,ISOLADO,NENHUM,2756,sim
3017,ESFREGAR,NENHUM,2749,sim
3018,BENÇÃO,NENHUM,2745,sim
3019,DESMAIAR,NENHUM,2744,sim
3020,PILOTAR,NENHUM,2743,sim
3021,REGIME,NENHUM,2741,sim
3022,BILHÃO,NUMERAL_DINHEIRO,2741,sim
3023,DEPUTADO,PROFISSÃO_TRABALHO,2741,sim
3024,COMENTAR,NENHUM,2738,sim
3025,APLICAR1,NENHUM,2734,sim
3026,APLICAR2,NENHUM,2734,sim
3027,ALTITUDE,NENHUM,2730,sim
3028,TRANSPORTAR,NENHUM,2728,sim
3029,ALIADO,NENHUM,2726,sim
3030,GOZAR1,NENHUM,2726,sim
3031,GOZAR2,NENHUM,2726,sim
3032,GOZAR3,NENHUM,2726,sim
3033,LOBISOMEM,NENHUM,2721,sim
3034,RESERVADO,NENHUM,2718,sim
3035,PLATÉIA,ESPORTE_DIVERSÃO,2717,sim
3036,UNIVERSAL,NENHUM,2716,sim
3037,ASSADO,ALIMENTO_BEBIDA,2715,sim
3038,INTERESSAR,NENHUM,2712,sim
3039,VICE1,PROFISSÃO_TRABALHO,2711,sim
3040,VICE2,PROFISSÃO_TRABALHO,2711,sim
3041,RANCOR,SENTIMENTOS,2705,sim
3042,REITOR,NENHUM,2703,sim
3043,ABELHA,ANIMAL_INSETO_PEIXE_AVE,2701,sim
3044,RECÉM,NENHUM,2694,sim
3045,FAX1,APARELHO_MÁQUINA,2686,sim
3046,FAX2,NENHUM,2686,sim
3047,OCUPAR,NENHUM,2685,sim
3048,VULGAR,NENHUM,2684,sim
3049,ESPINHA,HIGIENE_SAÚDE,2679,sim
3050,COQUETEL,ALIMENTO_BEBIDA,2677,sim
3051,IGNORANTE,NENHUM,2676,sim
3052,ESQUELETO,CORPO,2674,sim
3053,PALESTRA,NENHUM,2673,sim
3054,MAESTRO,PROFISSÃO_TRABALHO,2671,sim
3055,PARCERIA,NENHUM,2667,sim
3056,FARINHA_DE_TRIGO,ALIMENTO_BEBIDA,2664,sim
3057,ISQUEIRO,APARELHO_MÁQUINA,2663,sim
3058,ACENDER_ISQUEIRO,NENHUM,2663,sim
3059,FALTAR1,NENHUM,2652,sim
3060,FALTAR2,NENHUM,2652,sim
3061,FALTAR3,NENHUM,2652,sim
3062,COZIDO,ALIMENTO_BEBIDA,2643,sim
3063,ALHO,LEGUME_VERDURA,2643,sim
3064,AVALIAR1,NENHUM,2635,sim
3065,AVALIAR2,NENHUM,2635,sim
3066,POSTE,NENHUM,2635,sim
3067,CORRETOR,PROFISSÃO_TRABALHO,2635,sim
3068,PERCEPÇÃO,SENTIMENTOS,2631,sim
3069,LOTADO,NENHUM,2629,sim
3070,TROVÃO,PLANTA_FLOR_NATUREZA,2627,sim
3071,GINÁSTICA,HIGIENE_SAÚDE,2626,sim
3072,SATANÁS,NENHUM,2625,sim
3073,CEBOLA,LEGUME_VERDURA,2624,sim
3074,ADIANTADO,NENHUM,2622,sim
3075,BOLHA2,ESPORTE_DIVERSÃO,2620,sim
3076,BOLHA1,HIGIENE_SAÚDE,2620,sim
3077,SÍTIO,NENHUM,2618,sim
3078,DENUNCIAR,NENHUM,2617,sim
3079,ESQUILO,ANIMAL_INSETO_PEIXE_AVE,2616,sim
3080,BLOQUEAR,NENHUM,2616,sim
3081,CARTAZ,NENHUM,2614,sim
3082,RIVAL,NENHUM,2613,sim
3083,SURGIR,NENHUM,2610,sim
3084,ESPINGARDA,NENHUM,2609,sim
3085,SEPARADO,NENHUM,2604,sim
3086,MILIONÁRIO,NUMERAL_DINHEIRO,2604,sim
3087,ESPUMA,MATÉRIA_SUBSTÂNCIA,2603,sim
3088,AMERICA_DO_NORTE,PAÍS_ESTADO_CIDADE,2599,sim
3089,AMERICA_DO_SUL,PAÍS_ESTADO_CIDADE,2599,sim
3090,TENTAÇÃO2,SENTIMENTOS,2597,sim
3091,ANTEPASSADOS,FAMÍLIA,2594,sim
3092,ASSASSINAR,NENHUM,2592,sim
3093,PALMA2,CORPO,2589,sim
3094,PALMA1,NENHUM,2589,sim
3095,VETERINÁRIO,PROFISSÃO_TRABALHO,2586,sim
3096,MENDIGO,NENHUM,2584,sim
3097,RETO,NENHUM,2582,sim
3098,TOLERAR,NENHUM,2579,sim
3099,BALANÇAR1,NENHUM,2578,sim
3100,BALANÇAR2,NENHUM,2578,sim
3101,BALANÇAR3,NENHUM,2578,sim
3102,ÚTERO,CORPO,2577,sim
3103,DESCARGA,HIGIENE_SAÚDE,2577,sim
3104,TÉDIO1,NENHUM,2575,sim
3105,BELO_HORIZONTE,PAÍS_ESTADO_CIDADE,2575,sim
3106,TÉDIO2,SENTIMENTOS,2575,sim
3107,ETIQUETA,NENHUM,2574,sim
3108,POSTURA,NENHUM,2572,sim
3109,CONCLUIR,NENHUM,2571,sim
3110,LABIRINTO,CORPO,2570,sim
3111,VISITANTE,NENHUM,2569,sim
3112,CHARUTO,NENHUM,2567,sim
3113,IMUNDO,HIGIENE_SAÚDE,2565,sim
3114,INTELECTUAL,NENHUM,2565,sim
3115,EXAGERADO,NENHUM,2564,sim
3116,CAGAR,NENHUM,2563,sim
3117,FRAGMENTOS,NENHUM,2560,sim
3118,PADRASTO,FAMÍLIA,2555,sim
3119,PRESERVAR,NENHUM,2555,sim
3120,CONGELAR,NENHUM,2548,sim
3121,ANOTAR1,NENHUM,2546,sim
3122,ANOTAR2,NENHUM,2546,sim
3123,ANOTAR3,NENHUM,2546,sim
3124,DUVIDAR,NENHUM,2534,sim
3125,PLANEJAMENTO,NENHUM,2532,sim
3126,PERTURBAR,NENHUM,2525,sim
3127,JUROS,NUMERAL_DINHEIRO,2520,sim
3128,SUÉCIA,PAÍS_ESTADO_CIDADE,2513,sim
3129,ADOTAR,NENHUM,2508,sim
3130,RODAR,NENHUM,2501,sim
3131,PORTUGUÊS,NENHUM,2499,sim
3132,AMARGO,NENHUM,2496,sim
3133,INGÊNUO,NENHUM,2496,sim
3134,ARRUMADO,NENHUM,2491,sim
3135,MEDIR,NENHUM,2489,sim
3136,INCLUIR,NENHUM,2488,sim
3137,INGRESSO,NUMERAL_DINHEIRO,2485,sim
3138,FESTEJAR,NENHUM,2484,sim
3139,VÉU,VESTUÁRIO_COMPLEMENTOS,2484,sim
3140,INSTALAR,NENHUM,2480,sim
3141,QUADRADO2,COR_FORMA,2479,sim
3142,APROVADO1,NENHUM,2479,sim
3143,APROVADO2,NENHUM,2479,sim
3144,APROVADO3,NENHUM,2479,sim
3145,QUADRADO1,NENHUM,2479,sim
3146,QUADRADO3,NENHUM,2479,sim
3147,VIRADA1,NENHUM,2474,sim
3148,SUSPEITAR,NENHUM,2473,sim
3149,CEREJA,FRUTA,2472,sim
3150,DECEPCIONADO1,NENHUM,2472,sim
3151,DECEPCIONADO2,NENHUM,2472,sim
3152,BRINCO,VESTUÁRIO_COMPLEMENTOS,2472,sim
3153,GROSSEIRO,NENHUM,2460,sim
3154,BALSA,TRANPORTE_VEÍCULO,2456,sim
3155,CORÉIA,NENHUM,2449,sim
3156,CAIPIRA,NENHUM,2446,sim
3157,ABORRECIDO,SENTIMENTOS,2444,sim
3158,CONTABILIDADE,PROFISSÃO_TRABALHO,2443,sim
3159,FOGÃO,CASA,2440,sim
3160,PINTA,CORPO,2435,sim
3161,CONTA-GOTAS,HIGIENE_SAÚDE,2429,sim
3162,REVELAÇÃO,NENHUM,2426,sim
3163,LÃ,MATÉRIA_SUBSTÂNCIA,2425,sim
3164,QUADRIL,CORPO,2422,sim
3165,DEPENDER,NENHUM,2421,sim
3166,LAMENTAR,NENHUM,2421,sim
3167,MACIO,NENHUM,2417,sim
3168,MÚSCULO,CORPO,2411,sim
3169,FEDOR1,NENHUM,2411,sim
3170,FEDOR2,NENHUM,2411,sim
3171,FEROZ,NENHUM,2411,sim
3172,MORCEGO,ANIMAL_INSETO_PEIXE_AVE,2408,sim
3173,BRONZE,MATÉRIA_SUBSTÂNCIA,2408,sim
3174,VETERANO,NENHUM,2407,sim
3175,ESTRAGADO,NENHUM,2403,sim
3176,IDIOMA,NENHUM,2400,sim
3177,ALERGIA1,HIGIENE_SAÚDE,2397,sim
3178,ALERGIA2,HIGIENE_SAÚDE,2397,sim
3179,ARREPENDIMENTO,NENHUM,2396,sim
3180,REMORSO,SENTIMENTOS,2391,sim
3181,OBRIGAR,NENHUM,2386,sim
3182,AGUARDAR,NENHUM,2381,sim
3183,MANGUEIRA,NENHUM,2380,sim
3184,SANTIDADE,NENHUM,2379,sim
3185,BAÚ,CASA,2372,sim
3186,RABINO,NENHUM,2371,sim
3187,VIDENTE,NENHUM,2371,sim
3188,RESTAURAR,NENHUM,2362,sim
3189,MANOBRA,TRANPORTE_VEÍCULO,2361,sim
3190,APAGADO,NENHUM,2360,sim
3191,LÍNGUA_ESTRANGEIRA,NENHUM,2350,sim
3192,EXPANDIR,NENHUM,2349,sim
3193,NAVEGAÇÃO,NENHUM,2347,sim
3194,HOMOSSEXUAL,NENHUM,2346,sim
3195,INOFENSIVO,NENHUM,2344,sim
3196,CATÓLICO,NENHUM,2343,sim
3197,VAZAR1,NENHUM,2340,sim
3198,VAZAR2,NENHUM,2340,sim
3199,VAZAR3,NENHUM,2340,sim
3200,PRATELEIRA,CASA,2338,sim
3201,RANGER,NENHUM,2337,sim
3202,DEDICAR,NENHUM,2333,sim
3203,OFENDIDO,NENHUM,2326,sim
3204,PROMOVER,NENHUM,2322,sim
3205,MODESTO,NENHUM,2319,sim
3206,ESTACA,NENHUM,2316,sim
3207,CHICOTE,NENHUM,2313,sim
3208,REVOLTA,NENHUM,2313,sim
3209,NOMEADO,PROFISSÃO_TRABALHO,2310,sim
3210,ABÓBORA1,LEGUME_VERDURA,2304,sim
3211,ABÓBORA2,LEGUME_VERDURA,2304,sim
3212,INSCRIÇÃO,NENHUM,2301,sim
3213,VARIEDADE,NENHUM,2300,sim
3214,FIXO,NENHUM,2293,sim
3215,GANSO,ANIMAL_INSETO_PEIXE_AVE,2280,sim
3216,MOSTARDA,ALIMENTO_BEBIDA,2279,sim
3217,DESORDEM,NENHUM,2278,sim
3218,INTERPRETAÇÃO,NENHUM,2275,sim
3219,ENCOBRIR,NENHUM,2268,sim
3220,PROSTITUIÇÃO,PROFISSÃO_TRABALHO,2268,sim
3221,ARREBENTAR,NENHUM,2266,sim
3222,RENUNCIAR,NENHUM,2266,sim
3223,LIMITADO,NENHUM,2265,sim
3224,TOCHA,NENHUM,2261,sim
3225,ARQUITETURA,PROFISSÃO_TRABALHO,2261,sim
3226,ORGANISMO,CORPO,2260,sim
3227,ADMIRAR,NENHUM,2258,sim
3228,GLOBO,COR_FORMA,2256,sim
3229,COZINHEIRA,PROFISSÃO_TRABALHO,2254,sim
3230,PANCADA,NENHUM,2245,sim
3231,ORAR,NENHUM,2243,sim
3232,PÔNEI,ANIMAL_INSETO_PEIXE_AVE,2242,sim
3233,ESQUENTAR,NENHUM,2232,sim
3234,LOUÇA,MATÉRIA_SUBSTÂNCIA,2231,sim
3235,LAVAR_LOUÇA,NENHUM,2231,sim
3236,PALHA,MATÉRIA_SUBSTÂNCIA,2227,sim
3237,SUJAR,NENHUM,2227,sim
3238,SEPULTURA,NENHUM,2226,sim
3239,ABORTAR1,NENHUM,2220,sim
3240,ABORTAR2,NENHUM,2220,sim
3241,GORILA,ANIMAL_INSETO_PEIXE_AVE,2219,sim
3242,COSTELA,CORPO,2219,sim
3243,SKATE,ESPORTE_DIVERSÃO,2216,sim
3244,REGRESSAR,NENHUM,2213,sim
3245,MADURO,NENHUM,2212,sim
3246,ORGASMO,CORPO,2210,sim
3247,BENGALA,NENHUM,2204,sim
3248,FÓSFORO,NENHUM,2202,sim
3249,ORAL,NENHUM,2202,sim
3250,SEMELHANÇA,NENHUM,2200,sim
3251,ALIVIADO,NENHUM,2195,sim
3252,CONTRABANDO,NENHUM,2193,sim
3253,INQUÉRITO,NENHUM,2193,sim
3254,CANADENSE,NENHUM,2191,sim
3255,EXCURSÃO,ESPORTE_DIVERSÃO,2190,sim
3256,CONTRIBUIÇÃO,NENHUM,2190,sim
3257,PONTUAÇÃO,NENHUM,2190,sim
3258,NOVELA,ESPORTE_DIVERSÃO,2189,sim
3259,REFLETIR1,NENHUM,2187,sim
3260,REFLETIR2,NENHUM,2187,sim
3261,EPIDEMIA,HIGIENE_SAÚDE,2185,sim
3262,LARGO,COR_FORMA,2183,sim
3263,UNHA,CORPO,2180,sim
3264,PAPEL_HIGIÊNICO,HIGIENE_SAÚDE,2177,sim
3265,DINOSSAURO,ANIMAL_INSETO_PEIXE_AVE,2172,sim
3266,CIRURGIA_PLÁSTICA,HIGIENE_SAÚDE,2172,sim
3267,PESCADOR,PROFISSÃO_TRABALHO,2171,sim
3268,ARGENTINA,PAÍS_ESTADO_CIDADE,2170,sim
3269,ENTREVISTAR,NENHUM,2163,sim
3270,DECEPCIONAR,NENHUM,2162,sim
3271,RELÂMPAGO,PLANTA_FLOR_NATUREZA,2162,sim
3272,MORANGO,FRUTA,2160,sim
3273,GARFO,CASA,2158,sim
3274,HOLANDA,PAÍS_ESTADO_CIDADE,2152,sim
3275,REZA,NENHUM,2150,sim
3276,BATATA_FRITA,ALIMENTO_BEBIDA,2147,sim
3277,MOLHAR,NENHUM,2147,sim
3278,AQUECEDOR,APARELHO_MÁQUINA,2146,sim
3279,APITO,NENHUM,2146,sim
3280,CONFUNDIR,NENHUM,2142,sim
3281,LEME,APARELHO_MÁQUINA,2139,sim
3282,PARCIAL,NENHUM,2137,sim
3283,NOTA_FISCAL,NUMERAL_DINHEIRO,2137,sim
3284,FISCAL,PROFISSÃO_TRABALHO,2137,sim
3285,AUTOMÓVEL,TRANPORTE_VEÍCULO,2131,sim
3286,QUILO,NUMERAL_DINHEIRO,2126,sim
3287,TREMER3,ALIMENTO_BEBIDA,2120,sim
3288,TREMER1,NENHUM,2120,sim
3289,TREMER2,NENHUM,2120,sim
3290,ESFRIAR,NENHUM,2117,sim
3291,PILAR,NENHUM,2104,sim
3292,TAMBOR,ESPORTE_DIVERSÃO,2103,sim
3293,RELATAR,NENHUM,2100,sim
3294,TORRADA,ALIMENTO_BEBIDA,2099,sim
3295,APROVAR1,NENHUM,2097,sim
3296,APROVAR2,NENHUM,2097,sim
3297,RASGAR1,NENHUM,2093,sim
3298,RASGAR2,NENHUM,2093,sim
3299,ALOJAMENTO,NENHUM,2091,sim
3300,POLEGAR,CORPO,2090,sim
3301,AQUÁRIO2,ANO_SIDERAL,2085,sim
3302,AQUÁRIO1,NENHUM,2085,sim
3303,AFETO,SENTIMENTOS,2081,sim
3304,MINHOCA,ANIMAL_INSETO_PEIXE_AVE,2079,sim
3305,VEIA,CORPO,2079,sim
3306,TRATOR,TRANPORTE_VEÍCULO,2079,sim
3307,REJEITADO,NENHUM,2075,sim
3308,EXTRAIR1,NENHUM,2074,sim
3309,EXTRAIR2,NENHUM,2074,sim
3310,ADMINISTRAR,NENHUM,2064,sim
3311,PÓLO1,ESPORTE_DIVERSÃO,2062,sim
3312,PÓLO2,ESPORTE_DIVERSÃO,2062,sim
3313,PÓLO3,VESTUÁRIO_COMPLEMENTOS,2062,sim
3314,PÁLIDO,NENHUM,2059,sim
3315,IMPOR,NENHUM,2053,sim
3316,ENFORCAR,NENHUM,2050,sim
3317,SINISTRO,NENHUM,2047,sim
3318,APTO,NENHUM,2046,sim
3319,LAMBER,NENHUM,2044,sim
3320,GENRO,FAMÍLIA,2042,sim
3321,CUSPIR,NENHUM,2042,sim
3322,CONCORRÊNCIA,NENHUM,2037,sim
3323,CIRCULAR,NENHUM,2036,sim
3324,RETRIBUIR,NENHUM,2036,sim
3325,PALETÓ,VESTUÁRIO_COMPLEMENTOS,2034,sim
3326,INDIVIDUAL,NENHUM,2026,sim
3327,EXIGIR,NENHUM,2017,sim
3328,ARAME,NENHUM,2013,sim
3329,DUZENTOS,NUMERAL_DINHEIRO,2011,sim
3330,VENTRE,CORPO,2010,sim
3331,MADRASTA,FAMÍLIA,2009,sim
3332,APAVORADO,SENTIMENTOS,2008,sim
3333,PADARIA,NENHUM,2006,sim
3334,LIGAR_IGNIÇÃO,NENHUM,2005,sim
3335,CAVALGAR,NENHUM,2004,sim
3336,DERRAMAR,NENHUM,2001,sim
3337,ESPAGUETE,ALIMENTO_BEBIDA,1999,sim
3338,INSTRUTOR,PROFISSÃO_TRABALHO,1998,sim
3339,TELESCÓPIO,APARELHO_MÁQUINA,1994,sim
3340,ESFERA,COR_FORMA,1994,sim
3341,DISPENSAR,NENHUM,1994,sim
3342,MADRINHA,NENHUM,1993,sim
3343,HUMILHAR,NENHUM,1989,sim
3344,APODRECER1,NENHUM,1986,sim
3345,APODRECER2,NENHUM,1986,sim
3346,SEDUZIR,NENHUM,1985,sim
3347,CIMENTO,MATÉRIA_SUBSTÂNCIA,1981,sim
3348,PLANTAÇÃO,PLANTA_FLOR_NATUREZA,1975,sim
3349,PREGO,NENHUM,1969,sim
3350,RIACHO,PLANTA_FLOR_NATUREZA,1966,sim
3351,INTROMETER,NENHUM,1964,sim
3352,ALERTAR1,NENHUM,1959,sim
3353,ALERTAR2,NENHUM,1959,sim
3354,DESEMPREGADO,PROFISSÃO_TRABALHO,1958,sim
3355,CONCORRER,NENHUM,1957,sim
3356,CORUJA2,ANIMAL_INSETO_PEIXE_AVE,1955,sim
3357,CORUJA1,FAMÍLIA,1955,sim
3358,PANDA,ANIMAL_INSETO_PEIXE_AVE,1947,sim
3359,ABATIDO,SENTIMENTOS,1947,sim
3360,GRAVADOR,APARELHO_MÁQUINA,1946,sim
3361,INTERRUPTOR,APARELHO_MÁQUINA,1943,sim
3362,CUMPRIMENTAR,NENHUM,1938,sim
3363,AGRICULTURA,NENHUM,1937,sim
3364,FARAÓ,NENHUM,1936,sim
3365,ENVELHECER,NENHUM,1934,sim
3366,TONELADA,NUMERAL_DINHEIRO,1930,sim
3367,ANTENA2,ANIMAL_INSETO_PEIXE_AVE,1929,sim
3368,ANTENA3,ANIMAL_INSETO_PEIXE_AVE,1929,sim
3369,ANTENA1,APARELHO_MÁQUINA,1929,sim
3370,JUVENIL,NENHUM,1927,sim
3371,FRALDA,VESTUÁRIO_COMPLEMENTOS,1926,sim
3372,PRESTAR_ATE_NÇÃO,NENHUM,1925,sim
3373,EREÇÃO,CORPO,1924,sim
3374,VIBRAÇÃO,NENHUM,1920,sim
3375,PRANCHA,ESPORTE_DIVERSÃO,1917,sim
3376,ESPONJA,CASA,1916,sim
3377,MOBÍLIA,CASA,1914,sim
3378,CATÁLOGO,NENHUM,1914,sim
3379,ESCULTURA,NENHUM,1914,sim
3380,CENOURA,LEGUME_VERDURA,1913,sim
3381,TÁBUA,CASA,1912,sim
3382,DERRETER,NENHUM,1911,sim
3383,CANECA,CASA,1910,sim
3384,NUCA,CORPO,1902,sim
3385,ABDÔMEN,CORPO,1896,sim
3386,VASSOURA,HIGIENE_SAÚDE,1896,sim
3387,MOINHO,APARELHO_MÁQUINA,1894,sim
3388,BÚSSOLA,APARELHO_MÁQUINA,1886,sim
3389,FIO_DENTAL1,HIGIENE_SAÚDE,1886,sim
3390,CACHIMBO,NENHUM,1884,sim
3391,NORUEGA,PAÍS_ESTADO_CIDADE,1881,sim
3392,AVENTAL,NENHUM,1880,sim
3393,BRACELETE,VESTUÁRIO_COMPLEMENTOS,1880,sim
3394,DEGRAU,NENHUM,1879,sim
3395,CONCHA,PLANTA_FLOR_NATUREZA,1879,sim
3396,TARADO,NENHUM,1875,sim
3397,CANSAR,NENHUM,1874,sim
3398,PICADA,HIGIENE_SAÚDE,1873,sim
3399,TREPAR,NENHUM,1870,sim
3400,BARULHENTO,NENHUM,1866,sim
3401,ACOMPANHADO,NENHUM,1861,sim
3402,COTOVELO1,CORPO,1857,sim
3403,COTOVELO2,NENHUM,1857,sim
3404,ESCORPIÃO,ANIMAL_INSETO_PEIXE_AVE,1855,sim
3405,ENJOADO,NENHUM,1855,sim
3406,DISTRIBUIR,NENHUM,1850,sim
3407,DUENDE,NENHUM,1850,sim
3408,POMBO,ANIMAL_INSETO_PEIXE_AVE,1847,sim
3409,BANCA_DE_JORNAL,NENHUM,1847,sim
3410,DIVULGAR,NENHUM,1847,sim
3411,PLACAR,ESPORTE_DIVERSÃO,1846,sim
3412,NATAÇÃO,ESPORTE_DIVERSÃO,1844,sim
3413,REVISTAR,NENHUM,1842,sim
3414,FREEZER,APARELHO_MÁQUINA,1840,sim
3415,RELAXADO1,NENHUM,1840,sim
3416,RELAXADO2,NENHUM,1840,sim
3417,BOI,ANIMAL_INSETO_PEIXE_AVE,1836,sim
3418,FEITICEIRA,ESPORTE_DIVERSÃO,1835,sim
3419,MALANDRO,NENHUM,1834,sim
3420,REDAÇÃO,NENHUM,1832,sim
3421,ESCURECER,NENHUM,1830,sim
3422,GELÉIA,ALIMENTO_BEBIDA,1829,sim
3423,SUAR,NENHUM,1829,sim
3424,TABELA2,ESPORTE_DIVERSÃO,1825,sim
3425,EXIBIR,NENHUM,1825,sim
3426,IMITAR,NENHUM,1825,sim
3427,TABELA1,NENHUM,1825,sim
3428,UMIDADE,NENHUM,1823,sim
3429,COMEMORAÇÃO,NENHUM,1820,sim
3430,SESSENTA,NUMERAL_DINHEIRO,1820,sim
3431,COSTURAR1,NENHUM,1819,sim
3432,COSTURAR2,NENHUM,1819,sim
3433,PROVIDENCIAR,NENHUM,1819,sim
3434,TURQUIA,PAÍS_ESTADO_CIDADE,1816,sim
3435,CARNAVAL,ESPORTE_DIVERSÃO,1814,sim
3436,MORENO,NENHUM,1813,sim
3437,PEQUENINO,NENHUM,1813,sim
3438,DIÁLOGO,NENHUM,1812,sim
3439,FOTOGRAFAR1,NENHUM,1811,sim
3440,FOTOGRAFAR2,NENHUM,1811,sim
3441,PERCURSO,NENHUM,1811,sim
3442,RECORDAR,NENHUM,1811,sim
3443,CHATEAR,NENHUM,1810,sim
3444,GRÃO,PLANTA_FLOR_NATUREZA,1806,sim
3445,CONVERTER,NENHUM,1805,sim
3446,PAPAGAIO,ANIMAL_INSETO_PEIXE_AVE,1802,sim
3447,CRECHE,NENHUM,1801,sim
3448,FLAUTA,ESPORTE_DIVERSÃO,1799,sim
3449,CAMISOLA,VESTUÁRIO_COMPLEMENTOS,1796,sim
3450,ENFERMEIRO,PROFISSÃO_TRABALHO,1794,sim
3451,TUMULTO,NENHUM,1793,sim
3452,METRALHADORA,APARELHO_MÁQUINA,1783,sim
3453,CARNEIRO,ANIMAL_INSETO_PEIXE_AVE,1781,sim
3454,ASMA,HIGIENE_SAÚDE,1781,sim
3455,DECIFRAR,NENHUM,1781,sim
3456,ESCOTEIRO,NENHUM,1778,sim
3457,LIBERAL,NENHUM,1777,sim
3458,GÊMEO,FAMÍLIA,1776,sim
3459,ADMISSÃO,PROFISSÃO_TRABALHO,1776,sim
3460,DINAMARCA,PAÍS_ESTADO_CIDADE,1774,sim
3461,HINO,NENHUM,1773,sim
3462,CHAMINÉ,CASA,1772,sim
3463,PÊSSEGO,FRUTA,1771,sim
3464,GABAR,NENHUM,1769,sim
3465,ESVAZIAR1,NENHUM,1767,sim
3466,ESVAZIAR2,NENHUM,1767,sim
3467,LAGOA,PLANTA_FLOR_NATUREZA,1767,sim
3468,COXA,CORPO,1766,sim
3469,DISCORDAR,NENHUM,1763,sim
3470,SAQUE,NUMERAL_DINHEIRO,1762,sim
3471,CAMELO,ANIMAL_INSETO_PEIXE_AVE,1760,sim
3472,GELATINA,MATÉRIA_SUBSTÂNCIA,1759,sim
3473,TORPEDO,NENHUM,1759,sim
3474,VENTILADOR,APARELHO_MÁQUINA,1758,sim
3475,DEZESSEIS,NUMERAL_DINHEIRO,1757,sim
3476,RAMPA,NENHUM,1755,sim
3477,TORNEIRA,NENHUM,1755,sim
3478,REDUÇÃO,NENHUM,1753,sim
3479,COMPRIDO2,CORPO,1741,sim
3480,COMPRIDO1,NENHUM,1741,sim
3481,POLTRONA,CASA,1737,sim
3482,PATA,ANIMAL_INSETO_PEIXE_AVE,1736,sim
3483,CENTÍMETRO,NENHUM,1733,sim
3484,CRACHÁ,NENHUM,1731,sim
3485,MATRIZ2,NENHUM,1730,sim
3486,TAXISTA,PROFISSÃO_TRABALHO,1727,sim
3487,QUEIMADURA,HIGIENE_SAÚDE,1726,sim
3488,DIÁRIA,NUMERAL_DINHEIRO,1725,sim
3489,FURAR1,NENHUM,1723,sim
3490,FURAR2,NENHUM,1723,sim
3491,IOGA,ESPORTE_DIVERSÃO,1722,sim
3492,HIPPIE,VESTUÁRIO_COMPLEMENTOS,1717,sim
3493,BARBEIRO,NENHUM,1716,sim
3494,TELEFONISTA,PROFISSÃO_TRABALHO,1716,sim
3495,SOGRO,FAMÍLIA,1712,sim
3496,ORGULHAR,NENHUM,1712,sim
3497,BARALHO,ESPORTE_DIVERSÃO,1711,sim
3498,PELÚCIA,NENHUM,1710,sim
3499,PENTEADO,NENHUM,1710,sim
3500,ÂNIMO,SENTIMENTOS,1708,sim
3501,UVA,FRUTA,1707,sim
3502,COPIAR,NENHUM,1706,sim
3503,MONTAGEM,NENHUM,1705,sim
3504,PÉROLA,MATÉRIA_SUBSTÂNCIA,1701,sim
3505,NOMEAR,NENHUM,1701,sim
3506,AROMA,NENHUM,1699,sim
3507,SOLETRAR,NENHUM,1697,sim
3508,ALMOFADA,CASA,1696,sim
3509,IMPRIMIR1,NENHUM,1696,sim
3510,IMPRIMIR2,NENHUM,1696,sim
3511,NEBLINA,PLANTA_FLOR_NATUREZA,1693,sim
3512,CRITICAR,NENHUM,1692,sim
3513,CARTEIRA_DE_HABILITAÇÃO,NENHUM,1691,sim
3514,REFRESCAR,NENHUM,1691,sim
3515,OCULTO,NENHUM,1689,sim
3516,VALA,NENHUM,1688,sim
3517,DICIONÁRIO,NENHUM,1687,sim
3518,INTRODUÇÃO,NENHUM,1686,sim
3519,CAÇULA,NENHUM,1684,sim
3520,PASSARELA,NENHUM,1682,sim
3521,ÁUSTRIA,PAÍS_ESTADO_CIDADE,1679,sim
3522,ÁRTICO,NENHUM,1678,sim
3523,CEIA,NENHUM,1677,sim
3524,CACHECOL,VESTUÁRIO_COMPLEMENTOS,1677,sim
3525,MANIFESTAÇÃO1,NENHUM,1673,sim
3526,MANIFESTAÇÃO2,NENHUM,1673,sim
3527,LENÇOL,CASA,1672,sim
3528,CÁLCULO1,NENHUM,1668,sim
3529,CÁLCULO2,NENHUM,1668,sim
3530,VÍNCULO,NENHUM,1666,sim
3531,ASPIRADOR_DE_PÓ,APARELHO_MÁQUINA,1665,sim
3532,COMPRIMIDO2,MATÉRIA_SUBSTÂNCIA,1665,sim
3533,COMPRIMIDO1,NENHUM,1665,sim
3534,OLIMPÍADAS,ESPORTE_DIVERSÃO,1663,sim
3535,LENTE,NENHUM,1661,sim
3536,LENTE-DE-CONTATO,NENHUM,1661,sim
3537,TÓRAX,CORPO,1656,sim
3538,CABER,NENHUM,1656,sim
3539,CABER-NÃO,NENHUM,1656,sim
3540,PARAFUSO,NENHUM,1656,sim
3541,BÚFALO,ANIMAL_INSETO_PEIXE_AVE,1653,sim
3542,ESTUPRAR,NENHUM,1651,sim
3543,OBA1,NENHUM,1649,sim
3544,OBA2,NENHUM,1649,sim
3545,BILHAR,ESPORTE_DIVERSÃO,1648,sim
3546,DISFARÇAR,NENHUM,1646,sim
3547,ESTABELECIMENTO,NENHUM,1646,sim
3548,HUMILHADO,NENHUM,1635,sim
3549,INFLUENCIAR,NENHUM,1634,sim
3550,SEIO,CORPO,1632,sim
3551,ABSORVER1,NENHUM,1632,sim
3552,ABSORVER2,NENHUM,1632,sim
3553,INTERVIR,NENHUM,1632,sim
3554,ULTRAPASSAR,NENHUM,1631,sim
3555,CHILE,PAÍS_ESTADO_CIDADE,1630,sim
3556,BARRO,MATÉRIA_SUBSTÂNCIA,1627,sim
3557,DETRÁS,NENHUM,1626,sim
3558,MEDITAÇÃO,NENHUM,1625,sim
3559,DECORAR1,NENHUM,1623,sim
3560,DECORAR2,NENHUM,1623,sim
3561,COLABORAR,NENHUM,1621,sim
3562,VIATURA,TRANPORTE_VEÍCULO,1620,sim
3563,ORDENADO,NUMERAL_DINHEIRO,1617,sim
3564,XAROPE,MATÉRIA_SUBSTÂNCIA,1616,sim
3565,BOCHECHA,CORPO,1615,sim
3566,REPOLHO,LEGUME_VERDURA,1614,sim
3567,PRECONCEITO,SENTIMENTOS,1612,sim
3568,INSCREVER,NENHUM,1611,sim
3569,CALCULAR,NENHUM,1605,sim
3570,RESSURREIÇÃO,NENHUM,1594,sim
3571,ALTO-FALANTE,APARELHO_MÁQUINA,1586,sim
3572,FALANTE,NENHUM,1586,sim
3573,BISTURI,APARELHO_MÁQUINA,1585,sim
3574,VITAMINA,MATÉRIA_SUBSTÂNCIA,1585,sim
3575,CONTRIBUIR,NENHUM,1580,sim
3576,ERGUER1,NENHUM,1580,sim
3577,ERGUER2,NENHUM,1580,sim
3578,ERGUER3,NENHUM,1580,sim
3579,DESCENDENTE,FAMÍLIA,1579,sim
3580,COMPARECER,NENHUM,1570,sim
3581,TEMPERO,ALIMENTO_BEBIDA,1567,sim
3582,SOPRAR2,NENHUM,1567,sim
3583,GESSO,MATÉRIA_SUBSTÂNCIA,1566,sim
3584,COMPENSAÇÃO,PROFISSÃO_TRABALHO,1563,sim
3585,GUARDANAPO,HIGIENE_SAÚDE,1562,sim
3586,CUBO,COR_FORMA,1561,sim
3587,ALUMÍNIO,MATÉRIA_SUBSTÂNCIA,1560,sim
3588,ESQUIAR,NENHUM,1560,sim
3589,PENTE,HIGIENE_SAÚDE,1559,sim
3590,METAIS,MATÉRIA_SUBSTÂNCIA,1556,sim
3591,ILUMINAR,NENHUM,1556,sim
3592,FEZES,MATÉRIA_SUBSTÂNCIA,1553,sim
3593,VIGILANTE,PROFISSÃO_TRABALHO,1553,sim
3594,COREANO,NENHUM,1552,sim
3595,NEVOEIRO,PLANTA_FLOR_NATUREZA,1550,sim
3596,TEIA,ANIMAL_INSETO_PEIXE_AVE,1545,sim
3597,ECLIPSE,PLANTA_FLOR_NATUREZA,1545,sim
3598,POLVO,ANIMAL_INSETO_PEIXE_AVE,1541,sim
3599,AFEIÇÃO,SENTIMENTOS,1541,sim
3600,RESERVAR2,NENHUM,1540,sim
3601,VOCAÇÃO,NENHUM,1540,sim
3602,POTENTE,NENHUM,1537,sim
3603,SERINGA,APARELHO_MÁQUINA,1535,sim
3604,PERVERSO,NENHUM,1535,sim
3605,MARCHAR,NENHUM,1534,sim
3606,MAIONESE,MATÉRIA_SUBSTÂNCIA,1526,sim
3607,CONDOMÍNIO,NENHUM,1526,sim
3608,VASCULHAR,NENHUM,1524,sim
3609,PENETRAR,NENHUM,1519,sim
3610,SETENTA,NUMERAL_DINHEIRO,1518,sim
3611,CHIFRE,ANIMAL_INSETO_PEIXE_AVE,1517,sim
3612,LULA,ANIMAL_INSETO_PEIXE_AVE,1517,sim
3613,MICROONDAS,APARELHO_MÁQUINA,1516,sim
3614,ESPIAR2,NENHUM,1516,sim
3615,ESTENDER1,NENHUM,1513,sim
3616,ESTENDER2,NENHUM,1513,sim
3617,ESTENDER3,NENHUM,1513,sim
3618,ESTENDER4,NENHUM,1513,sim
3619,MANIA,NENHUM,1509,sim
3620,MUNICÍPIO,PAÍS_ESTADO_CIDADE,1508,sim
3621,INDIFERENTE,NENHUM,1506,sim
3622,REJEITAR,NENHUM,1504,sim
3623,VEGETARIANO,NENHUM,1502,sim
3624,ABORRECER,NENHUM,1501,sim
3625,BÉLGICA,PAÍS_ESTADO_CIDADE,1500,sim
3626,ZÍPER,VESTUÁRIO_COMPLEMENTOS,1500,sim
3627,BATISMO1,NENHUM,1497,sim
3628,BATISMO2,NENHUM,1497,sim
3629,COLÔMBIA,PAÍS_ESTADO_CIDADE,1496,sim
3630,SABONETE,HIGIENE_SAÚDE,1493,sim
3631,VERTICAL,NENHUM,1492,sim
3632,SAUNA,HIGIENE_SAÚDE,1491,sim
3633,ORDENAR1,NENHUM,1490,sim
3634,ORDENAR2,NENHUM,1490,sim
3635,REBOQUE,TRANPORTE_VEÍCULO,1489,sim
3636,AFIADO,NENHUM,1488,sim
3637,LÁBIO,CORPO,1487,sim
3638,ESPIONAR,NENHUM,1484,sim
3639,NAVALHA,APARELHO_MÁQUINA,1477,sim
3640,LATINO-AMERICANO,NENHUM,1470,sim
3641,POLONÊS,NENHUM,1470,sim
3642,COLORIDO,COR_FORMA,1468,sim
3643,ASTUTO,NENHUM,1467,sim
3644,LARGURA,NENHUM,1467,sim
3645,AUXÍLIO,NENHUM,1466,sim
3646,FRITAR2,NENHUM,1462,sim
3647,REGIONAL,NENHUM,1462,sim
3648,DEFICIENTE1,NENHUM,1459,sim
3649,DEFICIENTE_MENTAL,NENHUM,1459,sim
3650,DEFICIENTE_VISUAL,NENHUM,1459,sim
3651,DESCONTAR,NENHUM,1457,sim
3652,TORTO,NENHUM,1457,sim
3653,LIBRA,ANO_SIDERAL,1456,sim
3654,OITENTA,NUMERAL_DINHEIRO,1456,sim
3655,ALCE,ANIMAL_INSETO_PEIXE_AVE,1455,sim
3656,ABACAXI,FRUTA,1455,sim
3657,DURAÇÃO,NENHUM,1453,sim
3658,ESTICAR1,NENHUM,1452,sim
3659,ESTICAR2,NENHUM,1452,sim
3660,CAVALO-MARINHO,ANIMAL_INSETO_PEIXE_AVE,1451,sim
3661,ENVENENAR,NENHUM,1450,sim
3662,MASTIGAR,NENHUM,1450,sim
3663,BRONZEADO,NENHUM,1449,sim
3664,SOBERANO,NENHUM,1445,sim
3665,ESTREITO,NENHUM,1440,sim
3666,OFÍCIO,NENHUM,1437,sim
3667,PROTESTAR,NENHUM,1432,sim
3668,SOBRAR,NENHUM,1432,sim
3669,BEXIGA,CORPO,1428,sim
3670,BUQUÊ,PLANTA_FLOR_NATUREZA,1427,sim
3671,COLARINHO,VESTUÁRIO_COMPLEMENTOS,1422,sim
3672,ESCOVAR1,NENHUM,1419,sim
3673,ESCOVAR2,NENHUM,1419,sim
3674,PALHAÇADA,NENHUM,1419,sim
3675,SUSPENDER1,NENHUM,1418,sim
3676,SUSPENDER2,NENHUM,1418,sim
3677,SUSPENDER3,NENHUM,1418,sim
3678,PROBLEMÁTICO,NENHUM,1417,sim
3679,GAMBÁ,ANIMAL_INSETO_PEIXE_AVE,1415,sim
3680,POÇA,NENHUM,1415,sim
3681,LÁGRIMA,CORPO,1406,sim
3682,BROCHE,VESTUÁRIO_COMPLEMENTOS,1405,sim
3683,PÊLO,CORPO,1403,sim
3684,HIGIENE,HIGIENE_SAÚDE,1402,sim
3685,DISCOTECA,ESPORTE_DIVERSÃO,1396,sim
3686,ARROMBAR,NENHUM,1396,sim
3687,ASSAR1,NENHUM,1396,sim
3688,ASSAR2,NENHUM,1396,sim
3689,MOUSE,APARELHO_MÁQUINA,1395,sim
3690,ÓBITO,NENHUM,1395,sim
3691,FORMIGA,ANIMAL_INSETO_PEIXE_AVE,1393,sim
3692,PERTENCER,NENHUM,1392,sim
3693,RACIOCÍNIO,NENHUM,1391,sim
3694,RASPAR,NENHUM,1390,sim
3695,VARRER,NENHUM,1389,sim
3696,PERSISTENTE,NENHUM,1387,sim
3697,PELUDO,CORPO,1386,sim
3698,DUCHA,HIGIENE_SAÚDE,1381,sim
3699,BESOURO,ANIMAL_INSETO_PEIXE_AVE,1380,sim
3700,ADESIVO,MATÉRIA_SUBSTÂNCIA,1376,sim
3701,ANTECEDÊNCIA2,ANO_SIDERAL,1370,sim
3702,VELUDO,NENHUM,1370,sim
3703,FLERTAR,NENHUM,1369,sim
3704,ALFAIATE,PROFISSÃO_TRABALHO,1368,sim
3705,NEUTRO,NENHUM,1364,sim
3706,VELOZ,NENHUM,1358,sim
3707,MINGAU,ALIMENTO_BEBIDA,1357,sim
3708,ARBUSTO,PLANTA_FLOR_NATUREZA,1357,sim
3709,FERVER,NENHUM,1355,sim
3710,GIZ,MATÉRIA_SUBSTÂNCIA,1352,sim
3711,PREJUÍZO,NENHUM,1352,sim
3712,CADEADO,CASA,1351,sim
3713,ABUSAR,NENHUM,1348,sim
3714,LITRO,NUMERAL_DINHEIRO,1346,sim
3715,RUIVO,COR_FORMA,1345,sim
3716,CONGREGAÇÃO,NENHUM,1343,sim
3717,JARRA,CASA,1342,sim
3718,RAPTO,NENHUM,1342,sim
3719,APLAUDIR1,NENHUM,1341,sim
3720,APLAUDIR2,NENHUM,1341,sim
3721,RELACIONAR,NENHUM,1340,sim
3722,CANSAÇO,NENHUM,1338,sim
3723,PARALISIA_CEREBRAL,HIGIENE_SAÚDE,1332,sim
3724,CAVEIRA,CORPO,1325,sim
3725,CONFRONTAR,NENHUM,1325,sim
3726,TECLADO,NENHUM,1325,sim
3727,COCEIRA,NENHUM,1324,sim
3728,NUDEZ,NENHUM,1319,sim
3729,SALGADO,NENHUM,1318,sim
3730,ANCIÃO,NENHUM,1317,sim
3731,LÁPIDE,NENHUM,1317,sim
3732,SINUCA,ESPORTE_DIVERSÃO,1315,sim
3733,RESSENTIMENTO,SENTIMENTOS,1313,sim
3734,PEIDO,HIGIENE_SAÚDE,1311,sim
3735,APELAR,NENHUM,1311,sim
3736,BACIA,CASA,1306,sim
3737,GEL,MATÉRIA_SUBSTÂNCIA,1306,sim
3738,NOVA_ZELÂNDIA,PAÍS_ESTADO_CIDADE,1305,sim
3739,RURAL,PLANTA_FLOR_NATUREZA,1303,sim
3740,CORRERIA,NENHUM,1302,sim
3741,ARQUEIRO,PROFISSÃO_TRABALHO,1300,sim
3742,ANULAR2,CORPO,1299,sim
3743,ANULAR1,NENHUM,1299,sim
3744,OITAVO,NUMERAL_DINHEIRO,1298,sim
3745,DÉBITO,NUMERAL_DINHEIRO,1296,sim
3746,DESEMPREGO,PROFISSÃO_TRABALHO,1296,sim
3747,RASTEJAR1,NENHUM,1289,sim
3748,RASTEJAR2,NENHUM,1289,sim
3749,PONTUAL,NENHUM,1287,sim
3750,DEZESSETE,NENHUM,1279,sim
3751,UNICÓRNIO,ANIMAL_INSETO_PEIXE_AVE,1278,sim
3752,OUVINTE,NENHUM,1277,sim
3753,COMUNHÃO,NENHUM,1271,sim
3754,ESTANTE,NENHUM,1270,sim
3755,ADOTIVO,FAMÍLIA,1263,sim
3756,VIRILHA,CORPO,1261,sim
3757,POLUIÇÃO,PLANTA_FLOR_NATUREZA,1261,sim
3758,JAGUAR1,ANIMAL_INSETO_PEIXE_AVE,1260,sim
3759,JAGUAR2,ANIMAL_INSETO_PEIXE_AVE,1260,sim
3760,ESPIRAL,NENHUM,1260,sim
3761,TRIO,NENHUM,1260,sim
3762,FOFINHO,NENHUM,1259,sim
3763,GOLFINHO,ANIMAL_INSETO_PEIXE_AVE,1257,sim
3764,ESNOBE,NENHUM,1254,sim
3765,OBRIGATÓRIO,NENHUM,1254,sim
3766,CARPINTEIRO,PROFISSÃO_TRABALHO,1253,sim
3767,MOSQUITO,ANIMAL_INSETO_PEIXE_AVE,1251,sim
3768,ENSOLARADO,PLANTA_FLOR_NATUREZA,1250,sim
3769,VASO_SANITÁRIO,HIGIENE_SAÚDE,1247,sim
3770,DESLIZAR,NENHUM,1245,sim
3771,MICROSCÓPIO,APARELHO_MÁQUINA,1242,sim
3772,MESQUINHO,NENHUM,1240,sim
3773,MOTOCICLETA,APARELHO_MÁQUINA,1236,sim
3774,SUFOCAR,NENHUM,1236,sim
3775,LIMA,APARELHO_MÁQUINA,1234,sim
3776,FOCA,ANIMAL_INSETO_PEIXE_AVE,1230,sim
3777,FLUTUAR,NENHUM,1230,sim
3778,PORTUGAL,PAÍS_ESTADO_CIDADE,1225,sim
3779,MASTURBAR1,NENHUM,1224,sim
3780,MASTURBAR2,NENHUM,1224,sim
3781,CREPÚSCULO,PLANTA_FLOR_NATUREZA,1224,sim
3782,CUPIDO,NENHUM,1223,sim
3783,ESTRANGULAR,NENHUM,1223,sim
3784,QUILÔMETRO,NENHUM,1223,sim
3785,LIQUIDAÇÃO,NENHUM,1221,sim
3786,CANHOTO1,CORPO,1219,sim
3787,CANHOTO2,NUMERAL_DINHEIRO,1219,sim
3788,BRONCA,NENHUM,1217,sim
3789,EQUILIBRAR,NENHUM,1217,sim
3790,LEVAR_BRONCA,NENHUM,1217,sim
3791,W,NENHUM,1216,sim
3792,CARNE_ASSADA,ALIMENTO_BEBIDA,1215,sim
3793,QUADRILHA2,ESPORTE_DIVERSÃO,1215,sim
3794,QUADRILHA1,NENHUM,1215,sim
3795,PIPA,ESPORTE_DIVERSÃO,1214,sim
3796,INCENDIAR,NENHUM,1211,sim
3797,VALSA,ESPORTE_DIVERSÃO,1210,sim
3798,ALFACE,LEGUME_VERDURA,1210,sim
3799,PALITO,HIGIENE_SAÚDE,1209,sim
3800,BAMBU,PLANTA_FLOR_NATUREZA,1209,sim
3801,ABAJUR,CASA,1206,sim
3802,MACACÃO,VESTUÁRIO_COMPLEMENTOS,1205,sim
3803,TRIMESTRE,NENHUM,1201,sim
3804,PANQUECA,ALIMENTO_BEBIDA,1199,sim
3805,SACUDIR,NENHUM,1199,sim
3806,AZEITE,ALIMENTO_BEBIDA,1197,sim
3807,HERPES,HIGIENE_SAÚDE,1196,sim
3808,SECRETARIA,NENHUM,1195,sim
3809,RECIFE,PAÍS_ESTADO_CIDADE,1195,sim
3810,OUSADIA,NENHUM,1194,sim
3811,CANA_DE_AÇÚCAR,PLANTA_FLOR_NATUREZA,1194,sim
3812,ACOMODAR,NENHUM,1189,sim
3813,INTERNATO,NENHUM,1188,sim
3814,RECHEIO,ALIMENTO_BEBIDA,1187,sim
3815,OUSADA,NENHUM,1187,sim
3816,DECRETO,NENHUM,1186,sim
3817,RENOVAR,NENHUM,1185,sim
3818,VIDEOGAME,APARELHO_MÁQUINA,1179,sim
3819,VOCABULÁRIO,NENHUM,1176,sim
3820,DESPEJO,NENHUM,1175,sim
3821,FORTALECER,NENHUM,1175,sim
3822,INJETAR,NENHUM,1175,sim
3823,GEOGRAFIA,NENHUM,1174,sim
3824,EDUCAR,NENHUM,1169,sim
3825,INCLUÍDO,NENHUM,1165,sim
3826,AMPLO,NENHUM,1163,sim
3827,ADULTÉRIO,FAMÍLIA,1159,sim
3828,CABELUDO,HIGIENE_SAÚDE,1159,sim
3829,ENXAQUECA,HIGIENE_SAÚDE,1154,sim
3830,PORCENTAGEM,NENHUM,1152,sim
3831,GALA,NENHUM,1151,sim
3832,HIERARQUIA,NENHUM,1151,sim
3833,IMPRESSORA,APARELHO_MÁQUINA,1150,sim
3834,PROVOCAÇÃO,NENHUM,1150,sim
3835,SUICIDAR,NENHUM,1149,sim
3836,IDOSO,NENHUM,1147,sim
3837,JAVALI,ANIMAL_INSETO_PEIXE_AVE,1146,sim
3838,QUATORZE,NUMERAL_DINHEIRO,1146,sim
3839,ARÁBIA,PAÍS_ESTADO_CIDADE,1146,sim
3840,HEMATOMA,HIGIENE_SAÚDE,1142,sim
3841,INSÔNIA,NENHUM,1141,sim
3842,EXCLUIR1,NENHUM,1140,sim
3843,EXCLUIR2,NENHUM,1140,sim
3844,PATINAR1,NENHUM,1139,sim
3845,PATINAR2,NENHUM,1139,sim
3846,PATINAR3,NENHUM,1139,sim
3847,PONTAPÉ,NENHUM,1138,sim
3848,INDICADOR,CORPO,1135,sim
3849,AMPLIAR,NENHUM,1134,sim
3850,ASSALTAR,NENHUM,1134,sim
3851,MANICURE,PROFISSÃO_TRABALHO,1133,sim
3852,ASQUEROSO,NENHUM,1130,sim
3853,ATESTADO,NENHUM,1130,sim
3854,DEPENDENTE,FAMÍLIA,1129,sim
3855,COGUMELO,PLANTA_FLOR_NATUREZA,1129,sim
3856,CAMARÕES,PAÍS_ESTADO_CIDADE,1128,sim
3857,PAPELÃO,NENHUM,1126,sim
3858,PERFURAR,NENHUM,1126,sim
3859,VINAGRE,MATÉRIA_SUBSTÂNCIA,1125,sim
3860,CONTAMINADO,NENHUM,1125,sim
3861,AUSTRALIANO,NENHUM,1124,sim
3862,SHORT,VESTUÁRIO_COMPLEMENTOS,1124,sim
3863,HESITAR,NENHUM,1123,sim
3864,EXTERMINAR,NENHUM,1121,sim
3865,PEPINO,LEGUME_VERDURA,1118,sim
3866,CACHOEIRA,PLANTA_FLOR_NATUREZA,1116,sim
3867,VIOLETA,COR_FORMA,1113,sim
3868,DANADO,NENHUM,1111,sim
3869,ASSEMBLÉIA_DE_DEUS,NENHUM,1107,sim
3870,EVANGELHO,NENHUM,1106,sim
3871,ROLETA2,ESPORTE_DIVERSÃO,1105,sim
3872,INTÉRPRETE,PROFISSÃO_TRABALHO,1105,sim
3873,OFEGANTE,NENHUM,1101,sim
3874,VENENOSO,NENHUM,1099,sim
3875,JACARÉ,ANIMAL_INSETO_PEIXE_AVE,1098,sim
3876,FARRA,NENHUM,1096,sim
3877,DESGOSTO,SENTIMENTOS,1096,sim
3878,DESABAFAR,NENHUM,1092,sim
3879,VEGETAÇÃO,PLANTA_FLOR_NATUREZA,1090,sim
3880,UMBIGO,CORPO,1089,sim
3881,REVANCHE,NENHUM,1088,sim
3882,FONE,APARELHO_MÁQUINA,1085,sim
3883,RIGOROSO,NENHUM,1085,sim
3884,LISO,NENHUM,1084,sim
3885,CILINDRO,NENHUM,1082,sim
3886,ACONSELHAR,NENHUM,1080,sim
3887,DESMONTAR,NENHUM,1080,sim
3888,CAPTAR,NENHUM,1079,sim
3889,CASTIGAR,NENHUM,1078,sim
3890,IDÊNTICO,NENHUM,1078,sim
3891,SOLICITAR,NENHUM,1077,sim
3892,PRECOCE,NENHUM,1076,sim
3893,RECORDAÇÃO,NENHUM,1070,sim
3894,TUBERCULOSE,HIGIENE_SAÚDE,1069,sim
3895,INSERIR,NENHUM,1064,sim
3896,REDONDO,COR_FORMA,1061,sim
3897,DITADURA,NENHUM,1061,sim
3898,ZOMBAR,NENHUM,1061,sim
3899,ZEBRA,ANIMAL_INSETO_PEIXE_AVE,1060,sim
3900,VELEJAR,NENHUM,1060,sim
3901,OPOR,NENHUM,1059,sim
3902,TRANSFUSÃO,HIGIENE_SAÚDE,1057,sim
3903,GRAMPO,VESTUÁRIO_COMPLEMENTOS,1056,sim
3904,PATRIMÔNIO,NUMERAL_DINHEIRO,1055,sim
3905,DESOBEDECER,NENHUM,1054,sim
3906,LUCRAR,NENHUM,1053,sim
3907,ALFABETO,NENHUM,1052,sim
3908,LIMITAR,NENHUM,1051,sim
3909,UFA,NENHUM,1050,sim
3910,SOLUÇO,HIGIENE_SAÚDE,1048,sim
3911,RÃ1,ANIMAL_INSETO_PEIXE_AVE,1045,sim
3912,RÃ2,ANIMAL_INSETO_PEIXE_AVE,1045,sim
3913,PREGUIÇA3,ANIMAL_INSETO_PEIXE_AVE,1044,sim
3914,DEVORAR,NENHUM,1044,sim
3915,PREGUIÇA1,NENHUM,1044,sim
3916,PREGUIÇA2,NENHUM,1044,sim
3917,ESCORREGAR,NENHUM,1042,sim
3918,CINZEIRO,NENHUM,1041,sim
3919,DOMICÍLIO,NENHUM,1035,sim
3920,ASFALTO,MATÉRIA_SUBSTÂNCIA,1033,sim
3921,FACADA,NENHUM,1030,sim
3922,PRECE,NENHUM,1026,sim
3923,ALISTAR1,NENHUM,1022,sim
3924,ALISTAR2,NENHUM,1022,sim
3925,CHOFER,PROFISSÃO_TRABALHO,1020,sim
3926,EFETIVO,NENHUM,1014,sim
3927,MIMADO,NENHUM,1014,sim
3928,CONVERSÃO,NENHUM,1012,sim
3929,IMPARCIAL,NENHUM,1011,sim
3930,CUBANO,NENHUM,1010,sim
3931,DESPERTADOR,APARELHO_MÁQUINA,1009,sim
3932,AJOELHAR,NENHUM,1009,sim
3933,JURÍDICO,NENHUM,1008,sim
3934,DARDO,ESPORTE_DIVERSÃO,1007,sim
3935,PINÇA,HIGIENE_SAÚDE,1007,sim
3936,VENEZUELA,PAÍS_ESTADO_CIDADE,1005,sim
3937,DISCRIMINAÇÃO,NENHUM,1003,sim
3938,REPETIÇÃO,NENHUM,1003,sim
3939,ICEBERG,PLANTA_FLOR_NATUREZA,1002,sim
3940,CÔMODA,CASA,1001,sim
3941,INFORMÁTICA,NENHUM,1000,sim
3942,CALCANHAR,CORPO,998,sim
3943,XAMPU,HIGIENE_SAÚDE,995,sim
3944,TREZENTOS,NUMERAL_DINHEIRO,995,sim
3945,ESFAQUEAR,NENHUM,988,sim
3946,LIGEIRO,NENHUM,985,sim
3947,PIRULITO,ALIMENTO_BEBIDA,984,sim
3948,CHUPAR_PIRULITO,NENHUM,984,sim
3949,OBEDIENTE,NENHUM,984,sim
3950,VANDALISMO,NENHUM,984,sim
3951,CALMANTE,NENHUM,982,sim
3952,MARIONETE,ESPORTE_DIVERSÃO,981,sim
3953,ANZOL,NENHUM,981,sim
3954,MANDAMENTOS,NENHUM,980,sim
3955,OCA,NENHUM,977,sim
3956,MURAL,NENHUM,976,sim
3957,AÇOUGUE,NENHUM,975,sim
3958,BRÓCOLIS,LEGUME_VERDURA,973,sim
3959,AUDITÓRIO,NENHUM,973,sim
3960,FLORESCER,NENHUM,973,sim
3961,CANGURU,ANIMAL_INSETO_PEIXE_AVE,971,sim
3962,PALADAR,NENHUM,969,sim
3963,PICA-PAU,ANIMAL_INSETO_PEIXE_AVE,968,sim
3964,ROMPIMENTO,NENHUM,968,sim
3965,URBANO,NENHUM,968,sim
3966,AEROMOÇA,PROFISSÃO_TRABALHO,968,sim
3967,MESTRADO,NENHUM,966,sim
3968,MELANCIA,FRUTA,964,sim
3969,ROSÁRIO,NENHUM,964,sim
3970,VALIDADE,NENHUM,960,sim
3971,FRIGIDEIRA,CASA,957,sim
3972,CHOCAR1,NENHUM,957,sim
3973,CHOCAR2,NENHUM,957,sim
3974,CHOCAR3,NENHUM,957,sim
3975,NINAR,NENHUM,957,sim
3976,DESCONFIAR,NENHUM,955,sim
3977,ENGORDAR,NENHUM,954,sim
3978,POSTERIOR,NENHUM,951,sim
3979,CALDA,ALIMENTO_BEBIDA,950,sim
3980,ALFINETE,NENHUM,948,sim
3981,AMAZONAS,PAÍS_ESTADO_CIDADE,947,sim
3982,REMAR,NENHUM,946,sim
3983,AUTORIZAR,NENHUM,945,sim
3984,RASCUNHO,NENHUM,945,sim
3985,PREMATURO,NENHUM,944,sim
3986,EMBRIAGADO,NENHUM,943,sim
3987,DEFUNTO,CORPO,937,sim
3988,LARGADO,NENHUM,937,sim
3989,GEOMETRIA,NENHUM,936,sim
3990,ADORMECER,NENHUM,934,sim
3991,REFORMAR,NENHUM,934,sim
3992,GIRAFA,ANIMAL_INSETO_PEIXE_AVE,933,sim
3993,PINCEL2,HIGIENE_SAÚDE,929,sim
3994,PINCEL1,NENHUM,929,sim
3995,LANCHA,TRANPORTE_VEÍCULO,928,sim
3996,BAGUNÇAR,NENHUM,927,sim
3997,ÚLCERA,HIGIENE_SAÚDE,926,sim
3998,ESTATUTO,NENHUM,924,sim
3999,PROTESTANTE,NENHUM,924,sim
4000,VERBAL,NENHUM,924,sim
4001,ABRIGAR,NENHUM,922,sim
4002,EMBARCAÇÃO,TRANPORTE_VEÍCULO,920,sim
4003,MENSTRUAÇÃO,HIGIENE_SAÚDE,919,sim
4004,BRANDO,NENHUM,919,sim
4005,VÍBORA,ANIMAL_INSETO_PEIXE_AVE,918,sim
4006,ARDER1,NENHUM,918,sim
4007,ARDER2,NENHUM,918,sim
4008,ARDER3,NENHUM,918,sim
4009,PRATEADO,NENHUM,918,sim
4010,RESUMIR,NENHUM,918,sim
4011,SABOREAR,NENHUM,918,sim
4012,XINGAR,NENHUM,917,sim
4013,RODOVIÁRIA,TRANPORTE_VEÍCULO,917,sim
4014,ARCO-ÍRIS,NENHUM,916,sim
4015,HORIZONTAL,COR_FORMA,912,sim
4016,DELÍRIO,NENHUM,912,sim
4017,PADEIRO,PROFISSÃO_TRABALHO,912,sim
4018,MASTURBAÇÃO1,NENHUM,909,sim
4019,MASTURBAÇÃO2,NENHUM,909,sim
4020,GORRO,VESTUÁRIO_COMPLEMENTOS,907,sim
4021,PAVOR,SENTIMENTOS,905,sim
4022,GUINDASTE,APARELHO_MÁQUINA,903,sim
4023,ÂNUS1,CORPO,902,sim
4024,ÂNUS2,CORPO,902,sim
4025,DIARRÉIA,HIGIENE_SAÚDE,902,sim
4026,EMBLEMA,NENHUM,902,sim
4027,PALAVRÃO,NENHUM,900,sim
4028,PROIBIR,NENHUM,900,sim
4029,PAVÃO,ANIMAL_INSETO_PEIXE_AVE,899,sim
4030,ARREMESSAR,NENHUM,899,sim
4031,DINAMARQUÊS,NENHUM,899,sim
4032,ANTEONTEM,ANO_SIDERAL,898,sim
4033,PROLONGAR,NENHUM,898,sim
4034,UNÂNIME,NENHUM,898,sim
4035,ULTRAPASSADO,NENHUM,896,sim
4036,REIVINDICAR,NENHUM,893,sim
4037,OVAL,COR_FORMA,891,sim
4038,ACESO,NENHUM,891,sim
4039,POMADA,HIGIENE_SAÚDE,890,sim
4040,ADJUNTO,NENHUM,890,sim
4041,RECONCILIAÇÃO,NENHUM,887,sim
4042,ATROPELAR,NENHUM,886,sim
4043,CONSERVAR,NENHUM,886,sim
4044,BEZERRO,ANIMAL_INSETO_PEIXE_AVE,883,sim
4045,BINÓCULOS,APARELHO_MÁQUINA,883,sim
4046,CORCUNDA,CORPO,883,sim
4047,SORTEIO,NENHUM,883,sim
4048,DESODORANTE,HIGIENE_SAÚDE,881,sim
4049,DIGITAR,NENHUM,880,sim
4050,GAITA,NENHUM,878,sim
4051,SUSSURRAR,NENHUM,878,sim
4052,MENSAL,ANO_SIDERAL,877,sim
4053,AGENDAR,NENHUM,877,sim
4054,BRINCALHÃO,NENHUM,875,sim
4055,VIÚVO,FAMÍLIA,874,sim
4056,VERBA,NUMERAL_DINHEIRO,873,sim
4057,RINOCERONTE,ANIMAL_INSETO_PEIXE_AVE,872,sim
4058,MAMADEIRA,NENHUM,872,sim
4059,HORTELÃ,PLANTA_FLOR_NATUREZA,871,sim
4060,SALAME,ALIMENTO_BEBIDA,868,sim
4061,ESMALTE,HIGIENE_SAÚDE,868,sim
4062,ASTRONOMIA,NENHUM,868,sim
4063,NOZ,FRUTA,866,sim
4064,CRENTE,NENHUM,866,sim
4065,BRASILEIRO,NENHUM,865,sim
4066,ENCORAJAR,NENHUM,865,sim
4067,ERVILHA,LEGUME_VERDURA,860,sim
4068,ÁRDUO,NENHUM,859,sim
4069,TRAVE,NENHUM,858,sim
4070,SECADOR_DE_CABELO,APARELHO_MÁQUINA,857,sim
4071,GRILO,ANIMAL_INSETO_PEIXE_AVE,856,sim
4072,NÁUSEA,HIGIENE_SAÚDE,856,sim
4073,OLFATO,CORPO,855,sim
4074,TAQUICARDIA,HIGIENE_SAÚDE,854,sim
4075,MODIFICAR,NENHUM,854,sim
4076,VESTUÁRIO,VESTUÁRIO_COMPLEMENTOS,854,sim
4077,BELICHE,CASA,853,sim
4078,PENETRA,NENHUM,851,sim
4079,COSMÉTICOS,NENHUM,849,sim
4080,ELETRICISTA,PROFISSÃO_TRABALHO,848,sim
4081,PITADA,NENHUM,847,sim
4082,PROGREDIR,NENHUM,846,sim
4083,EMBALAR,NENHUM,845,sim
4084,MULHERENGO,NENHUM,842,sim
4085,CONSOLAR,NENHUM,841,sim
4086,OSTRA,NENHUM,839,sim
4087,AMASSADO1,NENHUM,836,sim
4088,AMASSADO2,NENHUM,836,sim
4089,VERDURAS,LEGUME_VERDURA,834,sim
4090,ESPANCAR,NENHUM,834,sim
4091,PIONEIRO,NENHUM,834,sim
4092,NUBLADO,PLANTA_FLOR_NATUREZA,833,sim
4093,RESERVATÓRIO,NENHUM,831,sim
4094,EMBRULHAR,NENHUM,828,sim
4095,ÍMÃ,NENHUM,827,sim
4096,CORRENTEZA,PLANTA_FLOR_NATUREZA,827,sim
4097,DANIFICAR,NENHUM,825,sim
4098,TOTÓ,NENHUM,820,sim
4099,LATIR,NENHUM,819,sim
4100,SIRI,ANIMAL_INSETO_PEIXE_AVE,817,sim
4101,BRIGADEIRO,ALIMENTO_BEBIDA,814,sim
4102,SOBRANCELHA,CORPO,814,sim
4103,PARABENIZAR1,NENHUM,814,sim
4104,PARABENIZAR2,NENHUM,814,sim
4105,AZEDO,NENHUM,813,sim
4106,INCENSO,MATÉRIA_SUBSTÂNCIA,810,sim
4107,SURFE,NENHUM,810,sim
4108,INFLAÇÃO,NUMERAL_DINHEIRO,809,sim
4109,MATRÍCULA,NENHUM,808,sim
4110,OBSERVATÓRIO,NENHUM,807,sim
4111,CACAU,FRUTA,805,sim
4112,ANTECIPAR2,NENHUM,804,sim
4113,FRAGRÂNCIA,NENHUM,804,sim
4114,SALDO,NUMERAL_DINHEIRO,804,sim
4115,BOLÍVIA,PAÍS_ESTADO_CIDADE,804,sim
4116,ORIENTAR,NENHUM,800,sim
4117,CANÁRIO,ANIMAL_INSETO_PEIXE_AVE,798,sim
4118,LUBRIFICANTE,MATÉRIA_SUBSTÂNCIA,798,sim
4119,RECREIO,ESPORTE_DIVERSÃO,797,sim
4120,NEVAR,NENHUM,797,sim
4121,CAJADO,NENHUM,795,sim
4122,VETERINÁRIA,NENHUM,795,sim
4123,JEJUM,NENHUM,794,sim
4124,PROSPERAR,NENHUM,794,sim
4125,COSTUREIRA,PROFISSÃO_TRABALHO,792,sim
4126,RAPTAR,NENHUM,791,sim
4127,ABUSADO,NENHUM,789,sim
4128,DISPERSAR,NENHUM,789,sim
4129,LEGISLAÇÃO,NENHUM,788,sim
4130,SIGNO,NENHUM,788,sim
4131,CÍLIOS,CORPO,787,sim
4132,IMPORTADO,NENHUM,782,sim
4133,DEDUZIR,NENHUM,781,sim
4134,ESPIRRAR,NENHUM,776,sim
4135,BACALHAU2,ALIMENTO_BEBIDA,775,sim
4136,BEGE,COR_FORMA,775,sim
4137,PREVENÇÃO,HIGIENE_SAÚDE,774,sim
4138,INSÍGNIA,NENHUM,773,sim
4139,ALICATE1,HIGIENE_SAÚDE,772,sim
4140,ALICATE2,HIGIENE_SAÚDE,772,sim
4141,GRAMÁTICA,NENHUM,767,sim
4142,COSTELETA,CORPO,763,sim
4143,AGREDIR,NENHUM,763,sim
4144,MÁGOA,SENTIMENTOS,763,sim
4145,LEBRE,ANIMAL_INSETO_PEIXE_AVE,759,sim
4146,GEMA,PLANTA_FLOR_NATUREZA,758,sim
4147,ESPREMER,NENHUM,756,sim
4148,MORNO,NENHUM,756,sim
4149,RAQUETE,NENHUM,756,sim
4150,SUFOCADO,NENHUM,755,sim
4151,PARCELA,NUMERAL_DINHEIRO,754,sim
4152,ACARICIAR,NENHUM,752,sim
4153,ARRANHAR,NENHUM,750,sim
4154,DEDURAR,NENHUM,750,sim
4155,ESGRIMA,NENHUM,750,sim
4156,MEMORIZAR,NENHUM,747,sim
4157,ACENAR,NENHUM,746,sim
4158,PICOLÉ,ALIMENTO_BEBIDA,745,sim
4159,LOURO,COR_FORMA,742,sim
4160,BARCA,TRANPORTE_VEÍCULO,741,sim
4161,FERRUGEM,MATÉRIA_SUBSTÂNCIA,739,sim
4162,ÁPICE,NENHUM,738,sim
4163,TRAMPOLIM,ESPORTE_DIVERSÃO,737,sim
4164,ATEU,NENHUM,737,sim
4165,CONFISCAR,NENHUM,733,sim
4166,TIARA,VESTUÁRIO_COMPLEMENTOS,733,sim
4167,LIQUIDIFICADOR,APARELHO_MÁQUINA,731,sim
4168,ENFRAQUECER,NENHUM,729,sim
4169,SHAMPOO,HIGIENE_SAÚDE,727,sim
4170,FISIOTERAPIA,PROFISSÃO_TRABALHO,727,sim
4171,EMERGIR,NENHUM,726,sim
4172,NENÊ_OU_NENÉM,NENHUM,726,sim
4173,MANIFESTAR1,NENHUM,724,sim
4174,MANIFESTAR2,NENHUM,724,sim
4175,DEPOSITAR,NENHUM,723,sim
4176,DESABAR,NENHUM,723,sim
4177,HARPA,NENHUM,722,sim
4178,PEDÁGIO,TRANPORTE_VEÍCULO,722,sim
4179,VERRUGA,NENHUM,720,sim
4180,GRÁFICA,PROFISSÃO_TRABALHO,720,sim
4181,FAVELA1,NENHUM,719,sim
4182,FAVELA2,NENHUM,719,sim
4183,ESTOJO,NENHUM,718,sim
4184,ROBUSTO,NENHUM,718,sim
4185,PORCO-ESPINHO,ANIMAL_INSETO_PEIXE_AVE,716,sim
4186,ESPINHO,PLANTA_FLOR_NATUREZA,716,sim
4187,SUBMISSÃO,SENTIMENTOS,716,sim
4188,ELÁSTICO,MATÉRIA_SUBSTÂNCIA,715,sim
4189,MACHÃO,NENHUM,711,sim
4190,MONARCA,NENHUM,709,sim
4191,ÁSPERO,NENHUM,709,sim
4192,SACANEAR,NENHUM,707,sim
4193,BOLACHA,ALIMENTO_BEBIDA,705,sim
4194,CORTÊS,NENHUM,705,sim
4195,CERCAR,NENHUM,704,sim
4196,TOALETE,HIGIENE_SAÚDE,701,sim
4197,CÔMICO,NENHUM,698,sim
4198,MURRO,NENHUM,698,sim
4199,ORIENTADOR,PROFISSÃO_TRABALHO,697,sim
4200,EDITAR,NENHUM,694,sim
4201,BANIR,NENHUM,693,sim
4202,ABENÇOAR1,NENHUM,691,sim
4203,ABENÇOAR2,NENHUM,691,sim
4204,ELEGER,NENHUM,691,sim
4205,ASSOALHO,CASA,689,sim
4206,GLICOSE,MATÉRIA_SUBSTÂNCIA,688,sim
4207,GOLEIRO,ESPORTE_DIVERSÃO,687,sim
4208,VERBO1,NENHUM,686,sim
4209,VERBO2,NENHUM,686,sim
4210,VERBO3,NENHUM,686,sim
4211,VERBO4,NENHUM,686,sim
4212,VESTIBULAR,NENHUM,685,sim
4213,ASSOBIAR,NENHUM,683,sim
4214,CARATÊ,ESPORTE_DIVERSÃO,682,sim
4215,AMORA,FRUTA,681,sim
4216,DELETAR,NENHUM,680,sim
4217,ESCULPIR1,NENHUM,680,sim
4218,ESCULPIR2,NENHUM,680,sim
4219,TITULAR,PROFISSÃO_TRABALHO,680,sim
4220,GAFANHOTO,ANIMAL_INSETO_PEIXE_AVE,679,sim
4221,CLORO,MATÉRIA_SUBSTÂNCIA,679,sim
4222,APERFEIÇOAR1,NENHUM,678,sim
4223,APERFEIÇOAR2,NENHUM,678,sim
4224,ACUMULAR,NENHUM,677,sim
4225,DEMOLIR,NENHUM,677,sim
4226,DEPILAR,NENHUM,676,sim
4227,MOLA,NENHUM,676,sim
4228,TERMÔMETRO,APARELHO_MÁQUINA,675,sim
4229,FALIR1,NENHUM,675,sim
4230,FALIR2,NENHUM,675,sim
4231,TOPLESS,NENHUM,673,sim
4232,OBITUÁRIO,NENHUM,672,sim
4233,LOCOMOTIVA,APARELHO_MÁQUINA,671,sim
4234,MISSIONÁRIO,NENHUM,670,sim
4235,SEMIFINAL,NENHUM,670,sim
4236,FUZIL,APARELHO_MÁQUINA,668,sim
4237,LADEIRA,NENHUM,668,sim
4238,MONÓLOGO,NENHUM,668,sim
4239,SINAGOGA,NENHUM,668,sim
4240,PORRE,NENHUM,667,sim
4241,GAIVOTA,ANIMAL_INSETO_PEIXE_AVE,666,sim
4242,SARAR,NENHUM,666,sim
4243,FAXINA,HIGIENE_SAÚDE,661,sim
4244,ADOECER,NENHUM,661,sim
4245,DESENHISTA,PROFISSÃO_TRABALHO,661,sim
4246,INCLINAR,NENHUM,660,sim
4247,RACHAR,NENHUM,660,sim
4248,PICAR1,NENHUM,659,sim
4249,PICAR2,NENHUM,659,sim
4250,PICAR3,NENHUM,659,sim
4251,LESMA,ANIMAL_INSETO_PEIXE_AVE,658,sim
4252,AVESTRUZ,ANIMAL_INSETO_PEIXE_AVE,657,sim
4253,GAVIÃO,ANIMAL_INSETO_PEIXE_AVE,657,sim
4254,CARTÓRIO,NENHUM,657,sim
4255,ZAGUEIRO,ESPORTE_DIVERSÃO,656,sim
4256,OPTAR,NENHUM,656,sim
4257,ADMIRADO,NENHUM,655,sim
4258,PENTEAR,NENHUM,655,sim
4259,DISPUTAR,NENHUM,652,sim
4260,SELECIONAR,PROFISSÃO_TRABALHO,651,sim
4261,BABAR,NENHUM,650,sim
4262,QUESTIONÁRIO,NENHUM,650,sim
4263,ARQUIVAR,NENHUM,648,sim
4264,RASO,NENHUM,646,sim
4265,CONFORTAR,NENHUM,645,sim
4266,CANUDO,NENHUM,643,sim
4267,DESFILAR,NENHUM,641,sim
4268,LATITUDE,NENHUM,641,sim
4269,COMPASSO,APARELHO_MÁQUINA,639,sim
4270,DISSOLVER,NENHUM,639,sim
4271,SEMÁFORO,APARELHO_MÁQUINA,638,sim
4272,REPOUSAR,NENHUM,638,sim
4273,CORNETA,NENHUM,635,sim
4274,PIOLHO,NENHUM,634,sim
4275,AVERSÃO,SENTIMENTOS,634,sim
4276,JANGADA,TRANPORTE_VEÍCULO,634,sim
4277,FANTASIAR1,NENHUM,633,sim
4278,FANTASIAR2,NENHUM,633,sim
4279,TOPAR1,NENHUM,633,sim
4280,TOPAR2,NENHUM,633,sim
4281,CARTOLA,VESTUÁRIO_COMPLEMENTOS,632,sim
4282,LAPSO,NENHUM,630,sim
4283,MACHISTA,NENHUM,629,sim
4284,NACIONALIDADE,NENHUM,629,sim
4285,ASSOBIO,NENHUM,628,sim
4286,COORDENADOR,PROFISSÃO_TRABALHO,628,sim
4287,ASSOCIAR,NENHUM,626,sim
4288,IRRIGAÇÃO,NENHUM,626,sim
4289,ZARPAR,NENHUM,626,sim
4290,FAXINEIRO,PROFISSÃO_TRABALHO,624,sim
4291,BETERRABA,LEGUME_VERDURA,622,sim
4292,CHURRASQUEIRA,NENHUM,622,sim
4293,CHINELO,VESTUÁRIO_COMPLEMENTOS,622,sim
4294,INTEGRAÇÃO,NENHUM,621,sim
4295,CALÇÃO,VESTUÁRIO_COMPLEMENTOS,619,sim
4296,VÍRGULA,NENHUM,617,sim
4297,CARBURADOR,APARELHO_MÁQUINA,616,sim
4298,MALÁSIA,PAÍS_ESTADO_CIDADE,616,sim
4299,INCENTIVAR,NENHUM,615,sim
4300,PEDREIRO,PROFISSÃO_TRABALHO,615,sim
4301,DESCALÇO,NENHUM,614,sim
4302,ESCADA_DE_CARACOL,CASA,612,sim
4303,DETERGENTE,HIGIENE_SAÚDE,612,sim
4304,TESTEMUNHA_DE_JEOVÁ,NENHUM,610,sim
4305,LAGARTA,ANIMAL_INSETO_PEIXE_AVE,609,sim
4306,XALE,VESTUÁRIO_COMPLEMENTOS,609,sim
4307,CATORZE,NUMERAL_DINHEIRO,608,sim
4308,DESTRO,CORPO,607,sim
4309,SAPATEIRO,NENHUM,607,sim
4310,BISAVÓ,FAMÍLIA,605,sim
4311,DESCASCAR,NENHUM,605,sim
4312,APIMENTADO,ALIMENTO_BEBIDA,604,sim
4313,TESOUREIRO,PROFISSÃO_TRABALHO,600,sim
4314,TALCO,MATÉRIA_SUBSTÂNCIA,599,sim
4315,VADIO,NENHUM,599,sim
4316,VELEIRO,TRANPORTE_VEÍCULO,599,sim
4317,INDIGESTÃO,HIGIENE_SAÚDE,596,sim
4318,HIPOPÓTAMO,ANIMAL_INSETO_PEIXE_AVE,595,sim
4319,CALÚNIA,NENHUM,595,sim
4320,SOMAR,NENHUM,595,sim
4321,CLASSIFICAR,NENHUM,594,sim
4322,GRAFITE,NENHUM,594,sim
4323,BERINJELA,LEGUME_VERDURA,593,sim
4324,PRINCIPE,NENHUM,592,sim
4325,VALORIZAR,NENHUM,592,sim
4326,ENFERMIDADE,HIGIENE_SAÚDE,591,sim
4327,EXCITAR1,NENHUM,591,sim
4328,EXCITAR2,NENHUM,591,sim
4329,ABACATE,FRUTA,589,sim
4330,ENJÔO,HIGIENE_SAÚDE,589,sim
4331,LIXAR,NENHUM,586,sim
4332,CORRESPONDER1,NENHUM,585,sim
4333,CORRESPONDER2,NENHUM,585,sim
4334,ABOBRINHA,LEGUME_VERDURA,583,sim
4335,CORROMPER,NENHUM,581,sim
4336,VAIDOSO1,NENHUM,581,sim
4337,VAIDOSO2,NENHUM,581,sim
4338,PRECIPITAR,NENHUM,580,sim
4339,SUNGA,VESTUÁRIO_COMPLEMENTOS,579,sim
4340,GOLPEAR,NENHUM,578,sim
4341,BOINA,VESTUÁRIO_COMPLEMENTOS,578,sim
4342,COLÍRIO,HIGIENE_SAÚDE,576,sim
4343,ACASALAR,NENHUM,575,sim
4344,FAREJAR,NENHUM,575,sim
4345,OFFICE_BOY,NENHUM,574,sim
4346,RISCAR,NENHUM,573,sim
4347,ORELHÃO_(_TELEFONE_PÚBLICO_),APARELHO_MÁQUINA,572,sim
4348,RELAXAMENTO,NENHUM,572,sim
4349,ENGASGAR,NENHUM,569,sim
4350,OCO,NENHUM,568,sim
4351,PORTARIA,NENHUM,568,sim
4352,DOMINÓ,ESPORTE_DIVERSÃO,566,sim
4353,CESARIANA,HIGIENE_SAÚDE,564,sim
4354,BARBUDO,NENHUM,562,sim
4355,ENCHENTE,PLANTA_FLOR_NATUREZA,562,sim
4356,LUMINOSO,NENHUM,561,sim
4357,PAQUERAR1,NENHUM,560,sim
4358,PAQUERAR2,NENHUM,560,sim
4359,CABIDE,CASA,558,sim
4360,ESTRELADO,NENHUM,558,sim
4361,GÍRIA,NENHUM,558,sim
4362,PULGA,ANIMAL_INSETO_PEIXE_AVE,557,sim
4363,GRAMPEADOR,APARELHO_MÁQUINA,557,sim
4364,QUIOSQUE,NENHUM,557,sim
4365,ROER,NENHUM,557,sim
4366,INVERTER,NENHUM,556,sim
4367,LIGAR_TECLA,NENHUM,556,sim
4368,CHUPETA,NENHUM,555,sim
4369,PASTEL,ALIMENTO_BEBIDA,553,sim
4370,EMPREGAR,NENHUM,553,sim
4371,FATURAR,NENHUM,553,sim
4372,FOFOCAR1,NENHUM,553,sim
4373,FOFOCAR2,NENHUM,553,sim
4374,MAMÍFERO,NENHUM,553,sim
4375,PROVISÓRIO,NENHUM,552,sim
4376,ANIQUILAR,NENHUM,551,sim
4377,CAFONA,NENHUM,551,sim
4378,ENCOLHER,NENHUM,551,sim
4379,CALCULADORA,APARELHO_MÁQUINA,550,sim
4380,REPROVAR,NENHUM,550,sim
4381,CONVERSAÇÃO,NENHUM,549,sim
4382,TAPAR,NENHUM,547,sim
4383,LUSTRE,CASA,546,sim
4384,TROMBETA,ESPORTE_DIVERSÃO,546,sim
4385,TAGARELAR,NENHUM,546,sim
4386,LATICÍNIOS,ALIMENTO_BEBIDA,544,sim
4387,PENTELHO,CORPO,543,sim
4388,CATAPORA,HIGIENE_SAÚDE,543,sim
4389,APEGAR,NENHUM,543,sim
4390,AUSTRÍACO,NENHUM,543,sim
4391,RESTAR,NENHUM,543,sim
4392,BISSEXUAL,NENHUM,542,sim
4393,BRASÃO,NENHUM,542,sim
4394,CAFEZINHO,ALIMENTO_BEBIDA,541,sim
4395,ONÇA,ANIMAL_INSETO_PEIXE_AVE,540,sim
4396,CALO,CORPO,540,sim
4397,INTERINO,PROFISSÃO_TRABALHO,540,sim
4398,ATLETISMO,ESPORTE_DIVERSÃO,539,sim
4399,BÓIA1,ESPORTE_DIVERSÃO,539,sim
4400,BÓIA2,ESPORTE_DIVERSÃO,539,sim
4401,BÓIA3,NENHUM,539,sim
4402,DESPREZAR,NENHUM,539,sim
4403,TORNOZELEIRA,NENHUM,538,sim
4404,ARGENTINO,NENHUM,536,sim
4405,INDECISO,NENHUM,535,sim
4406,CONTAMINAR,NENHUM,534,sim
4407,HOSPEDAR,NENHUM,534,sim
4408,DENTADURA,NENHUM,532,sim
4409,LERDO,NENHUM,531,sim
4410,RATOEIRA,NENHUM,531,sim
4411,RETRATAR,NENHUM,529,sim
4412,TORA,NENHUM,529,sim
4413,MANOBRAR,NENHUM,527,sim
4414,COLIDIR,NENHUM,526,sim
4415,COBRADOR,PROFISSÃO_TRABALHO,526,sim
4416,MERETRIZ1,PROFISSÃO_TRABALHO,526,sim
4417,MERETRIZ2,PROFISSÃO_TRABALHO,526,sim
4418,ALÇAPÃO,NENHUM,525,sim
4419,AFINIDADE,SENTIMENTOS,524,sim
4420,FLUENTE1,NENHUM,523,sim
4421,FLUENTE2,NENHUM,523,sim
4422,VALISE,VESTUÁRIO_COMPLEMENTOS,523,sim
4423,PIMENTÃO,ALIMENTO_BEBIDA,521,sim
4424,BÍCEPS,CORPO,521,sim
4425,TRANSPARÊNCIA,NENHUM,520,sim
4426,CHURRASCARIA,NENHUM,519,sim
4427,LECIONAR,NENHUM,517,sim
4428,TOUCA,VESTUÁRIO_COMPLEMENTOS,517,sim
4429,ABRACADABRA,ESPORTE_DIVERSÃO,516,sim
4430,MASSAGEAR,NENHUM,516,sim
4431,VARIÁVEL,NENHUM,516,sim
4432,EQUITAÇÃO,NENHUM,515,sim
4433,MOVEDIÇA,PLANTA_FLOR_NATUREZA,515,sim
4434,VERTIGEM,HIGIENE_SAÚDE,514,sim
4435,ANULADO,NENHUM,514,sim
4436,VIBRAR,NENHUM,514,sim
4437,NICARÁGUA,PAÍS_ESTADO_CIDADE,514,sim
4438,BAINHA,VESTUÁRIO_COMPLEMENTOS,513,sim
4439,PAUTA,NENHUM,510,sim
4440,REBAIXADO,NENHUM,510,sim
4441,ASSIMILAR,NENHUM,508,sim
4442,ASPIRAR,NENHUM,507,sim
4443,ABAFAR,NENHUM,506,sim
4444,DESANIMADO,NENHUM,505,sim
4445,PROJETOR_DE_SLIDES,APARELHO_MÁQUINA,504,sim
4446,AFLITO,NENHUM,504,sim
4447,INTERNAR,NENHUM,504,sim
4448,SOBRECARREGAR,NENHUM,504,sim
4449,SOBRADO,NENHUM,503,sim
4450,BANHAR,HIGIENE_SAÚDE,501,sim
4451,QUATROCENTOS,NUMERAL_DINHEIRO,501,sim
4452,LAUDO,NENHUM,500,sim
4453,APROFUNDAR,NENHUM,498,sim
4454,NECESSITAR,NENHUM,498,sim
4455,HIENA,ANIMAL_INSETO_PEIXE_AVE,495,sim
4456,TORNIQUETE,HIGIENE_SAÚDE,494,sim
4457,ESQUIMÓ,NENHUM,492,sim
4458,BIÓLOGO,PROFISSÃO_TRABALHO,492,sim
4459,CONFORMAR,NENHUM,491,sim
4460,BELISCAR,NENHUM,489,sim
4461,VAREJO,NENHUM,489,sim
4462,LEQUE,VESTUÁRIO_COMPLEMENTOS,489,sim
4463,ESBARRAR,NENHUM,488,sim
4464,VÉRTEBRA,CORPO,485,sim
4465,AERONÁUTICA,NENHUM,484,sim
4466,RECONCILIAR,NENHUM,484,sim
4467,AMPUTAR,NENHUM,481,sim
4468,HUMORADO,NENHUM,480,sim
4469,AMASSAR1,NENHUM,477,sim
4470,AMASSAR2,NENHUM,477,sim
4471,VASILHA,NENHUM,475,sim
4472,ADVERTIR1,NENHUM,474,sim
4473,ADVERTIR2,NENHUM,474,sim
4474,ÍMPAR,NUMERAL_DINHEIRO,474,sim
4475,PROLONGADO,NENHUM,471,sim
4476,CADARÇO,VESTUÁRIO_COMPLEMENTOS,471,sim
4477,TRIDENTE,VESTUÁRIO_COMPLEMENTOS,471,sim
4478,VACILAR,NENHUM,469,sim
4479,AMAMENTAR,NENHUM,468,sim
4480,EXTENSO,NENHUM,468,sim
4481,COLORIR,NENHUM,467,sim
4482,PENICO,CASA,466,sim
4483,AZEITONA,FRUTA,465,sim
4484,CAPIM1,PLANTA_FLOR_NATUREZA,465,sim
4485,CAPIM2,PLANTA_FLOR_NATUREZA,465,sim
4486,SARDAS,CORPO,464,sim
4487,EMAGRECER,CORPO,462,sim
4488,BATIZAR1,NENHUM,462,sim
4489,BATIZAR2,NENHUM,462,sim
4490,BAJULAR,NENHUM,461,sim
4491,ENCORAJAMENTO,NENHUM,461,sim
4492,INCHAR,NENHUM,461,sim
4493,POLÊMICA,NENHUM,461,sim
4494,AMAZONA,PROFISSÃO_TRABALHO,460,sim
4495,COICE,ANIMAL_INSETO_PEIXE_AVE,459,sim
4496,DIAGNOSTICAR,NENHUM,459,sim
4497,ENFEITAR,NENHUM,459,sim
4498,TOMBO,NENHUM,455,sim
4499,INGERIR,NENHUM,454,sim
4500,GRAMPEAR,NENHUM,453,sim
4501,MAMÃO,FRUTA,451,sim
4502,CARNE_MOÍDA,NENHUM,451,sim
4503,ATESTAR,NENHUM,450,sim
4504,ANGUSTIADO,NENHUM,449,sim
4505,ASCENDER,NENHUM,449,sim
4506,MULTIPLICAR,NENHUM,448,sim
4507,DELATAR,NENHUM,447,sim
4508,GIBI,ESPORTE_DIVERSÃO,446,sim
4509,PARAGUAI,PAÍS_ESTADO_CIDADE,446,sim
4510,URUGUAI,PAÍS_ESTADO_CIDADE,446,sim
4511,MULETA,APARELHO_MÁQUINA,445,sim
4512,PEDICURE,NENHUM,444,sim
4513,PUPILA,CORPO,443,sim
4514,PRESIDIÁRIO,NENHUM,443,sim
4515,TUFÃO,PLANTA_FLOR_NATUREZA,443,sim
4516,BANGUELA,NENHUM,441,sim
4517,ACRE,PAÍS_ESTADO_CIDADE,441,sim
4518,LUPA,APARELHO_MÁQUINA,440,sim
4519,FERMENTO,MATÉRIA_SUBSTÂNCIA,440,sim
4520,IMPORTUNAR,NENHUM,440,sim
4521,EXTORQUIR,NENHUM,438,sim
4522,REVOLTADO,NENHUM,438,sim
4523,CÃIBRA,HIGIENE_SAÚDE,435,sim
4524,BARBANTE,NENHUM,435,sim
4525,TANGA,VESTUÁRIO_COMPLEMENTOS,435,sim
4526,MAMAR,NENHUM,434,sim
4527,INTEGRAR,NENHUM,433,sim
4528,REPREENDER,NENHUM,432,sim
4529,ANTEBRAÇO,CORPO,431,sim
4530,ESPÁTULA,NENHUM,429,sim
4531,POLIDO,CASA,428,sim
4532,GEMER,NENHUM,428,sim
4533,REPARTIR,NENHUM,428,sim
4534,JUDÔ,ESPORTE_DIVERSÃO,427,sim
4535,CELIBATO,NENHUM,427,sim
4536,TRAÇA,ANIMAL_INSETO_PEIXE_AVE,426,sim
4537,PRESENTEAR,NENHUM,425,sim
4538,ENCOBERTO,PLANTA_FLOR_NATUREZA,425,sim
4539,APARELHO_AUDITIVO,APARELHO_MÁQUINA,424,sim
4540,VESÍCULA,CORPO,424,sim
4541,CALÇAR,NENHUM,424,sim
4542,COCHILAR,NENHUM,424,sim
4543,DEFICIENTE_AUDITIVO,NENHUM,424,sim
4544,VIGOROSO,NENHUM,423,sim
4545,LATIDO,NENHUM,422,sim
4546,JUMENTO,ANIMAL_INSETO_PEIXE_AVE,421,sim
4547,COLOMBIANO,NENHUM,421,sim
4548,SACIAR,NENHUM,421,sim
4549,ESTRANHAR,NENHUM,420,sim
4550,CHEIROSO,NENHUM,416,sim
4551,ESCOPETA,NENHUM,416,sim
4552,RETOCAR,NENHUM,415,sim
4553,BOFETADA,NENHUM,413,sim
4554,TIL,NENHUM,413,sim
4555,CÔNJUGE,FAMÍLIA,411,sim
4556,DESPREOCUPADO,NENHUM,411,sim
4557,ZANGAR,NENHUM,411,sim
4558,PÊRA,FRUTA,409,sim
4559,CRUCIFICAÇÃO,NENHUM,408,sim
4560,NULO,NENHUM,408,sim
4561,FOLGADO1,NENHUM,406,sim
4562,FOLGADO2,NENHUM,406,sim
4563,LEITÃO,ANIMAL_INSETO_PEIXE_AVE,405,sim
4564,BARBEADOR,APARELHO_MÁQUINA,405,sim
4565,BARBEADOR_ELÉTRICO,APARELHO_MÁQUINA,405,sim
4566,VERNIZ,MATÉRIA_SUBSTÂNCIA,405,sim
4567,APÓSTOLO,NENHUM,405,sim
4568,PECAR,NENHUM,405,sim
4569,AGUARDENTE,ALIMENTO_BEBIDA,404,sim
4570,APREENDER,NENHUM,404,sim
4571,CARPINTARIA,NENHUM,404,sim
4572,FUNIL,NENHUM,404,sim
4573,XEROX,NENHUM,403,sim
4574,ESCADA_ROLANTE,APARELHO_MÁQUINA,402,sim
4575,PENEIRA,CASA,402,sim
4576,CIRCUNCISÃO,CORPO,402,sim
4577,SIMPÓSIO,NENHUM,402,sim
4578,DISQUETE,APARELHO_MÁQUINA,399,sim
4579,IMPERFEITO,NENHUM,399,sim
4580,MALCRIADO,NENHUM,399,sim
4581,REBOCAR,NENHUM,399,sim
4582,REBOCAR2,NENHUM,399,sim
4583,PARALÍTICO,HIGIENE_SAÚDE,397,sim
4584,LIXA,MATÉRIA_SUBSTÂNCIA,397,sim
4585,HEREDITÁRIO,NENHUM,397,sim
4586,GRUDENTO,NENHUM,396,sim
4587,GONORRÉIA,HIGIENE_SAÚDE,395,sim
4588,LOUSA,MATÉRIA_SUBSTÂNCIA,395,sim
4589,FISIOTERAPEUTA,PROFISSÃO_TRABALHO,395,sim
4590,CONDICIONADOR,NENHUM,393,sim
4591,INSTRUIR,NENHUM,393,sim
4592,PULSAR,NENHUM,393,sim
4593,FARINHA_DE_ROSCA,ALIMENTO_BEBIDA,392,sim
4594,ROSCA,ALIMENTO_BEBIDA,392,sim
4595,CD-ROM,ESPORTE_DIVERSÃO,392,sim
4596,RACIOCINAR,NENHUM,392,sim
4597,PONTEIRO1,APARELHO_MÁQUINA,391,sim
4598,PONTEIRO2,APARELHO_MÁQUINA,391,sim
4599,CENSURAR,NENHUM,391,sim
4600,TRANÇA,NENHUM,391,sim
4601,RIFA,NENHUM,390,sim
4602,EMA,ANIMAL_INSETO_PEIXE_AVE,389,sim
4603,GOZADO1,NENHUM,389,sim
4604,GOZADO2,NENHUM,389,sim
4605,PRESTAÇÃO2,ANO_SIDERAL,388,sim
4606,EMPATAR,ESPORTE_DIVERSÃO,388,sim
4607,PRESTAÇÃO1,NUMERAL_DINHEIRO,388,sim
4608,VAGEM2,ALIMENTO_BEBIDA,387,sim
4609,MALTRATAR,NENHUM,386,sim
4610,ACORDEÃO,ESPORTE_DIVERSÃO,383,sim
4611,TRIPÉ,APARELHO_MÁQUINA,382,sim
4612,ATEAR,NENHUM,382,sim
4613,CÉLEBRE,NENHUM,382,sim
4614,INALAR,NENHUM,382,sim
4615,ACUPUNTURA,HIGIENE_SAÚDE,380,sim
4616,DESPORTO,ALIMENTO_BEBIDA,379,sim
4617,MEGAFONE,APARELHO_MÁQUINA,379,sim
4618,FALECIMENTO,NENHUM,379,sim
4619,RÍMEL,NENHUM,377,sim
4620,LOMBADA,NENHUM,376,sim
4621,TRICOTAR,NENHUM,376,sim
4622,VIADUTO,NENHUM,375,sim
4623,PERCENTAGEM,NUMERAL_DINHEIRO,375,sim
4624,FIGO,FRUTA,374,sim
4625,BERRAR,NENHUM,374,sim
4626,BRASÍLIA,PAÍS_ESTADO_CIDADE,374,sim
4627,DESCONGELAR,NENHUM,373,sim
4628,TRANSGRESSÃO,NENHUM,373,sim
4629,LINGÜIÇA,ALIMENTO_BEBIDA,372,sim
4630,GESTAÇÃO1,CORPO,372,sim
4631,GESTAÇÃO2,CORPO,372,sim
4632,PUGILISTA,PROFISSÃO_TRABALHO,372,sim
4633,OVÁRIO,CORPO,371,sim
4634,ACNE,HIGIENE_SAÚDE,371,sim
4635,MANSO,NENHUM,370,sim
4636,FRETE,TRANPORTE_VEÍCULO,370,sim
4637,CADERNETA_ESCOLAR,NENHUM,368,sim
4638,RONCAR,NENHUM,368,sim
4639,TELHA,NENHUM,368,sim
4640,CADERNETA_DE_POUPANÇA,NUMERAL_DINHEIRO,368,sim
4641,BAILARINO,PROFISSÃO_TRABALHO,368,sim
4642,ESTETOSCÓPIO,APARELHO_MÁQUINA,367,sim
4643,INAUGURAR,NENHUM,366,sim
4644,PASSEATA,NENHUM,366,sim
4645,ACENTO1,NENHUM,364,sim
4646,ACENTO2,NENHUM,364,sim
4647,ARROTAR,NENHUM,364,sim
4648,FUNDAR,NENHUM,364,sim
4649,ABDICAR,NENHUM,363,sim
4650,EMPENHAR,NENHUM,363,sim
4651,MODELAR,NENHUM,363,sim
4652,MOER,NENHUM,363,sim
4653,VENTANIA,PLANTA_FLOR_NATUREZA,363,sim
4654,LEPRA,HIGIENE_SAÚDE,362,sim
4655,LARINGE,CORPO,361,sim
4656,PROPORCIONAL,NENHUM,361,sim
4657,CONGESTIONAMENTO,NENHUM,359,sim
4658,DIFAMAR,NENHUM,359,sim
4659,GLACÊ,ALIMENTO_BEBIDA,358,sim
4660,CATOLICISMO,NENHUM,358,sim
4661,RÉGUA1,NENHUM,358,sim
4662,RÉGUA2,NENHUM,358,sim
4663,BOMBOM,ALIMENTO_BEBIDA,357,sim
4664,LAMPIÃO,APARELHO_MÁQUINA,357,sim
4665,MENDIGAR,NENHUM,356,sim
4666,CACHAÇA,ALIMENTO_BEBIDA,355,sim
4667,ARREPIAR,NENHUM,355,sim
4668,AVARENTO,NENHUM,355,sim
4669,BRONZEAR,NENHUM,355,sim
4670,CAVANHAQUE,CORPO,354,sim
4671,BAHIA,PAÍS_ESTADO_CIDADE,354,sim
4672,RATAZANA,ANIMAL_INSETO_PEIXE_AVE,353,sim
4673,TABELIÃO,NENHUM,353,sim
4674,TRICICLO,TRANPORTE_VEÍCULO,353,sim
4675,CONTINÊNCIA1,NENHUM,352,sim
4676,CONTINÊNCIA2,NENHUM,352,sim
4677,DELINEADOR,NENHUM,352,sim
4678,ESFOLAR,NENHUM,351,sim
4679,RÉDEA,NENHUM,351,sim
4680,PINGA,ALIMENTO_BEBIDA,350,sim
4681,TRIGÊMEOS,FAMÍLIA,349,sim
4682,ANALFABETO,NENHUM,349,sim
4683,AFILHADO,FAMÍLIA,348,sim
4684,FIGA,NENHUM,348,sim
4685,SOCORRER,NENHUM,348,sim
4686,COINCIDIR,NENHUM,344,sim
4687,SEGREGAÇÃO,NENHUM,343,sim
4688,VARETA,NENHUM,343,sim
4689,TAMPÃO,HIGIENE_SAÚDE,342,sim
4690,PROSA,NENHUM,341,sim
4691,SUBMERGIR,NENHUM,341,sim
4692,BEBEDOURO,APARELHO_MÁQUINA,340,sim
4693,ESCORRER1,NENHUM,340,sim
4694,ESCORRER2,NENHUM,340,sim
4695,LIQUID_PAPER,MATÉRIA_SUBSTÂNCIA,336,sim
4696,CATARRO,HIGIENE_SAÚDE,335,sim
4697,FOFOQUEIRO,NENHUM,335,sim
4698,SANDÁLIA,VESTUÁRIO_COMPLEMENTOS,335,sim
4699,DESIGNAR,NENHUM,334,sim
4700,VAQUINHA,NUMERAL_DINHEIRO,334,sim
4701,APALPAR,NENHUM,333,sim
4702,LANCHAR,NENHUM,332,sim
4703,TATU,ANIMAL_INSETO_PEIXE_AVE,331,sim
4704,LIMO,PLANTA_FLOR_NATUREZA,330,sim
4705,PANE,TRANPORTE_VEÍCULO,330,sim
4706,MÍMICA,NENHUM,327,sim
4707,INCLUSO,NENHUM,326,sim
4708,LUMINÁRIA,NENHUM,326,sim
4709,OMITIR,NENHUM,324,sim
4710,ACROBATA1,NENHUM,323,sim
4711,ACROBATA2,NENHUM,323,sim
4712,MICO,ANIMAL_INSETO_PEIXE_AVE,319,sim
4713,CRAVAR,NENHUM,319,sim
4714,CICLISMO,ESPORTE_DIVERSÃO,318,sim
4715,CALVO,CORPO,317,sim
4716,EJACULAÇÃO,CORPO,316,sim
4717,INGRESSAR,NENHUM,316,sim
4718,NOMINAL,NENHUM,316,sim
4719,VETAR,NENHUM,316,sim
4720,REVEZAR,NENHUM,314,sim
4721,BUMERANGUE,ESPORTE_DIVERSÃO,313,sim
4722,TROMBA,NENHUM,313,sim
4723,SAGITÁRIO,ANO_SIDERAL,312,sim
4724,ENSANGUENTADO,CORPO,312,sim
4725,PERPÉTUO,NENHUM,312,sim
4726,LAGARTIXA,ANIMAL_INSETO_PEIXE_AVE,311,sim
4727,AXILA,CORPO,311,sim
4728,CHOCALHO,ESPORTE_DIVERSÃO,311,sim
4729,DESABROCHAR,NENHUM,311,sim
4730,ILUSTRAR,NENHUM,311,sim
4731,TELEFÉRICO,TRANPORTE_VEÍCULO,311,sim
4732,AVAREZA,SENTIMENTOS,310,sim
4733,VESGO,CORPO,308,sim
4734,PELICANO,ANIMAL_INSETO_PEIXE_AVE,307,sim
4735,DUNA,PLANTA_FLOR_NATUREZA,307,sim
4736,FILMADORA,APARELHO_MÁQUINA,306,sim
4737,OLHEIRAS,CORPO,306,sim
4738,DENTADA,NENHUM,306,sim
4739,SIGILOSO,NENHUM,305,sim
4740,CÔCO,FRUTA,304,sim
4741,EMOCIONAR,NENHUM,304,sim
4742,MATRICULAR,NENHUM,304,sim
4743,AFROUXAR,NENHUM,303,sim
4744,ENXUGAR_LOUÇA,NENHUM,303,sim
4745,ENXUGAR_LÁGRIMA,NENHUM,303,sim
4746,ESCRAVIZAR2,NENHUM,302,sim
4747,MULTAR,NENHUM,302,sim
4748,SEMBLANTE,CORPO,301,sim
4749,INDISCRETO,NENHUM,300,sim
4750,CALVÁRIO,NENHUM,299,sim
4751,PINGÜIM,ANIMAL_INSETO_PEIXE_AVE,297,sim
4752,CALAFRIO,HIGIENE_SAÚDE,297,sim
4753,BORRAR,NENHUM,296,sim
4754,SINTETIZAR,NENHUM,296,sim
4755,PERIQUITO,ANIMAL_INSETO_PEIXE_AVE,295,sim
4756,ADOÇANTE,MATÉRIA_SUBSTÂNCIA,294,sim
4757,CONFETE,ESPORTE_DIVERSÃO,291,sim
4758,MENOSPREZAR,NENHUM,291,sim
4759,MUTILAR,NENHUM,291,sim
4760,PRETENDER,NENHUM,290,sim
4761,TANGERINA,FRUTA,289,sim
4762,BRONZEADOR,MATÉRIA_SUBSTÂNCIA,288,sim
4763,ISRAELITA1,NENHUM,288,sim
4764,ISRAELITA2,NENHUM,288,sim
4765,SÍLABA,NENHUM,288,sim
4766,GRAVURA,NENHUM,287,sim
4767,PASMO,NENHUM,287,sim
4768,ABANAR,NENHUM,286,sim
4769,SERRAR,NENHUM,286,sim
4770,LHAMA,ANIMAL_INSETO_PEIXE_AVE,283,sim
4771,ANTICONCEPCIONAL,HIGIENE_SAÚDE,283,sim
4772,ANDAIME,APARELHO_MÁQUINA,282,sim
4773,BROTAR,NENHUM,282,sim
4774,MARTELAR,NENHUM,282,sim
4775,METODOLOGIA,NENHUM,282,sim
4776,CAMUNDONGO,ANIMAL_INSETO_PEIXE_AVE,280,sim
4777,MARAJÁ,NENHUM,279,sim
4778,APITAR,NENHUM,277,sim
4779,GRUDE,NENHUM,277,sim
4780,MURCHAR,NENHUM,277,sim
4781,OCIOSO,NENHUM,277,sim
4782,ANTIPÁTICO,NENHUM,276,sim
4783,INCORPORADO,NENHUM,276,sim
4784,BABADO,VESTUÁRIO_COMPLEMENTOS,275,sim
4785,CHILENO,NENHUM,274,sim
4786,INTIMAR,NENHUM,274,sim
4787,CABRITO,ANIMAL_INSETO_PEIXE_AVE,273,sim
4788,COTONETE,HIGIENE_SAÚDE,273,sim
4789,CONVÊNIO,NENHUM,273,sim
4790,OFICIALIZAR,NENHUM,273,sim
4791,DRIBLAR,NENHUM,272,sim
4792,ESCORREGADOR,ESPORTE_DIVERSÃO,271,sim
4793,OFUSCAR,NENHUM,271,sim
4794,ASSOMBRAÇÃO,NENHUM,269,sim
4795,TAMPAR,NENHUM,269,sim
4796,PIRES,CASA,268,sim
4797,LEGALIZAR,NENHUM,268,sim
4798,QUITE,NENHUM,268,sim
4799,ANTENA_PARABÓLICA,APARELHO_MÁQUINA,267,sim
4800,VIDEOCASSETE,NENHUM,267,sim
4801,URUBU,ANIMAL_INSETO_PEIXE_AVE,266,sim
4802,ACOMODADO,NENHUM,266,sim
4803,RABANETE,LEGUME_VERDURA,265,sim
4804,BUZINAR,NENHUM,265,sim
4805,PAPELARIA,NENHUM,265,sim
4806,ANCORAR,NENHUM,263,sim
4807,VEXAME,SENTIMENTOS,263,sim
4808,POLIGAMIA,FAMÍLIA,261,sim
4809,AFIAR,NENHUM,260,sim
4810,COMENTARISTA,PROFISSÃO_TRABALHO,259,sim
4811,ACATAR,NENHUM,258,sim
4812,INCLUSÃO,NENHUM,258,sim
4813,PLANILHA,NENHUM,258,sim
4814,REBOLAR,NENHUM,258,sim
4815,VITALÍCIO,NENHUM,258,sim
4816,DETESTAR1,NENHUM,257,sim
4817,DETESTAR2,NENHUM,257,sim
4818,FATIAR,NENHUM,257,sim
4819,JUBA,ANIMAL_INSETO_PEIXE_AVE,256,sim
4820,DECAPITAR,NENHUM,255,sim
4821,SURDEZ,NENHUM,255,sim
4822,QUINZENA,ANO_SIDERAL,254,sim
4823,FRAUDAR,NENHUM,254,sim
4824,OLEOSO,NENHUM,253,sim
4825,QUITAR1,NENHUM,253,sim
4826,QUITAR2,NENHUM,253,sim
4827,QUITAR3,NENHUM,253,sim
4828,VADIAR,NENHUM,253,sim
4829,CHICOTEAR,NENHUM,252,sim
4830,HABITAR,NENHUM,251,sim
4831,INGLES2,NENHUM,251,sim
4832,ONDULADO,NENHUM,251,sim
4833,RALAR,NENHUM,251,sim
4834,LAVRADOR,PROFISSÃO_TRABALHO,251,sim
4835,VARAL,NENHUM,250,sim
4836,ABSOLVER,NENHUM,248,sim
4837,APOGEU,NENHUM,248,sim
4838,FICHÁRIO2,APARELHO_MÁQUINA,247,sim
4839,TOBOGÃ,ESPORTE_DIVERSÃO,247,sim
4840,ABOLIÇÃO,NENHUM,247,sim
4841,APODERAR,NENHUM,247,sim
4842,EVAPORAR,NENHUM,247,sim
4843,FICHÁRIO1,NENHUM,247,sim
4844,SOVINA,NENHUM,247,sim
4845,POLUÍDO,PLANTA_FLOR_NATUREZA,247,sim
4846,BISCATE,PROFISSÃO_TRABALHO,247,sim
4847,MARGARINA,ALIMENTO_BEBIDA,246,sim
4848,EBULIÇÃO,NENHUM,245,sim
4849,GULA,NENHUM,245,sim
4850,DESENTUPIDOR,APARELHO_MÁQUINA,244,sim
4851,OBESO,CORPO,244,sim
4852,BRONQUITE,HIGIENE_SAÚDE,244,sim
4853,APRISIONAR,NENHUM,244,sim
4854,ESTILETE,NENHUM,244,sim
4855,HARMÔNICA1,NENHUM,244,sim
4856,PASSAR_RODO,NENHUM,244,sim
4857,RODO,NENHUM,244,sim
4858,SALMOS,NENHUM,244,sim
4859,DATILOGRAFAR,NENHUM,243,sim
4860,JORRAR,NENHUM,243,sim
4861,TICO-TICO,APARELHO_MÁQUINA,242,sim
4862,DESESPERAR,NENHUM,242,sim
4863,LAJE,NENHUM,242,sim
4864,SADIO,NENHUM,242,sim
4865,VOLÚVEL,NENHUM,242,sim
4866,ÁRIES,ANO_SIDERAL,240,sim
4867,PESTANEJAR,NENHUM,240,sim
4868,AMOLAR1,NENHUM,239,sim
4869,AMOLAR2,NENHUM,239,sim
4870,VOLEIBOL,ESPORTE_DIVERSÃO,238,sim
4871,BATEDEIRA,APARELHO_MÁQUINA,237,sim
4872,ENGRAXAR,NENHUM,237,sim
4873,FUZILAR,NENHUM,237,sim
4874,ROÇA,NENHUM,237,sim
4875,ILUSTRAÇÃO,NENHUM,236,sim
4876,MOÍDO,ALIMENTO_BEBIDA,235,sim
4877,CASTRAR,NENHUM,235,sim
4878,TRINCA,NENHUM,235,sim
4879,ELETRODOMÉSTICOS,APARELHO_MÁQUINA,234,sim
4880,APAVORAR,NENHUM,233,sim
4881,CAMUFLAR,NENHUM,232,sim
4882,VISTORIA,NENHUM,232,sim
4883,GULOSO,NENHUM,230,sim
4884,ADJETIVOS,NENHUM,228,sim
4885,PERAMBULAR,NENHUM,228,sim
4886,FIRMAMENTO,PLANTA_FLOR_NATUREZA,228,sim
4887,AGACHAR,NENHUM,225,sim
4888,SERROTE,NENHUM,225,sim
4889,PINGAR,NENHUM,223,sim
4890,COTOVELADA,NENHUM,221,sim
4891,MANCAR,NENHUM,220,sim
4892,PIÃO,ESPORTE_DIVERSÃO,219,sim
4893,FRUSTRAR,NENHUM,218,sim
4894,ODONTOLOGIA,HIGIENE_SAÚDE,217,sim
4895,ABOTOAR,NENHUM,217,sim
4896,TOSA,NENHUM,217,sim
4897,XERETAR,NENHUM,217,sim
4898,UNÇÃO,NENHUM,216,sim
4899,CAJU,FRUTA,215,sim
4900,ABSTER,NENHUM,214,sim
4901,DIABETE,HIGIENE_SAÚDE,213,sim
4902,AMORTECEDOR,APARELHO_MÁQUINA,212,sim
4903,VELOCÍMETRO,APARELHO_MÁQUINA,212,sim
4904,EXALTAR,NENHUM,212,sim
4905,LUNETA,APARELHO_MÁQUINA,211,sim
4906,MANDIOCA,LEGUME_VERDURA,211,sim
4907,QUIABO,LEGUME_VERDURA,211,sim
4908,ACONCHEGAR,NENHUM,211,sim
4909,DEFECAR,NENHUM,211,sim
4910,LOTAR,NENHUM,211,sim
4911,REGER,NENHUM,211,sim
4912,BRAÇADEIRA,VESTUÁRIO_COMPLEMENTOS,211,sim
4913,VÂNDALO,NENHUM,210,sim
4914,DECOMPOR,NENHUM,209,sim
4915,ENGATINHAR,NENHUM,209,sim
4916,BABADOR,VESTUÁRIO_COMPLEMENTOS,207,sim
4917,SURRAR,NENHUM,206,sim
4918,UNIFICAR,NENHUM,205,sim
4919,CAULE,PLANTA_FLOR_NATUREZA,205,sim
4920,NÁDEGA,CORPO,202,sim
4921,CÁRIE,HIGIENE_SAÚDE,200,sim
4922,DIALOGAR,NENHUM,200,sim
4923,ALTERNAR,NENHUM,199,sim
4924,DESGASTAR,NENHUM,199,sim
4925,INFLAMAR,NENHUM,198,sim
4926,PERUANO,NENHUM,198,sim
4927,BUCHA,HIGIENE_SAÚDE,196,sim
4928,DESPIDO,NENHUM,196,sim
4929,RETÂNGULO,COR_FORMA,194,sim
4930,ENXADA,APARELHO_MÁQUINA,193,sim
4931,PODAR,NENHUM,193,sim
4932,DRIBLE,NENHUM,192,sim
4933,JORNALEIRO,PROFISSÃO_TRABALHO,192,sim
4934,PEBOLIM,ESPORTE_DIVERSÃO,190,sim
4935,CHEFIAR,NENHUM,190,sim
4936,LAÇAR,NENHUM,190,sim
4937,LENTIDÃO,NENHUM,190,sim
4938,COMOVER,NENHUM,189,sim
4939,TRANSBORDAR,NENHUM,189,sim
4940,LEVITAR,NENHUM,188,sim
4941,ZERAR,NENHUM,188,sim
4942,TORCICOLO,HIGIENE_SAÚDE,187,sim
4943,ASSOAR,NENHUM,187,sim
4944,LUBRIFICAR,NENHUM,186,sim
4945,PÁLPEBRA,CORPO,185,sim
4946,CHUCHU,LEGUME_VERDURA,185,sim
4947,PARÊNTESES,NENHUM,185,sim
4948,CAÇOAR,NENHUM,184,sim
4949,DEFINHAR,NENHUM,184,sim
4950,DISTENSÃO,NENHUM,183,sim
4951,ARRAIA,NENHUM,182,sim
4952,CRESPO,NENHUM,182,sim
4953,RONDAR,NENHUM,182,sim
4954,VIOLENTADO,NENHUM,182,sim
4955,NARRAR,NENHUM,181,sim
4956,ESPETINHO,ALIMENTO_BEBIDA,179,sim
4957,INVEJAR,NENHUM,179,sim
4958,TOMBAR,NENHUM,179,sim
4959,PERSIANA,CASA,176,sim
4960,EXPORTAR,NENHUM,176,sim
4961,OPRIMIR,NENHUM,176,sim
4962,APONTADOR,APARELHO_MÁQUINA,175,sim
4963,MARACUJÁ,FRUTA,175,sim
4964,EMBRIAGAR,NENHUM,175,sim
4965,FINCAR,NENHUM,175,sim
4966,ROL,NENHUM,175,sim
4967,GILETE,HIGIENE_SAÚDE,174,sim
4968,ABREVIAR,NENHUM,174,sim
4969,ADOÇAR,NENHUM,174,sim
4970,BOIAR,NENHUM,173,sim
4971,MARMITA,NENHUM,173,sim
4972,DATILOGRAFIA,NENHUM,172,sim
4973,RODEAR,NENHUM,172,sim
4974,VERTEBRADOS,NENHUM,172,sim
4975,CERÉBRO,CORPO,169,sim
4976,BORDAR,NENHUM,169,sim
4977,JEJUAR,NENHUM,168,sim
4978,VACINAR1,NENHUM,167,sim
4979,VACINAR2,NENHUM,167,sim
4980,OCULISTA,NENHUM,166,sim
4981,LEITE-CONDENSADO,ALIMENTO_BEBIDA,165,sim
4982,ARARA,ANIMAL_INSETO_PEIXE_AVE,165,sim
4983,TRIPA,ALIMENTO_BEBIDA,164,sim
4984,ALISAR,NENHUM,164,sim
4985,ILEGÍVEL,NENHUM,164,sim
4986,EPISCOPAL,NENHUM,163,sim
4987,DEDAL,NENHUM,162,sim
4988,ESMURRAR,NENHUM,162,sim
4989,GUINCHAR,NENHUM,162,sim
4990,LEGÍVEL,NENHUM,162,sim
4991,RISONHO,NENHUM,162,sim
4992,PRÓTESE_AUDITIVA,APARELHO_MÁQUINA,161,sim
4993,EJACULAR,NENHUM,161,sim
4994,GALOPAR,NENHUM,161,sim
4995,MAREMOTO,PLANTA_FLOR_NATUREZA,161,sim
4996,INCINERAR,NENHUM,159,sim
4997,PARÁ,PAÍS_ESTADO_CIDADE,159,sim
4998,CHAFARIZ,NENHUM,158,sim
4999,AUTOMOBILISMO,ESPORTE_DIVERSÃO,157,sim
5000,CAPOEIRA,ESPORTE_DIVERSÃO,157,sim
5001,OBTURAÇÃO,HIGIENE_SAÚDE,157,sim
5002,ESTREMECER2,NENHUM,157,sim
5003,GASOSO,MATÉRIA_SUBSTÂNCIA,156,sim
5004,AUTENTICAR,NENHUM,156,sim
5005,BOCEJAR1,NENHUM,156,sim
5006,CARIMBAR1,NENHUM,156,sim
5007,CARIMBAR2,NENHUM,156,sim
5008,DESABOTOAR,NENHUM,156,sim
5009,BARRIGUDO,CORPO,155,sim
5010,EFERVESCENTE,MATÉRIA_SUBSTÂNCIA,155,sim
5011,AGRUPAR,NENHUM,154,sim
5012,MENSTRUAR,NENHUM,154,sim
5013,FISIONOMIA,CORPO,153,sim
5014,SARDENTA,CORPO,152,sim
5015,BERRANTE,NENHUM,152,sim
5016,VICIAR,NENHUM,152,sim
5017,BORRIFAR,NENHUM,150,sim
5018,LINGUARUDO,NENHUM,150,sim
5019,MOISES,NENHUM,150,sim
5020,ZIGUEZAGUE,NENHUM,150,sim
5021,VAPORIZAR,NENHUM,149,sim
5022,VENCIMENTO,NUMERAL_DINHEIRO,149,sim
5023,MARCENEIRO,PROFISSÃO_TRABALHO,149,sim
5024,CLIPS,NENHUM,146,sim
5025,TELEGRAFAR,NENHUM,146,sim
5026,BISNAGA,ALIMENTO_BEBIDA,0,nao
5027,CAIPIRINHA,ALIMENTO_BEBIDA,0,nao
5028,CANJICA,ALIMENTO_BEBIDA,0,nao
5029,CHANTILY,ALIMENTO_BEBIDA,0,nao
5030,CHOPP,ALIMENTO_BEBIDA,0,nao
5031,CHURRASQUINHO,ALIMENTO_BEBIDA,0,nao
5032,EMPADA,ALIMENTO_BEBIDA,0,nao
5033,FAROFA,ALIMENTO_BEBIDA,0,nao
5034,FEIJOADA,ALIMENTO_BEBIDA,0,nao
5035,FUBÁ,ALIMENTO_BEBIDA,0,nao
5036,GUARANÁ,ALIMENTO_BEBIDA,0,nao
5037,QUIBE1,ALIMENTO_BEBIDA,0,nao
5038,QUIBE2,ALIMENTO_BEBIDA,0,nao
5039,SACOLÉ,ALIMENTO_BEBIDA,0,nao
5040,SOROR,ALIMENTO_BEBIDA,0,nao
5041,CIGARRA,ANIMAL_INSETO_PEIXE_AVE,0,nao
5042,JABOTA,ANIMAL_INSETO_PEIXE_AVE,0,nao
5043,JABUTI,ANIMAL_INSETO_PEIXE_AVE,0,nao
5044,JIBÓIA,ANIMAL_INSETO_PEIXE_AVE,0,nao
5045,MEXILHÃO,ANIMAL_INSETO_PEIXE_AVE,0,nao
5046,PERNILONGO,ANIMAL_INSETO_PEIXE_AVE,0,nao
5047,TAMANDUÁ,ANIMAL_INSETO_PEIXE_AVE,0,nao
5048,TUCANO,ANIMAL_INSETO_PEIXE_AVE,0,nao
5049,BIMESTRE,ANO_SIDERAL,0,nao
5050,BIÊNIO,ANO_SIDERAL,0,nao
5051,SEMESTRAL,ANO_SIDERAL,0,nao
5052,TRIÊNIO,ANO_SIDERAL,0,nao
5053,AERÓSTATO,APARELHO_MÁQUINA,0,nao
5054,CATRACA1,APARELHO_MÁQUINA,0,nao
5055,CATRACA2,APARELHO_MÁQUINA,0,nao
5056,ENCERADEIRA,APARELHO_MÁQUINA,0,nao
5057,PERFURATRIZ,APARELHO_MÁQUINA,0,nao
5058,RETROPROJETOR,APARELHO_MÁQUINA,0,nao
5059,RÉLOGIO2,APARELHO_MÁQUINA,0,nao
5060,TDD,APARELHO_MÁQUINA,0,nao
5061,ESPREGUIÇADEIRA,CASA,0,nao
5062,FAQUEIRO,CASA,0,nao
5063,RALADOR,CASA,0,nao
5064,TALHA,CASA,0,nao
5065,AMBIDESTRO,CORPO,0,nao
5066,DENTIÇAO,CORPO,0,nao
5067,DENTUÇO,CORPO,0,nao
5068,EMAGRECIMENTO,CORPO,0,nao
5069,ENSURDECIDO,CORPO,0,nao
5070,FARINGE,CORPO,0,nao
5071,GLÚTEO,CORPO,0,nao
5072,ORELHUDO,CORPO,0,nao
5073,TÊMPORAS,CORPO,0,nao
5074,ALARANJADO,COR_FORMA,0,nao
5075,LISTRA,COR_FORMA,0,nao
5076,LOSANGO,COR_FORMA,0,nao
5077,VERMELHÃO,COR_FORMA,0,nao
5078,AMARELINHA,ESPORTE_DIVERSÃO,0,nao
5079,BAMBOLÊ,ESPORTE_DIVERSÃO,0,nao
5080,BANDEIRANTE,ESPORTE_DIVERSÃO,0,nao
5081,BANGUE-BANGUE,ESPORTE_DIVERSÃO,0,nao
5082,BICAMPEAO,ESPORTE_DIVERSÃO,0,nao
5083,DRAMATIZAÇÃO,ESPORTE_DIVERSÃO,0,nao
5084,FIGURINHA,ESPORTE_DIVERSÃO,0,nao
5085,FRESCOBOL,ESPORTE_DIVERSÃO,0,nao
5086,FUTIVÔLEI,ESPORTE_DIVERSÃO,0,nao
5087,HANDEBOL,ESPORTE_DIVERSÃO,0,nao
5088,HIPISMO,ESPORTE_DIVERSÃO,0,nao
5089,JIU-JITSU,ESPORTE_DIVERSÃO,0,nao
5090,PAGODE,ESPORTE_DIVERSÃO,0,nao
5091,PETECA,ESPORTE_DIVERSÃO,0,nao
5092,PINGUE-PONGUE,ESPORTE_DIVERSÃO,0,nao
5093,ROLIMÃ,ESPORTE_DIVERSÃO,0,nao
5094,SANFONA,ESPORTE_DIVERSÃO,0,nao
5095,TRICAMPEÃO,ESPORTE_DIVERSÃO,0,nao
5096,VELOCÍPEDE,ESPORTE_DIVERSÃO,0,nao
5097,ZAGA,ESPORTE_DIVERSÃO,0,nao
5098,MULATO,FAMÍLIA,0,nao
5099,UNIGÊNITO,FAMÍLIA,0,nao
5100,AÇAÍ,FRUTA,0,nao
5101,BACURI,FRUTA,0,nao
5102,CUPUAÇU,FRUTA,0,nao
5103,GOIABA,FRUTA,0,nao
5104,GRAVIOLA,FRUTA,0,nao
5105,JABUTICABA,FRUTA,0,nao
5106,JACA,FRUTA,0,nao
5107,MEXERICA,FRUTA,0,nao
5108,QUIUÍ,FRUTA,0,nao
5109,VERGAMOTA,FRUTA,0,nao
5110,AUDIOMETRIA,HIGIENE_SAÚDE,0,nao
5111,BANDAID,HIGIENE_SAÚDE,0,nao
5112,BOMBRIL,HIGIENE_SAÚDE,0,nao
5113,BRUXISMO,HIGIENE_SAÚDE,0,nao
5114,DEDETIZAÇÃO,HIGIENE_SAÚDE,0,nao
5115,DENGUE,HIGIENE_SAÚDE,0,nao
5116,DEPILAÇAO,HIGIENE_SAÚDE,0,nao
5117,HEMORRÓIDA,HIGIENE_SAÚDE,0,nao
5118,IMPUREZA,HIGIENE_SAÚDE,0,nao
5119,INFLUENZA,HIGIENE_SAÚDE,0,nao
5120,LABIRINTITE,HIGIENE_SAÚDE,0,nao
5121,OFTALMOLOGIA,HIGIENE_SAÚDE,0,nao
5122,OTITE,HIGIENE_SAÚDE,0,nao
5123,RUBÉOLA,HIGIENE_SAÚDE,0,nao
5124,ULTRASONOGRAFIA,HIGIENE_SAÚDE,0,nao
5125,VARICELA,HIGIENE_SAÚDE,0,nao
5126,AGRIÃO,LEGUME_VERDURA,0,nao
5127,AIPIM,LEGUME_VERDURA,0,nao
5128,JILÓ,LEGUME_VERDURA,0,nao
5129,PALMITO,LEGUME_VERDURA,0,nao
5130,AEROSSOL,MATÉRIA_SUBSTÂNCIA,0,nao
5131,LAQUÊ,MATÉRIA_SUBSTÂNCIA,0,nao
5132,ABARROTADO,NENHUM,0,nao
5133,ABASTADO,NENHUM,0,nao
5134,ABATIMENTO,NENHUM,0,nao
5135,ABISMAR,NENHUM,0,nao
5136,ABOCANHAR,NENHUM,0,nao
5137,ABONAR,NENHUM,0,nao
5138,ABONO,NENHUM,0,nao
5139,ACALENTAR,NENHUM,0,nao
5140,ACANHADO,NENHUM,0,nao
5141,ACAUTELAR,NENHUM,0,nao
5142,ACERCAR,NENHUM,0,nao
5143,ACLIVE,NENHUM,0,nao
5144,ACORRENTAR,NENHUM,0,nao
5145,ACUADO,NENHUM,0,nao
5146,ACUAR,NENHUM,0,nao
5147,ADERNAR,NENHUM,0,nao
5148,ADOIDAR,NENHUM,0,nao
5149,ADULAR,NENHUM,0,nao
5150,ADVENTISTA,NENHUM,0,nao
5151,AFAMADO,NENHUM,0,nao
5152,AFERIR1,NENHUM,0,nao
5153,AFERIR2,NENHUM,0,nao
5154,AFIVELAR,NENHUM,0,nao
5155,AFIXAR1,NENHUM,0,nao
5156,AFOCINHAR,NENHUM,0,nao
5157,AGASALHAR,NENHUM,0,nao
5158,AJUNTAR,NENHUM,0,nao
5159,ALASTRAR,NENHUM,0,nao
5160,ALEIJAR,NENHUM,0,nao
5161,ALMEJAR,NENHUM,0,nao
5162,AMANSAR,NENHUM,0,nao
5163,AMONTOAR,NENHUM,0,nao
5164,ANGUSTIAR,NENHUM,0,nao
5165,ANTAGÔNICO,NENHUM,0,nao
5166,ANTECEDER,NENHUM,0,nao
5167,APAGADOR,NENHUM,0,nao
5168,APARAFUSAR,NENHUM,0,nao
5169,APELIDAR1,NENHUM,0,nao
5170,APELIDAR2,NENHUM,0,nao
5171,ARBITRAR,NENHUM,0,nao
5172,ARQUEJAR,NENHUM,0,nao
5173,ARREMATAR,NENHUM,0,nao
5174,ARROLAR,NENHUM,0,nao
5175,ASPA,NENHUM,0,nao
5176,ASPEREZA,NENHUM,0,nao
5177,ATARRAXAR,NENHUM,0,nao
5178,ATÔNITO,NENHUM,0,nao
5179,AÇOITAR,NENHUM,0,nao
5180,AÇOITE,NENHUM,0,nao
5181,BADALADA,NENHUM,0,nao
5182,BALBUCIAR1,NENHUM,0,nao
5183,BALBUCIAR2,NENHUM,0,nao
5184,BATUCAR,NENHUM,0,nao
5185,BENZER,NENHUM,0,nao
5186,BICAR,NENHUM,0,nao
5187,BILINGÜISMO,NENHUM,0,nao
5188,BLASFEMAR,NENHUM,0,nao
5189,BOLIVIANO,NENHUM,0,nao
5190,BOQUIABERTO,NENHUM,0,nao
5191,BORBULHAR,NENHUM,0,nao
5192,BRADAR,NENHUM,0,nao
5193,BROCHURA,NENHUM,0,nao
5194,BUFAR,NENHUM,0,nao
5195,CACAREJAR,NENHUM,0,nao
5196,CAMBALEAR,NENHUM,0,nao
5197,CAPENGAR,NENHUM,0,nao
5198,CAPOTAR,NENHUM,0,nao
5199,CAPRICHAR,NENHUM,0,nao
5200,CEIFAR,NENHUM,0,nao
5201,CIRCUNCIDAR,NENHUM,0,nao
5202,CISCAR,NENHUM,0,nao
5203,COAGIR,NENHUM,0,nao
5204,COAR,NENHUM,0,nao
5205,COBIÇAR,NENHUM,0,nao
5206,COCAR,NENHUM,0,nao
5207,COCHICHAR,NENHUM,0,nao
5208,COMODISMO,NENHUM,0,nao
5209,COMPADECER,NENHUM,0,nao
5210,COMUNGAR,NENHUM,0,nao
5211,CONFERENCIAR,NENHUM,0,nao
5212,CORCOVADO,NENHUM,0,nao
5213,COXEAR,NENHUM,0,nao
5214,DATAR,NENHUM,0,nao
5215,DEBITAR,NENHUM,0,nao
5216,DEBOCHAR,NENHUM,0,nao
5217,DEBRUÇAR,NENHUM,0,nao
5218,DECAIR,NENHUM,0,nao
5219,DECEPAR,NENHUM,0,nao
5220,DECLARAÇAO2,NENHUM,0,nao
5221,DECRETAR,NENHUM,0,nao
5222,DECURSO,NENHUM,0,nao
5223,DECÁLOGO,NENHUM,0,nao
5224,DEDILHAR,NENHUM,0,nao
5225,DEFORMAR,NENHUM,0,nao
5226,DEGLUTIR,NENHUM,0,nao
5227,DEGOLAR,NENHUM,0,nao
5228,DEGUSTAR,NENHUM,0,nao
5229,DENGOSO,NENHUM,0,nao
5230,DENODAR,NENHUM,0,nao
5231,DENOMINAR,NENHUM,0,nao
5232,DEPENAR,NENHUM,0,nao
5233,DERRAPAR,NENHUM,0,nao
5234,DESCAMAR,NENHUM,0,nao
5235,DESDENHAR,NENHUM,0,nao
5236,DESENCONTRAR,NENHUM,0,nao
5237,DESENTUPIR,NENHUM,0,nao
5238,DESFALECER,NENHUM,0,nao
5239,DESFIAR,NENHUM,0,nao
5240,DESINIBIDO,NENHUM,0,nao
5241,DESQUITAR,NENHUM,0,nao
5242,DESVALORIZAR,NENHUM,0,nao
5243,DIDÁTICA,NENHUM,0,nao
5244,DISTENDER,NENHUM,0,nao
5245,DIVERSO,NENHUM,0,nao
5246,DUREX,NENHUM,0,nao
5247,EDIFICAR,NENHUM,0,nao
5248,EMBAÇAR,NENHUM,0,nao
5249,EMOLDURAR,NENHUM,0,nao
5250,ENCABULAR,NENHUM,0,nao
5251,ENCARCERAR,NENHUM,0,nao
5252,ENCARDIDO,NENHUM,0,nao
5253,ENCRESPAR,NENHUM,0,nao
5254,ENFERRUJAR,NENHUM,0,nao
5255,ENGARRAFAR,NENHUM,0,nao
5256,ENROSCAR,NENHUM,0,nao
5257,ENSURDECER,NENHUM,0,nao
5258,ENTORNAR,NENHUM,0,nao
5259,ENTRISTECER,NENHUM,0,nao
5260,ENVIUVAR,NENHUM,0,nao
5261,EQUATORIANO,NENHUM,0,nao
5262,ESBOFETEAR,NENHUM,0,nao
5263,ESCOCES,NENHUM,0,nao
5264,ESPARRAMAR,NENHUM,0,nao
5265,ESPIRITA,NENHUM,0,nao
5266,ESPIRITISMO,NENHUM,0,nao
5267,ESPUMAR,NENHUM,0,nao
5268,ESTAMPAR,NENHUM,0,nao
5269,ESTILHAÇAR,NENHUM,0,nao
5270,ETIQUETAR,NENHUM,0,nao
5271,EVANGELIZAR,NENHUM,0,nao
5272,EVANGÉLICO,NENHUM,0,nao
5273,EXORTAR,NENHUM,0,nao
5274,EXPLANAR,NENHUM,0,nao
5275,EXTRAVIAR,NENHUM,0,nao
5276,FELAÇÃO,NENHUM,0,nao
5277,FERROADA,NENHUM,0,nao
5278,FERVILHAR,NENHUM,0,nao
5279,FILIAR,NENHUM,0,nao
5280,FINDAR,NENHUM,0,nao
5281,FINLANDES,NENHUM,0,nao
5282,FISCALIZAR,NENHUM,0,nao
5283,FLAGRAR2,NENHUM,0,nao
5284,FOGOSO,NENHUM,0,nao
5285,FORMIGAR,NENHUM,0,nao
5286,FRATURAR,NENHUM,0,nao
5287,FRETAR,NENHUM,0,nao
5288,FUNGAR,NENHUM,0,nao
5289,GARGALHAR1,NENHUM,0,nao
5290,GARGALHAR2,NENHUM,0,nao
5291,GAÚCHO,NENHUM,0,nao
5292,GERMINAR,NENHUM,0,nao
5293,GESTUNO,NENHUM,0,nao
5294,GINGAR,NENHUM,0,nao
5295,GOTEJAR,NENHUM,0,nao
5296,GRADEAR,NENHUM,0,nao
5297,GRIFAR,NENHUM,0,nao
5298,GRILHÃO,NENHUM,0,nao
5299,HARMONIZAR,NENHUM,0,nao
5300,HIDROCOR,NENHUM,0,nao
5301,HOLANDES,NENHUM,0,nao
5302,HÓSTIA,NENHUM,0,nao
5303,IMERGIR,NENHUM,0,nao
5304,IMPRENSAR,NENHUM,0,nao
5305,INCULTO,NENHUM,0,nao
5306,INODORO,NENHUM,0,nao
5307,ISENTAR,NENHUM,0,nao
5308,JAZIGO,NENHUM,0,nao
5309,JOCOSO,NENHUM,0,nao
5310,LABIA,NENHUM,0,nao
5311,LACRIMEJAR,NENHUM,0,nao
5312,LACTAÇÃO,NENHUM,0,nao
5313,LADRILHO,NENHUM,0,nao
5314,LAMBUZADA,NENHUM,0,nao
5315,LAMBUZAR,NENHUM,0,nao
5316,LAPIDAR,NENHUM,0,nao
5317,LAPISEIRA,NENHUM,0,nao
5318,LAVRAR,NENHUM,0,nao
5319,LEGITIMAR,NENHUM,0,nao
5320,LIMAR,NENHUM,0,nao
5321,LINGÜÍSTICA,NENHUM,0,nao
5322,LISTAGEM,NENHUM,0,nao
5323,LUSTRAR,NENHUM,0,nao
5324,LUTERANO,NENHUM,0,nao
5325,LUXAR,NENHUM,0,nao
5326,LÍVIDO,NENHUM,0,nao
5327,MACUMBA,NENHUM,0,nao
5328,MALFEITOR,NENHUM,0,nao
5329,NAUFRAGAR,NENHUM,0,nao
5330,NEGLICENCIAR,NENHUM,0,nao
5331,NORUEGUES,NENHUM,0,nao
5332,NUBENTE,NENHUM,0,nao
5333,OBTURAR,NENHUM,0,nao
5334,OFEGAR,NENHUM,0,nao
5335,OFICIALIZAÇÃO,NENHUM,0,nao
5336,ONDULAR,NENHUM,0,nao
5337,OPACO,NENHUM,0,nao
5338,ORALISMO,NENHUM,0,nao
5339,OSCILAR,NENHUM,0,nao
5340,OUTORGAR,NENHUM,0,nao
5341,PADRONIZAR,NENHUM,0,nao
5342,PALESTRAR,NENHUM,0,nao
5343,PALPITAR1,NENHUM,0,nao
5344,PALPITAR2,NENHUM,0,nao
5345,PAPAR,NENHUM,0,nao
5346,PARAGUAIO,NENHUM,0,nao
5347,PASTORAL,NENHUM,0,nao
5348,PAULADA,NENHUM,0,nao
5349,PAULISTA,NENHUM,0,nao
5350,PEDAGOGIA,NENHUM,0,nao
5351,PEDAGOGICO,NENHUM,0,nao
5352,PEDAGOGO,NENHUM,0,nao
5353,PENEIRAR,NENHUM,0,nao
5354,PENITÊNCIARIA,NENHUM,0,nao
5355,PENSIONATO,NENHUM,0,nao
5356,PETISCAR,NENHUM,0,nao
5357,PICHAR,NENHUM,0,nao
5358,PILEQUE,NENHUM,0,nao
5359,PLASTIFICAR,NENHUM,0,nao
5360,POLIGLOTA,NENHUM,0,nao
5361,POSTIÇO,NENHUM,0,nao
5362,PRECÁRIO,NENHUM,0,nao
5363,PRORROGAR,NENHUM,0,nao
5364,QUITADO,NENHUM,0,nao
5365,RABISCAR,NENHUM,0,nao
5366,RASURA,NENHUM,0,nao
5367,RECHONCHUDO,NENHUM,0,nao
5368,RECORTAR,NENHUM,0,nao
5369,REMETER,NENHUM,0,nao
5370,RESPONDÃO,NENHUM,0,nao
5371,REVESTIR,NENHUM,0,nao
5372,RODOPIAR,NENHUM,0,nao
5373,RUBORIZAR,NENHUM,0,nao
5374,RUBRICA,NENHUM,0,nao
5375,SABONETEIRA,NENHUM,0,nao
5376,SACI,NENHUM,0,nao
5377,SALPICAR,NENHUM,0,nao
5378,SUBLINHAR,NENHUM,0,nao
5379,SUBTRAIR,NENHUM,0,nao
5380,SUBTRAÇÃO,NENHUM,0,nao
5381,SUMARIAR,NENHUM,0,nao
5382,SUPLETIVO,NENHUM,0,nao
5383,TECLAR,NENHUM,0,nao
5384,TETRACAMPEÃO,NENHUM,0,nao
5385,TIMBRADO,NENHUM,0,nao
5386,TRABALHEIRA,NENHUM,0,nao
5387,TRAGAR1,NENHUM,0,nao
5388,TRAGAR2,NENHUM,0,nao
5389,TRANSCREVER,NENHUM,0,nao
5390,TRAUMATIZAR,NENHUM,0,nao
5391,TREMULAR,NENHUM,0,nao
5392,TREPIDAR,NENHUM,0,nao
5393,TRIMENSAL,NENHUM,0,nao
5394,TROTAR,NENHUM,0,nao
5395,TURVO,NENHUM,0,nao
5396,ULTRAJAR,NENHUM,0,nao
5397,UMBANDA,NENHUM,0,nao
5398,UMEDECER,NENHUM,0,nao
5399,UNTAR,NENHUM,0,nao
5400,VAIAR,NENHUM,0,nao
5401,VAIVÉM,NENHUM,0,nao
5402,VAREJAR,NENHUM,0,nao
5403,VASCOLEJAR,NENHUM,0,nao
5404,VASSOURADA,NENHUM,0,nao
5405,VEDAR1,NENHUM,0,nao
5406,VEDAR2,NENHUM,0,nao
5407,VEDAR3,NENHUM,0,nao
5408,VENERAR,NENHUM,0,nao
5409,VENEZIANA,NENHUM,0,nao
5410,VENTAR,NENHUM,0,nao
5411,VERBETE,NENHUM,0,nao
5412,VERNISSAGE,NENHUM,0,nao
5413,VERTER,NENHUM,0,nao
5414,VERÍDICO,NENHUM,0,nao
5415,VESPERTINO,NENHUM,0,nao
5416,VIDRAÇARIA,NENHUM,0,nao
5417,XEROCAR,NENHUM,0,nao
5418,ZARABATANA,NENHUM,0,nao
5419,ZIGUEZAGUEAR,NENHUM,0,nao
5420,ZUM,NENHUM,0,nao
5421,ALÍQUOTA,NUMERAL_DINHEIRO,0,nao
5422,DÍZIMO,NUMERAL_DINHEIRO,0,nao
5423,PARCELAR,NUMERAL_DINHEIRO,0,nao
5424,PENSIONISTA,NUMERAL_DINHEIRO,0,nao
5425,TABUADA,NUMERAL_DINHEIRO,0,nao
5426,TÍQUETE,NUMERAL_DINHEIRO,0,nao
5427,ANTILHAS,PAÍS_ESTADO_CIDADE,0,nao
5428,ARACAJÚ,PAÍS_ESTADO_CIDADE,0,nao
5429,CURITIBA,PAÍS_ESTADO_CIDADE,0,nao
5430,FLORIANÓPOLIS,PAÍS_ESTADO_CIDADE,0,nao
5431,GOIÁS,PAÍS_ESTADO_CIDADE,0,nao
5432,MACEIÓ,PAÍS_ESTADO_CIDADE,0,nao
5433,MANAUS,PAÍS_ESTADO_CIDADE,0,nao
5434,MARANHÃO,PAÍS_ESTADO_CIDADE,0,nao
5435,PARANÁ,PAÍS_ESTADO_CIDADE,0,nao
5436,PARAÍBA,PAÍS_ESTADO_CIDADE,0,nao
5437,PERNAMBUCO,PAÍS_ESTADO_CIDADE,0,nao
5438,PIAUÍ,PAÍS_ESTADO_CIDADE,0,nao
5439,RONDÔNIA,PAÍS_ESTADO_CIDADE,0,nao
5440,RORAIMA,PAÍS_ESTADO_CIDADE,0,nao
5441,SERGIPE,PAÍS_ESTADO_CIDADE,0,nao
5442,ARVOREDO,PLANTA_FLOR_NATUREZA,0,nao
5443,CERRAÇÃO,PLANTA_FLOR_NATUREZA,0,nao
5444,DECLINAÇÃO,PLANTA_FLOR_NATUREZA,0,nao
5445,RAMALHETE,PLANTA_FLOR_NATUREZA,0,nao
5446,TORÓ,PLANTA_FLOR_NATUREZA,0,nao
5447,VENDAVAL,PLANTA_FLOR_NATUREZA,0,nao
5448,BANDEIRINHA,PROFISSÃO_TRABALHO,0,nao
5449,DIGITADOR,PROFISSÃO_TRABALHO,0,nao
5450,FONOAUDIÓLOGO,PROFISSÃO_TRABALHO,0,nao
5451,GARI,PROFISSÃO_TRABALHO,0,nao
5452,GINECOLOGIA,PROFISSÃO_TRABALHO,0,nao
5453,LAVOURA,PROFISSÃO_TRABALHO,0,nao
5454,MAGISTÉRIO,PROFISSÃO_TRABALHO,0,nao
5455,PARALIZAÇÃO,PROFISSÃO_TRABALHO,0,nao
5456,TROCADOR,PROFISSÃO_TRABALHO,0,nao
5457,INTREPIDEZ,SENTIMENTOS,0,nao
5458,MISERICÓDIA,SENTIMENTOS,0,nao
5459,AEROBARCO1,TRANPORTE_VEÍCULO,0,nao
5460,AEROBARCO2,TRANPORTE_VEÍCULO,0,nao
5461,BALDEAÇÃO,TRANPORTE_VEÍCULO,0,nao
5462,BONDINHO,TRANPORTE_VEÍCULO,0,nao
5463,GUIDOM,TRANPORTE_VEÍCULO,0,nao
5464,MICROÔNIBUS,TRANPORTE_VEÍCULO,0,nao
5465,ZEPELIM,TRANPORTE_VEÍCULO,0,nao
5466,GALOCHA,VESTUÁRIO_COMPLEMENTOS,0,nao
5467,OMBREIRA,VESTUÁRIO_COMPLEMENTOS,0,nao
5468,VENTAROLA,VESTUÁRIO_COMPLEMENTOS,0,nao
